"query","frequency","source","intent","cluster","subcluster","closeness_to_fotolovi","competition_notes","serp_notes","interesting_findings"
"свадебные фото гостей на свадьбе","14","Arsenkin Wordstat Russia left column","problem","PHOTO","Левая; seed: фото гостей на свадьбе","direct","","","real Wordstat expansion from seed: фото гостей на свадьбе"
"фото гостей на свадьбе","1487","Arsenkin Wordstat Russia left column","problem","PHOTO","Левая; seed: фото гостей на свадьбе","direct","ads:0; diverse SERP; Yandex Images present","TOP10 hosts: yandex.ru, ru.pinterest.com, shutterstock.com, ru.freepik.com, wedding-magazine.ru, achernishev.ru, istockphoto.com, the-wedding.ru, ...","real Wordstat expansion from seed: фото гостей на свадьбе | possible low/medium competition opportunity; Pinterest-like / visual intent signal"
"фото гостей на свадьбе 2025","63","Arsenkin Wordstat Russia left column","problem","PHOTO","Левая; seed: фото гостей на свадьбе","direct","","","real Wordstat expansion from seed: фото гостей на свадьбе"
"фото гостей на свадьбе летом","211","Arsenkin Wordstat Russia left column","problem","PHOTO","Левая; seed: фото гостей на свадьбе","direct","","","real Wordstat expansion from seed: фото гостей на свадьбе"
"qr код для фотографий на свадьбе","13","Arsenkin Wordstat Russia left column","commercial","QR","Левая; seed: qr код на свадьбу","direct","","","real Wordstat expansion from seed: qr код на свадьбу"
"как не потерять фото гостей","0","Arsenkin Wordstat seasonality Russia 2025-06..2026-05","problem","PHOTO","seasonality_monthly","direct","","","year_sum=0; peak=2025-06-01:0; low=2025-06-01:0; peak_to_low=n/a"
"как собрать фото гостей","0","Arsenkin Wordstat seasonality Russia 2025-06..2026-05","problem","PRODUCT","seasonality_monthly","direct","ads:0; diverse SERP; UGC/forum present; many aggregators/tools","TOP10 hosts: tamadoba.tech, fotify.app, planning.wedding, tr-page.yandex.ru, vc.ru, the-qrcode-generator.com, prophotos.ru, sendtodrive.com, ...","year_sum=0; peak=2025-06-01:0; low=2025-06-01:0; peak_to_low=n/a | possible low/medium competition opportunity; UGC signal"
"как собрать фото после свадьбы","0","Arsenkin Wordstat seasonality Russia 2025-06..2026-05","problem","PHOTO","seasonality_monthly","direct","","","year_sum=0; peak=2025-06-01:0; low=2025-06-01:0; peak_to_low=n/a"
"общий альбом свадьбы","0","Arsenkin Wordstat seasonality Russia 2025-06..2026-05","problem","PHOTO","seasonality_monthly","direct","ads:0; diverse SERP","TOP10 hosts: multifoto.ru, wildberries.ru, avito.ru, fotify.app, libraryphoto.ru, fsfera.ru, periodica.press, ozon.ru, ...","year_sum=0; peak=2025-06-01:0; low=2025-06-01:0; peak_to_low=n/a | possible low/medium competition opportunity"
"сбор фото гостей","0","Arsenkin Wordstat seasonality Russia 2025-06..2026-05","commercial","PRODUCT","seasonality_monthly","direct","ads:0; diverse SERP; Yandex Images present; many aggregators/tools","TOP10 hosts: yandex.ru, tamadoba.tech, ru.freepik.com, fotify.app, shutterstock.com, ru.pinterest.com, the-qrcode-generator.com, planning.wedding, ...","year_sum=0; peak=2025-06-01:0; low=2025-06-01:0; peak_to_low=n/a | possible low/medium competition opportunity; Pinterest-like / visual intent signal"
"фото гостей на свадьбе","12858","Arsenkin Wordstat seasonality Russia 2025-06..2026-05","problem","PHOTO","seasonality_monthly","direct","ads:0; diverse SERP; Yandex Images present","TOP10 hosts: yandex.ru, ru.pinterest.com, shutterstock.com, ru.freepik.com, wedding-magazine.ru, achernishev.ru, istockphoto.com, the-wedding.ru, ...","year_sum=12858; peak=2025-07-01:2613; low=2025-12-01:298; peak_to_low=8.8 | possible low/medium competition opportunity; Pinterest-like / visual intent signal"
"свадебные фото гостей на свадьбе","","Yandex Suggest direct Russia lr=225","problem","PHOTO","suggest exact; seed: фото гостей на свадьбе","direct","","","real Yandex suggest for request: фото гостей на свадьбе"
"фото гостей на свадьбе","","Yandex Suggest direct Russia lr=225","problem","PHOTO","suggest exact; seed: фото гостей на свадьбе","direct","ads:0; diverse SERP; Yandex Images present","TOP10 hosts: yandex.ru, ru.pinterest.com, shutterstock.com, ru.freepik.com, wedding-magazine.ru, achernishev.ru, istockphoto.com, the-wedding.ru, ...","real Yandex suggest for request: фото гостей на свадьбе | possible low/medium competition opportunity; Pinterest-like / visual intent signal"
"фото гостей на свадьбе 2025","","Yandex Suggest direct Russia lr=225","problem","PHOTO","suggest exact; seed: фото гостей на свадьбе","direct","","","real Yandex suggest for request: фото гостей на свадьбе"
"фото гостей на свадьбе летом","","Yandex Suggest direct Russia lr=225","problem","PHOTO","suggest exact; seed: фото гостей на свадьбе","direct","","","real Yandex suggest for request: фото гостей на свадьбе"
"как собрать фото гостей","","Arsenkin Yandex XML TOP10 Russia","problem","PRODUCT","serp_top10","direct","ads:0; diverse SERP; UGC/forum present; many aggregators/tools | ads:0; diverse SERP; UGC/forum present; many aggregators/tools","TOP10 hosts: tamadoba.tech, fotify.app, planning.wedding, tr-page.yandex.ru, vc.ru, the-qrcode-generator.com, prophotos.ru, sendtodrive.com, ... | TOP10 hosts: tamadoba.tech, fotify.app, planning.wedding, tr-page.yandex.ru, vc.ru, the-qrcode-generator.com, prophotos.ru, sendtodrive.com, ...","possible low/medium competition opportunity; UGC signal | possible low/medium competition opportunity; UGC signal"
"общий альбом свадьбы","","Arsenkin Yandex XML TOP10 Russia","problem","PHOTO","serp_top10","direct","ads:0; diverse SERP | ads:0; diverse SERP","TOP10 hosts: multifoto.ru, wildberries.ru, avito.ru, fotify.app, libraryphoto.ru, fsfera.ru, periodica.press, ozon.ru, ... | TOP10 hosts: multifoto.ru, wildberries.ru, avito.ru, fotify.app, libraryphoto.ru, fsfera.ru, periodica.press, ozon.ru, ...","possible low/medium competition opportunity | possible low/medium competition opportunity"
"сбор фото гостей","","Arsenkin Yandex XML TOP10 Russia","commercial","PRODUCT","serp_top10","direct","ads:0; diverse SERP; Yandex Images present; many aggregators/tools | ads:0; diverse SERP; Yandex Images present; many aggregators/tools","TOP10 hosts: yandex.ru, tamadoba.tech, ru.freepik.com, fotify.app, shutterstock.com, ru.pinterest.com, the-qrcode-generator.com, planning.wedding, ... | TOP10 hosts: yandex.ru, tamadoba.tech, ru.freepik.com, fotify.app, shutterstock.com, ru.pinterest.com, the-qrcode-generator.com, planning.wedding, ...","possible low/medium competition opportunity; Pinterest-like / visual intent signal | possible low/medium competition opportunity; Pinterest-like / visual intent signal"
"фото гостей на свадьбе","","Arsenkin Yandex XML TOP10 Russia","problem","PHOTO","serp_top10","direct","ads:0; diverse SERP; Yandex Images present | ads:0; diverse SERP; Yandex Images present","TOP10 hosts: yandex.ru, ru.pinterest.com, shutterstock.com, ru.freepik.com, wedding-magazine.ru, achernishev.ru, istockphoto.com, the-wedding.ru, ... | TOP10 hosts: yandex.ru, ru.pinterest.com, shutterstock.com, ru.freepik.com, wedding-magazine.ru, achernishev.ru, istockphoto.com, the-wedding.ru, ...","possible low/medium competition opportunity; Pinterest-like / visual intent signal | possible low/medium competition opportunity; Pinterest-like / visual intent signal"
"4 свадьбы молодежная классика современная классика","11","Arsenkin Wordstat Russia left column","wedding","WEDDING","Левая; seed: современные свадьбы","near","","","real Wordstat expansion from seed: современные свадьбы"
"4 свадьбы современная казахская свадьба","16","Arsenkin Wordstat Russia left column","wedding","WEDDING","Левая; seed: современные свадьбы","near","","","real Wordstat expansion from seed: современные свадьбы"
"4 свадьбы современная классика","25","Arsenkin Wordstat Russia left column","wedding","WEDDING","Левая; seed: современные свадьбы","near","","","real Wordstat expansion from seed: современные свадьбы"
"4 свадьбы творческая и современная","12","Arsenkin Wordstat Russia left column","wedding","WEDDING","Левая; seed: современные свадьбы","near","","","real Wordstat expansion from seed: современные свадьбы"
"анекдот про свадьбу лучший современный","6","Arsenkin Wordstat Russia left column","wedding","WEDDING","Левая; seed: современные свадьбы","near","","","real Wordstat expansion from seed: современные свадьбы"
"аренда экрана на свадьбу","21","Arsenkin Wordstat Russia left column","commercial","WEDDING","Левая; seed: экран на свадьбу","near","","","real Wordstat expansion from seed: экран на свадьбу"
"армянская свадьба традиции и обычаи современные","10","Arsenkin Wordstat Russia left column","wedding","WEDDING","Левая; seed: современные свадьбы","near","","","real Wordstat expansion from seed: современные свадьбы"
"армянская свадьба традиции современная","20","Arsenkin Wordstat Russia left column","wedding","WEDDING","Левая; seed: современные свадьбы","near","","","real Wordstat expansion from seed: современные свадьбы"
"ах эта свадьба пела современная","113","Arsenkin Wordstat Russia left column","wedding","WEDDING","Левая; seed: современные свадьбы","near","","","real Wordstat expansion from seed: современные свадьбы"
"ах эта свадьба пела современной обработке","89","Arsenkin Wordstat Russia left column","wedding","WEDDING","Левая; seed: современные свадьбы","near","","","real Wordstat expansion from seed: современные свадьбы"
"ах эта свадьба песня скачать современная","75","Arsenkin Wordstat Russia left column","wedding","WEDDING","Левая; seed: современные свадьбы","near","","","real Wordstat expansion from seed: современные свадьбы"
"ах эта свадьба свадьба современная","147","Arsenkin Wordstat Russia left column","wedding","WEDDING","Левая; seed: современные свадьбы","near","","","real Wordstat expansion from seed: современные свадьбы"
"ах эта свадьба современная обработка","93","Arsenkin Wordstat Russia left column","wedding","WEDDING","Левая; seed: современные свадьбы","near","","","real Wordstat expansion from seed: современные свадьбы"
"ах это свадьба песня современная","102","Arsenkin Wordstat Russia left column","wedding","WEDDING","Левая; seed: современные свадьбы","near","","","real Wordstat expansion from seed: современные свадьбы"
"букет на свадьбу от гостей фото","32","Arsenkin Wordstat Russia left column","wedding","WEDDING","Левая; seed: фото гостей на свадьбе","near","","","real Wordstat expansion from seed: фото гостей на свадьбе"
"ведущий свадьба современный","743","Arsenkin Wordstat Russia left column","wedding","WEDDING","Левая; seed: современные свадьбы","near","","","real Wordstat expansion from seed: современные свадьбы"
"веселая песня про свадьбу современные","62","Arsenkin Wordstat Russia left column","wedding","WEDDING","Левая; seed: современные свадьбы","near","","","real Wordstat expansion from seed: современные свадьбы"
"веселые песни для свадьбы танцевальные современные подборка","25","Arsenkin Wordstat Russia left column","wedding","WEDDING","Левая; seed: современные свадьбы","near","","","real Wordstat expansion from seed: современные свадьбы"
"веселые песни на свадьбу современные для танцев","52","Arsenkin Wordstat Russia left column","wedding","WEDDING","Левая; seed: современные свадьбы","near","","","real Wordstat expansion from seed: современные свадьбы"
"веселые поздравления на свадьбу современные","6","Arsenkin Wordstat Russia left column","wedding","WEDDING","Левая; seed: современные свадьбы","near","","","real Wordstat expansion from seed: современные свадьбы"
"выкуп на свадьбе сценарий современный прикольный","163","Arsenkin Wordstat Russia left column","commercial","WEDDING","Левая; seed: современные свадьбы","near","","","real Wordstat expansion from seed: современные свадьбы"
"выкуп на свадьбу современный прикольный","163","Arsenkin Wordstat Russia left column","wedding","WEDDING","Левая; seed: современные свадьбы","near","","","real Wordstat expansion from seed: современные свадьбы"
"выкуп невесты современной свадьбы","494","Arsenkin Wordstat Russia left column","wedding","WEDDING","Левая; seed: современные свадьбы","near","","","real Wordstat expansion from seed: современные свадьбы"
"выкуп свадьба современный невесты сценарий","430","Arsenkin Wordstat Russia left column","commercial","WEDDING","Левая; seed: современные свадьбы","near","","","real Wordstat expansion from seed: современные свадьбы"
"выкуп свадьба сценарий смешной современный","361","Arsenkin Wordstat Russia left column","commercial","WEDDING","Левая; seed: современные свадьбы","near","","","real Wordstat expansion from seed: современные свадьбы"
"выкуп современной свадьбы","617","Arsenkin Wordstat Russia left column","wedding","WEDDING","Левая; seed: современные свадьбы","near","","","real Wordstat expansion from seed: современные свадьбы"
"выкуп сценарий на свадьбу современные","503","Arsenkin Wordstat Russia left column","commercial","WEDDING","Левая; seed: современные свадьбы","near","","","real Wordstat expansion from seed: современные свадьбы"
"выход молодых на свадьбе музыка современная","11","Arsenkin Wordstat Russia left column","wedding","WEDDING","Левая; seed: современные свадьбы","near","","","real Wordstat expansion from seed: современные свадьбы"
"выход невесты на свадьбе музыка современная","6","Arsenkin Wordstat Russia left column","wedding","WEDDING","Левая; seed: современные свадьбы","near","","","real Wordstat expansion from seed: современные свадьбы"
"годовщина свадьбы современные картинки","22","Arsenkin Wordstat Russia left column","wedding","WEDDING","Левая; seed: современные свадьбы","near","","","real Wordstat expansion from seed: современные свадьбы"
"гости на свадьбе фото вк 2025","5","Arsenkin Wordstat Russia left column","wedding","WEDDING","Левая; seed: фото гостей на свадьбе","near","","","real Wordstat expansion from seed: фото гостей на свадьбе"
"гости на свадьбе фото вк 2026","6","Arsenkin Wordstat Russia left column","wedding","WEDDING","Левая; seed: фото гостей на свадьбе","near","","","real Wordstat expansion from seed: фото гостей на свадьбе"
"гость на свадьбу фото мужчин","113","Arsenkin Wordstat Russia left column","wedding","WEDDING","Левая; seed: фото гостей на свадьбе","near","","","real Wordstat expansion from seed: фото гостей на свадьбе"
"готовый современный сценарий полной свадьбы","203","Arsenkin Wordstat Russia left column","commercial","WEDDING","Левая; seed: современные свадьбы","near","","","real Wordstat expansion from seed: современные свадьбы"
"жених одежда на свадьбу современная","5","Arsenkin Wordstat Russia left column","wedding","WEDDING","Левая; seed: современные свадьбы","near","","","real Wordstat expansion from seed: современные свадьбы"
"заставка на свадьбу на экран с именами","22","Arsenkin Wordstat Russia left column","wedding","WEDDING","Левая; seed: экран на свадьбу","near","","","real Wordstat expansion from seed: экран на свадьбу"
"заставка на экран на свадьбу","185","Arsenkin Wordstat Russia left column","wedding","WEDDING","Левая; seed: экран на свадьбу","near","","","real Wordstat expansion from seed: экран на свадьбу"
"игры на экране для свадьбы","22","Arsenkin Wordstat Russia left column","wedding","WEDDING","Левая; seed: экран на свадьбу","near","","","real Wordstat expansion from seed: экран на свадьбу"
"идеи выкупа невесты на свадьбу современные","18","Arsenkin Wordstat Russia left column","wedding","WEDDING","Левая; seed: современные свадьбы","near","","","real Wordstat expansion from seed: современные свадьбы"
"идеи интерактивов на свадьбу","39","Arsenkin Wordstat Russia left column","wedding","WEDDING","Левая; seed: интерактивы на свадьбу","near","","","real Wordstat expansion from seed: интерактивы на свадьбу"
"интерактив подарок на свадьбу от подруги","6","Arsenkin Wordstat Russia left column","wedding","WEDDING","Левая; seed: интерактивы на свадьбу","near","","","real Wordstat expansion from seed: интерактивы на свадьбу"
"интерактивы на велком на свадьбу","28","Arsenkin Wordstat Russia left column","wedding","WEDDING","Левая; seed: интерактивы на свадьбу","near","","","real Wordstat expansion from seed: интерактивы на свадьбу"
"интерактивы на свадьбу","738","Arsenkin Wordstat Russia left column","wedding","WEDDING","Левая; seed: интерактивы на свадьбу","near","ads:0; diverse SERP","TOP10 hosts: weddywood.ru, wedding-magazine.ru, kp.ru, wedwed.ru, ru.pinterest.com, svadebka.ws, ahaslides.com, 1portal.ru, ...","real Wordstat expansion from seed: интерактивы на свадьбу | possible low/medium competition opportunity; Pinterest-like / visual intent signal"
"интерактивы на свадьбу 2026","22","Arsenkin Wordstat Russia left column","wedding","WEDDING","Левая; seed: интерактивы на свадьбу","near","","","real Wordstat expansion from seed: интерактивы на свадьбу"
"интерактивы на свадьбу без ведущего","10","Arsenkin Wordstat Russia left column","wedding","WEDDING","Левая; seed: интерактивы на свадьбу","near","","","real Wordstat expansion from seed: интерактивы на свадьбу"
"интерактивы на свадьбу с гостями","52","Arsenkin Wordstat Russia left column","wedding","WEDDING","Левая; seed: интерактивы на свадьбу","near","","","real Wordstat expansion from seed: интерактивы на свадьбу"
"интерактивы на свадьбу современные","27","Arsenkin Wordstat Russia left column","wedding","WEDDING","Левая; seed: интерактивы на свадьбу","near","","","real Wordstat expansion from seed: интерактивы на свадьбу"
"интересные интерактивы на свадьбу","24","Arsenkin Wordstat Russia left column","wedding","WEDDING","Левая; seed: интерактивы на свадьбу","near","","","real Wordstat expansion from seed: интерактивы на свадьбу"
"как одеваются на свадьбу гости фото","100","Arsenkin Wordstat Russia left column","wedding","WEDDING","Левая; seed: фото гостей на свадьбе","near","","","real Wordstat expansion from seed: фото гостей на свадьбе"
"как провести современную свадьбу","29","Arsenkin Wordstat Russia left column","wedding","WEDDING","Левая; seed: современные свадьбы","near","","","real Wordstat expansion from seed: современные свадьбы"
"как проводятся современные свадьбы","4","Arsenkin Wordstat Russia left column","wedding","WEDDING","Левая; seed: современные свадьбы","near","","","real Wordstat expansion from seed: современные свадьбы"
"как проходит современная свадьба","101","Arsenkin Wordstat Russia left column","wedding","WEDDING","Левая; seed: современные свадьбы","near","","","real Wordstat expansion from seed: современные свадьбы"
"как проходит современная свадьба в россии","36","Arsenkin Wordstat Russia left column","wedding","WEDDING","Левая; seed: современные свадьбы","near","","","real Wordstat expansion from seed: современные свадьбы"
"как сделать интересную свадьбу","23","Arsenkin Wordstat Russia left column","wedding","WEDDING","Левая; seed: как сделать свадьбу интереснее","near","","","real Wordstat expansion from seed: как сделать свадьбу интереснее"
"какие интерактивы можно провести на свадьбе","8","Arsenkin Wordstat Russia left column","wedding","WEDDING","Левая; seed: интерактивы на свадьбу","near","","","real Wordstat expansion from seed: интерактивы на свадьбу"
"какие современные свадьбы","261","Arsenkin Wordstat Russia left column","wedding","WEDDING","Левая; seed: современные свадьбы","near","","","real Wordstat expansion from seed: современные свадьбы"
"картинка с днем свадьбы современная","16","Arsenkin Wordstat Russia left column","wedding","WEDDING","Левая; seed: современные свадьбы","near","","","real Wordstat expansion from seed: современные свадьбы"
"кого пригласить на свадьбу для развлечения гостей","32","Arsenkin Wordstat Russia left column","wedding","WEDDING","Левая; seed: развлечения для гостей на свадьбе","near","","","real Wordstat expansion from seed: развлечения для гостей на свадьбе"
"кокошник на свадьбу современный","7","Arsenkin Wordstat Russia left column","wedding","WEDDING","Левая; seed: современные свадьбы","near","","","real Wordstat expansion from seed: современные свадьбы"
"красивая современная свадьба","120","Arsenkin Wordstat Russia left column","wedding","WEDDING","Левая; seed: современные свадьбы","near","","","real Wordstat expansion from seed: современные свадьбы"
"красивое современное поздравление с днем свадьбы","24","Arsenkin Wordstat Russia left column","wedding","WEDDING","Левая; seed: современные свадьбы","near","","","real Wordstat expansion from seed: современные свадьбы"
"купить интерактивы для ведущих","10","Arsenkin Wordstat Russia left column","commercial","HOST","Левая; seed: интерактивы для ведущего","near","","","real Wordstat expansion from seed: интерактивы для ведущего"
"мама невесты на свадьбе платье фото современное","15","Arsenkin Wordstat Russia left column","wedding","WEDDING","Левая; seed: современные свадьбы","near","","","real Wordstat expansion from seed: современные свадьбы"
"музыка для встречи молодых на свадьбе современные","12","Arsenkin Wordstat Russia left column","wedding","WEDDING","Левая; seed: современные свадьбы","near","","","real Wordstat expansion from seed: современные свадьбы"
"музыка для свадьбы веселая танцевальная сборник современная","4","Arsenkin Wordstat Russia left column","wedding","WEDDING","Левая; seed: современные свадьбы","near","","","real Wordstat expansion from seed: современные свадьбы"
"музыка на свадьбу танцевальная современная","12","Arsenkin Wordstat Russia left column","wedding","WEDDING","Левая; seed: современные свадьбы","near","","","real Wordstat expansion from seed: современные свадьбы"
"наряды гостей на свадьбе фото","97","Arsenkin Wordstat Russia left column","wedding","WEDDING","Левая; seed: фото гостей на свадьбе","near","","","real Wordstat expansion from seed: фото гостей на свадьбе"
"обычаи свадеб у чеченцев современные","7","Arsenkin Wordstat Russia left column","wedding","WEDDING","Левая; seed: современные свадьбы","near","","","real Wordstat expansion from seed: современные свадьбы"
"онлайн сервис для покупки билетов на мероприятия","21","Arsenkin Wordstat Russia left column","commercial","EVENT","Левая; seed: сервисы для мероприятий","near","","","real Wordstat expansion from seed: сервисы для мероприятий"
"оригинальные современные поздравления детей на свадьбе","6","Arsenkin Wordstat Russia left column","wedding","WEDDING","Левая; seed: современные свадьбы","near","","","real Wordstat expansion from seed: современные свадьбы"
"отбивки на свадьбу быстрые современные","9","Arsenkin Wordstat Russia left column","wedding","WEDDING","Левая; seed: современные свадьбы","near","","","real Wordstat expansion from seed: современные свадьбы"
"открытка с годовщиной свадьбы современные","22","Arsenkin Wordstat Russia left column","wedding","WEDDING","Левая; seed: современные свадьбы","near","","","real Wordstat expansion from seed: современные свадьбы"
"открытка с днем свадьбы современные","49","Arsenkin Wordstat Russia left column","wedding","WEDDING","Левая; seed: современные свадьбы","near","","","real Wordstat expansion from seed: современные свадьбы"
"переделанная песня на свадьбу от друзей современные","24","Arsenkin Wordstat Russia left column","wedding","WEDDING","Левая; seed: современные свадьбы","near","","","real Wordstat expansion from seed: современные свадьбы"
"переделанные песни на свадьбу современные","149","Arsenkin Wordstat Russia left column","wedding","WEDDING","Левая; seed: современные свадьбы","near","","","real Wordstat expansion from seed: современные свадьбы"
"переделанные современные свадьбу","151","Arsenkin Wordstat Russia left column","wedding","WEDDING","Левая; seed: современные свадьбы","near","","","real Wordstat expansion from seed: современные свадьбы"
"переделка песни на свадьбу современные","331","Arsenkin Wordstat Russia left column","wedding","WEDDING","Левая; seed: современные свадьбы","near","","","real Wordstat expansion from seed: современные свадьбы"
"переделки на свадьбу современные","331","Arsenkin Wordstat Russia left column","wedding","WEDDING","Левая; seed: современные свадьбы","near","","","real Wordstat expansion from seed: современные свадьбы"
"песни для вальса на свадьбу современные","8","Arsenkin Wordstat Russia left column","wedding","WEDDING","Левая; seed: современные свадьбы","near","","","real Wordstat expansion from seed: современные свадьбы"
"песни для годовщины свадьбы современные","10","Arsenkin Wordstat Russia left column","wedding","WEDDING","Левая; seed: современные свадьбы","near","","","real Wordstat expansion from seed: современные свадьбы"
"песни для свадьбы современные","492","Arsenkin Wordstat Russia left column","wedding","WEDDING","Левая; seed: современные свадьбы","near","","","real Wordstat expansion from seed: современные свадьбы"
"песни для свадьбы современные для молодоженов","33","Arsenkin Wordstat Russia left column","wedding","WEDDING","Левая; seed: современные свадьбы","near","","","real Wordstat expansion from seed: современные свадьбы"
"песни на годовщину свадьбы современные веселые","5","Arsenkin Wordstat Russia left column","wedding","WEDDING","Левая; seed: современные свадьбы","near","","","real Wordstat expansion from seed: современные свадьбы"
"песни на свадьбу детям современные","13","Arsenkin Wordstat Russia left column","wedding","WEDDING","Левая; seed: современные свадьбы","near","","","real Wordstat expansion from seed: современные свадьбы"
"песни на свадьбу современные от родителей","214","Arsenkin Wordstat Russia left column","wedding","WEDDING","Левая; seed: современные свадьбы","near","","","real Wordstat expansion from seed: современные свадьбы"
"песни на свадьбу современные слушать","40","Arsenkin Wordstat Russia left column","wedding","WEDDING","Левая; seed: современные свадьбы","near","","","real Wordstat expansion from seed: современные свадьбы"
"песни на свадьбу современные слушать бесплатно","26","Arsenkin Wordstat Russia left column","wedding","WEDDING","Левая; seed: современные свадьбы","near","","","real Wordstat expansion from seed: современные свадьбы"
"песни на свадьбу танцевальные зажигательные современные","53","Arsenkin Wordstat Russia left column","wedding","WEDDING","Левая; seed: современные свадьбы","near","","","real Wordstat expansion from seed: современные свадьбы"
"песни на свадьбу танцевальные зажигательные современные русские","24","Arsenkin Wordstat Russia left column","wedding","WEDDING","Левая; seed: современные свадьбы","near","","","real Wordstat expansion from seed: современные свадьбы"
"песни на свадьбу тексты современные","54","Arsenkin Wordstat Russia left column","wedding","WEDDING","Левая; seed: современные свадьбы","near","","","real Wordstat expansion from seed: современные свадьбы"
"песни о любви на свадьбу современные русские","6","Arsenkin Wordstat Russia left column","wedding","WEDDING","Левая; seed: современные свадьбы","near","","","real Wordstat expansion from seed: современные свадьбы"
"песни о невесте и свадьбе современные","7","Arsenkin Wordstat Russia left column","wedding","WEDDING","Левая; seed: современные свадьбы","near","","","real Wordstat expansion from seed: современные свадьбы"
"песни от родственников на свадьбу современные","22","Arsenkin Wordstat Russia left column","wedding","WEDDING","Левая; seed: современные свадьбы","near","","","real Wordstat expansion from seed: современные свадьбы"
"песни переделки на свадьбу от родителей современные","126","Arsenkin Wordstat Russia left column","wedding","WEDDING","Левая; seed: современные свадьбы","near","","","real Wordstat expansion from seed: современные свадьбы"
"песни поздравления на свадьбу современные переделки","25","Arsenkin Wordstat Russia left column","wedding","WEDDING","Левая; seed: современные свадьбы","near","","","real Wordstat expansion from seed: современные свадьбы"
"песни про любовь на свадьбу современные","44","Arsenkin Wordstat Russia left column","wedding","WEDDING","Левая; seed: современные свадьбы","near","","","real Wordstat expansion from seed: современные свадьбы"
"песни про невесту и свадьбу современные","59","Arsenkin Wordstat Russia left column","wedding","WEDDING","Левая; seed: современные свадьбы","near","","","real Wordstat expansion from seed: современные свадьбы"
"песни про свадьбу современные","403","Arsenkin Wordstat Russia left column","wedding","WEDDING","Левая; seed: современные свадьбы","near","","","real Wordstat expansion from seed: современные свадьбы"
"песни про свадьбу современные веселые слушать","9","Arsenkin Wordstat Russia left column","wedding","WEDDING","Левая; seed: современные свадьбы","near","","","real Wordstat expansion from seed: современные свадьбы"
"песни про свадьбу список современные","19","Arsenkin Wordstat Russia left column","wedding","WEDDING","Левая; seed: современные свадьбы","near","","","real Wordstat expansion from seed: современные свадьбы"
"песни свадьбы современные веселые танцевальные","71","Arsenkin Wordstat Russia left column","wedding","WEDDING","Левая; seed: современные свадьбы","near","","","real Wordstat expansion from seed: современные свадьбы"
"песни современные на свадьбу для гостей","63","Arsenkin Wordstat Russia left column","wedding","WEDDING","Левая; seed: современные свадьбы","near","","","real Wordstat expansion from seed: современные свадьбы"
"песня на свадьбу для молодых переделанная современная","64","Arsenkin Wordstat Russia left column","wedding","WEDDING","Левая; seed: современные свадьбы","near","","","real Wordstat expansion from seed: современные свадьбы"
"песня на свадьбу молодым современная","157","Arsenkin Wordstat Russia left column","wedding","WEDDING","Левая; seed: современные свадьбы","near","","","real Wordstat expansion from seed: современные свадьбы"
"песня о свадьбе веселая современная","22","Arsenkin Wordstat Russia left column","wedding","WEDDING","Левая; seed: современные свадьбы","near","","","real Wordstat expansion from seed: современные свадьбы"
"песня от родителей на свадьбу молодым современная","61","Arsenkin Wordstat Russia left column","wedding","WEDDING","Левая; seed: современные свадьбы","near","","","real Wordstat expansion from seed: современные свадьбы"
"песня переделка на свадьбу от друзей современные","44","Arsenkin Wordstat Russia left column","wedding","WEDDING","Левая; seed: современные свадьбы","near","","","real Wordstat expansion from seed: современные свадьбы"
"песня поздравление на свадьбу молодым современная","42","Arsenkin Wordstat Russia left column","wedding","WEDDING","Левая; seed: современные свадьбы","near","","","real Wordstat expansion from seed: современные свадьбы"
"песня свадьба в современной обработке","80","Arsenkin Wordstat Russia left column","wedding","WEDDING","Левая; seed: современные свадьбы","near","","","real Wordstat expansion from seed: современные свадьбы"
"песня свадьба современные исполнители","10","Arsenkin Wordstat Russia left column","wedding","WEDDING","Левая; seed: современные свадьбы","near","","","real Wordstat expansion from seed: современные свадьбы"
"платья гостей на свадьбу фото","122","Arsenkin Wordstat Russia left column","wedding","WEDDING","Левая; seed: фото гостей на свадьбе","near","","","real Wordstat expansion from seed: фото гостей на свадьбе"
"плейлист на свадьбу танцевальная современная","26","Arsenkin Wordstat Russia left column","wedding","WEDDING","Левая; seed: современные свадьбы","near","","","real Wordstat expansion from seed: современные свадьбы"
"под это хочется интерактив на свадьбе","5","Arsenkin Wordstat Russia left column","wedding","WEDDING","Левая; seed: интерактивы на свадьбу","near","","","real Wordstat expansion from seed: интерактивы на свадьбу"
"поздравление на свадьбу молодым современная","67","Arsenkin Wordstat Russia left column","wedding","WEDDING","Левая; seed: современные свадьбы","near","","","real Wordstat expansion from seed: современные свадьбы"
"поздравление на свадьбу прикольные современные","33","Arsenkin Wordstat Russia left column","wedding","WEDDING","Левая; seed: современные свадьбы","near","","","real Wordstat expansion from seed: современные свадьбы"
"поздравление на свадьбу прикольные современные видео","5","Arsenkin Wordstat Russia left column","wedding","WEDDING","Левая; seed: современные свадьбы","near","","","real Wordstat expansion from seed: современные свадьбы"
"поздравление с днем свадьбы красивые оригинальные современные","19","Arsenkin Wordstat Russia left column","wedding","WEDDING","Левая; seed: современные свадьбы","near","","","real Wordstat expansion from seed: современные свадьбы"
"поздравления для свадьбы современные молодежные","6","Arsenkin Wordstat Russia left column","wedding","WEDDING","Левая; seed: современные свадьбы","near","","","real Wordstat expansion from seed: современные свадьбы"
"поздравления на свадьбу молодоженам современные","34","Arsenkin Wordstat Russia left column","wedding","WEDDING","Левая; seed: современные свадьбы","near","","","real Wordstat expansion from seed: современные свадьбы"
"прическа гостя на свадьбу фото","235","Arsenkin Wordstat Russia left column","wedding","WEDDING","Левая; seed: фото гостей на свадьбе","near","","","real Wordstat expansion from seed: фото гостей на свадьбе"
"проведение свадьбы современно","17","Arsenkin Wordstat Russia left column","wedding","WEDDING","Левая; seed: современные свадьбы","near","","","real Wordstat expansion from seed: современные свадьбы"
"программа на свадьбу сценарий для тамады современный","26","Arsenkin Wordstat Russia left column","commercial","WEDDING","Левая; seed: современные свадьбы","near","","","real Wordstat expansion from seed: современные свадьбы"
"программа современных свадеб","46","Arsenkin Wordstat Russia left column","wedding","WEDDING","Левая; seed: современные свадьбы","near","","","real Wordstat expansion from seed: современные свадьбы"
"пряники на свадьбу для гостей фото","8","Arsenkin Wordstat Russia left column","wedding","WEDDING","Левая; seed: фото гостей на свадьбе","near","","","real Wordstat expansion from seed: фото гостей на свадьбе"
"развлечения на свадьбе для гостей современные","20","Arsenkin Wordstat Russia left column","wedding","WEDDING","Левая; seed: развлечения для гостей на свадьбе","near","","","real Wordstat expansion from seed: развлечения для гостей на свадьбе"
"развлечения на свадьбе молодоженов и для гостей","5","Arsenkin Wordstat Russia left column","wedding","WEDDING","Левая; seed: развлечения для гостей на свадьбе","near","","","real Wordstat expansion from seed: развлечения для гостей на свадьбе"
"развлечения на свадьбу для гостей","235","Arsenkin Wordstat Russia left column","wedding","WEDDING","Левая; seed: развлечения для гостей на свадьбе","near","","","real Wordstat expansion from seed: развлечения для гостей на свадьбе"
"развлечения на свадьбу для гостей без тамады","23","Arsenkin Wordstat Russia left column","wedding","WEDDING","Левая; seed: развлечения для гостей на свадьбе","near","","","real Wordstat expansion from seed: развлечения для гостей на свадьбе"
"рассказ свадьба современный","5","Arsenkin Wordstat Russia left column","wedding","WEDDING","Левая; seed: современные свадьбы","near","","","real Wordstat expansion from seed: современные свадьбы"
"русская современная свадьба","395","Arsenkin Wordstat Russia left column","wedding","WEDDING","Левая; seed: современные свадьбы","near","","","real Wordstat expansion from seed: современные свадьбы"
"с годовщиной свадьбы открытки прикольные современные","10","Arsenkin Wordstat Russia left column","wedding","WEDDING","Левая; seed: современные свадьбы","near","","","real Wordstat expansion from seed: современные свадьбы"
"с годовщиной свадьбы открытки прикольные современные оригинальные","7","Arsenkin Wordstat Russia left column","wedding","WEDDING","Левая; seed: современные свадьбы","near","","","real Wordstat expansion from seed: современные свадьбы"
"с годовщиной свадьбы современные","52","Arsenkin Wordstat Russia left column","wedding","WEDDING","Левая; seed: современные свадьбы","near","","","real Wordstat expansion from seed: современные свадьбы"
"с днем свадьбы открытки прикольные современные","21","Arsenkin Wordstat Russia left column","wedding","WEDDING","Левая; seed: современные свадьбы","near","","","real Wordstat expansion from seed: современные свадьбы"
"саксофон для welcome зоны свадьбы","26","Arsenkin Wordstat Russia left column","wedding","WEDDING","Левая; seed: welcome зона свадьба","near","","","real Wordstat expansion from seed: welcome зона свадьба"
"самые современные свадьбы","24","Arsenkin Wordstat Russia left column","wedding","WEDDING","Левая; seed: современные свадьбы","near","","","real Wordstat expansion from seed: современные свадьбы"
"свадеб свадебные песни современные","19","Arsenkin Wordstat Russia left column","wedding","WEDDING","Левая; seed: современные свадьбы","near","","","real Wordstat expansion from seed: современные свадьбы"
"свадебные традиции на свадьбе в россии современные","30","Arsenkin Wordstat Russia left column","wedding","WEDDING","Левая; seed: современные свадьбы","near","","","real Wordstat expansion from seed: современные свадьбы"
"свадьба в малиновке современный","23","Arsenkin Wordstat Russia left column","wedding","WEDDING","Левая; seed: современные свадьбы","near","","","real Wordstat expansion from seed: современные свадьбы"
"свадьба в современном мире","53","Arsenkin Wordstat Russia left column","wedding","WEDDING","Левая; seed: современные свадьбы","near","","","real Wordstat expansion from seed: современные свадьбы"
"свадьба в современном русском стиле","173","Arsenkin Wordstat Russia left column","wedding","WEDDING","Левая; seed: современные свадьбы","near","","","real Wordstat expansion from seed: современные свадьбы"
"свадьба в современном стиле","425","Arsenkin Wordstat Russia left column","wedding","WEDDING","Левая; seed: современные свадьбы","near","","","real Wordstat expansion from seed: современные свадьбы"
"свадьба в современном стиле традиции","14","Arsenkin Wordstat Russia left column","wedding","WEDDING","Левая; seed: современные свадьбы","near","","","real Wordstat expansion from seed: современные свадьбы"
"свадьба выкуп невесты сценарий смешной современный","361","Arsenkin Wordstat Russia left column","commercial","WEDDING","Левая; seed: современные свадьбы","near","","","real Wordstat expansion from seed: современные свадьбы"
"свадьба для молодых современная","132","Arsenkin Wordstat Russia left column","wedding","WEDDING","Левая; seed: современные свадьбы","near","","","real Wordstat expansion from seed: современные свадьбы"
"свадьба на современный лад","30","Arsenkin Wordstat Russia left column","wedding","WEDDING","Левая; seed: современные свадьбы","near","","","real Wordstat expansion from seed: современные свадьбы"
"свадьба обычаи и традиции современные","33","Arsenkin Wordstat Russia left column","wedding","WEDDING","Левая; seed: современные свадьбы","near","","","real Wordstat expansion from seed: современные свадьбы"
"свадьба свадьба пела и плясала современная","122","Arsenkin Wordstat Russia left column","wedding","WEDDING","Левая; seed: современные свадьбы","near","","","real Wordstat expansion from seed: современные свадьбы"
"свадьба современная концепция сценарий","12","Arsenkin Wordstat Russia left column","commercial","WEDDING","Левая; seed: современные свадьбы","near","","","real Wordstat expansion from seed: современные свадьбы"
"свадьба современный сценарий тамада","141","Arsenkin Wordstat Russia left column","commercial","WEDDING","Левая; seed: современные свадьбы","near","","","real Wordstat expansion from seed: современные свадьбы"
"свадьбы под современные песни","19","Arsenkin Wordstat Russia left column","wedding","WEDDING","Левая; seed: современные свадьбы","near","","","real Wordstat expansion from seed: современные свадьбы"
"светская свадьба современная правила","5","Arsenkin Wordstat Russia left column","wedding","WEDDING","Левая; seed: современные свадьбы","near","","","real Wordstat expansion from seed: современные свадьбы"
"сервис для проведения мероприятий","144","Arsenkin Wordstat Russia left column","commercial","EVENT","Левая; seed: сервисы для мероприятий","near","","","real Wordstat expansion from seed: сервисы для мероприятий"
"сервис для продажи билетов на мероприятия","33","Arsenkin Wordstat Russia left column","commercial","EVENT","Левая; seed: сервисы для мероприятий","near","","","real Wordstat expansion from seed: сервисы для мероприятий"
"сервис для создания мероприятий","46","Arsenkin Wordstat Russia left column","commercial","EVENT","Левая; seed: сервисы для мероприятий","near","","","real Wordstat expansion from seed: сервисы для мероприятий"
"сервисы для мероприятий","1015","Arsenkin Wordstat Russia left column","commercial","EVENT","Левая; seed: сервисы для мероприятий","near","ads:0; diverse SERP","TOP10 hosts: unisender.com, kontur.ru, timepad.ru, afisha.ru, comdi.com, eventologia.ru, texterra.ru, mts-link.ru, ...","real Wordstat expansion from seed: сервисы для мероприятий | possible low/medium competition opportunity"
"сервисы для онлайн мероприятий","138","Arsenkin Wordstat Russia left column","commercial","EVENT","Левая; seed: сервисы для мероприятий","near","","","real Wordstat expansion from seed: сервисы для мероприятий"
"сервисы для организаторов мероприятий","27","Arsenkin Wordstat Russia left column","commercial","EVENT","Левая; seed: сервисы для мероприятий","near","","","real Wordstat expansion from seed: сервисы для мероприятий"
"сервисы для организации мероприятий","106","Arsenkin Wordstat Russia left column","commercial","EVENT","Левая; seed: сервисы для мероприятий","near","","","real Wordstat expansion from seed: сервисы для мероприятий"
"сервисы для покупки билетов на мероприятия","44","Arsenkin Wordstat Russia left column","commercial","EVENT","Левая; seed: сервисы для мероприятий","near","","","real Wordstat expansion from seed: сервисы для мероприятий"
"сервисы для регистрации на мероприятия","78","Arsenkin Wordstat Russia left column","commercial","EVENT","Левая; seed: сервисы для мероприятий","near","","","real Wordstat expansion from seed: сервисы для мероприятий"
"сервисы для управления мероприятиями","79","Arsenkin Wordstat Russia left column","commercial","EVENT","Левая; seed: сервисы для мероприятий","near","","","real Wordstat expansion from seed: сервисы для мероприятий"
"скачать песни на свадьбу веселые современные","36","Arsenkin Wordstat Russia left column","wedding","WEDDING","Левая; seed: современные свадьбы","near","","","real Wordstat expansion from seed: современные свадьбы"
"скачать песни на свадьбу современные","100","Arsenkin Wordstat Russia left column","wedding","WEDDING","Левая; seed: современные свадьбы","near","","","real Wordstat expansion from seed: современные свадьбы"
"скачать песни на свадьбу современные танцевальные","47","Arsenkin Wordstat Russia left column","wedding","WEDDING","Левая; seed: современные свадьбы","near","","","real Wordstat expansion from seed: современные свадьбы"
"скачать песни про свадьбу современные веселые","35","Arsenkin Wordstat Russia left column","wedding","WEDDING","Левая; seed: современные свадьбы","near","","","real Wordstat expansion from seed: современные свадьбы"
"скачать песню про свадьбу современные","61","Arsenkin Wordstat Russia left column","wedding","WEDDING","Левая; seed: современные свадьбы","near","","","real Wordstat expansion from seed: современные свадьбы"
"слушать песни про свадьбу современные","19","Arsenkin Wordstat Russia left column","wedding","WEDDING","Левая; seed: современные свадьбы","near","","","real Wordstat expansion from seed: современные свадьбы"
"смешной тост на свадьбу молодым современный","7","Arsenkin Wordstat Russia left column","wedding","WEDDING","Левая; seed: современные свадьбы","near","","","real Wordstat expansion from seed: современные свадьбы"
"со свадьбой современные","107","Arsenkin Wordstat Russia left column","wedding","WEDDING","Левая; seed: современные свадьбы","near","","","real Wordstat expansion from seed: современные свадьбы"
"современная веселая свадьба","421","Arsenkin Wordstat Russia left column","wedding","WEDDING","Левая; seed: современные свадьбы","near","","","real Wordstat expansion from seed: современные свадьбы"
"современная золотая свадьба","27","Arsenkin Wordstat Russia left column","wedding","WEDDING","Левая; seed: современные свадьбы","near","","","real Wordstat expansion from seed: современные свадьбы"
"современная китайская свадьба","15","Arsenkin Wordstat Russia left column","wedding","WEDDING","Левая; seed: современные свадьбы","near","","","real Wordstat expansion from seed: современные свадьбы"
"современная классика свадьбы","113","Arsenkin Wordstat Russia left column","wedding","WEDDING","Левая; seed: современные свадьбы","near","","","real Wordstat expansion from seed: современные свадьбы"
"современная классическая свадьба","25","Arsenkin Wordstat Russia left column","wedding","WEDDING","Левая; seed: современные свадьбы","near","","","real Wordstat expansion from seed: современные свадьбы"
"современная мама жениха на свадьбе","71","Arsenkin Wordstat Russia left column","wedding","WEDDING","Левая; seed: современные свадьбы","near","","","real Wordstat expansion from seed: современные свадьбы"
"современная мама на свадьбе","213","Arsenkin Wordstat Russia left column","wedding","WEDDING","Левая; seed: современные свадьбы","near","","","real Wordstat expansion from seed: современные свадьбы"
"современная музыка для свадьбы","116","Arsenkin Wordstat Russia left column","wedding","WEDDING","Левая; seed: современные свадьбы","near","","","real Wordstat expansion from seed: современные свадьбы"
"современная осетинская свадьба","10","Arsenkin Wordstat Russia left column","wedding","WEDDING","Левая; seed: современные свадьбы","near","","","real Wordstat expansion from seed: современные свадьбы"
"современная песня на свадьбу друзьям","71","Arsenkin Wordstat Russia left column","wedding","WEDDING","Левая; seed: современные свадьбы","near","","","real Wordstat expansion from seed: современные свадьбы"
"современная песня про свадьбу в малиновке","8","Arsenkin Wordstat Russia left column","wedding","WEDDING","Левая; seed: современные свадьбы","near","","","real Wordstat expansion from seed: современные свадьбы"
"современная с днем свадьбы","190","Arsenkin Wordstat Russia left column","wedding","WEDDING","Левая; seed: современные свадьбы","near","","","real Wordstat expansion from seed: современные свадьбы"
"современная свадьба 2025 сценарий","15","Arsenkin Wordstat Russia left column","commercial","WEDDING","Левая; seed: современные свадьбы","near","","","real Wordstat expansion from seed: современные свадьбы"
"современная свадьба 2026","230","Arsenkin Wordstat Russia left column","wedding","WEDDING","Левая; seed: современные свадьбы","near","","","real Wordstat expansion from seed: современные свадьбы"
"современная свадьба видео","63","Arsenkin Wordstat Russia left column","wedding","WEDDING","Левая; seed: современные свадьбы","near","","","real Wordstat expansion from seed: современные свадьбы"
"современная свадьба невеста","914","Arsenkin Wordstat Russia left column","wedding","WEDDING","Левая; seed: современные свадьбы","near","","","real Wordstat expansion from seed: современные свадьбы"
"современная свадьба новые традиции","27","Arsenkin Wordstat Russia left column","wedding","WEDDING","Левая; seed: современные свадьбы","near","","","real Wordstat expansion from seed: современные свадьбы"
"современная свадьба обычаи","70","Arsenkin Wordstat Russia left column","wedding","WEDDING","Левая; seed: современные свадьбы","near","","","real Wordstat expansion from seed: современные свадьбы"
"современная свадьба одежда","53","Arsenkin Wordstat Russia left column","wedding","WEDDING","Левая; seed: современные свадьбы","near","","","real Wordstat expansion from seed: современные свадьбы"
"современная свадьба что делают родители жениха","7","Arsenkin Wordstat Russia left column","wedding","WEDDING","Левая; seed: современные свадьбы","near","","","real Wordstat expansion from seed: современные свадьбы"
"современная стильная свадьба","31","Arsenkin Wordstat Russia left column","wedding","WEDDING","Левая; seed: современные свадьбы","near","","","real Wordstat expansion from seed: современные свадьбы"
"современное платье на свадьбу","282","Arsenkin Wordstat Russia left column","wedding","WEDDING","Левая; seed: современные свадьбы","near","","","real Wordstat expansion from seed: современные свадьбы"
"современное платье на свадьбу для мамы","30","Arsenkin Wordstat Russia left column","wedding","WEDDING","Левая; seed: современные свадьбы","near","","","real Wordstat expansion from seed: современные свадьбы"
"современное слово свадьба","226","Arsenkin Wordstat Russia left column","wedding","WEDDING","Левая; seed: современные свадьбы","near","","","real Wordstat expansion from seed: современные свадьбы"
"современное украшение машин на свадьбу","4","Arsenkin Wordstat Russia left column","wedding","WEDDING","Левая; seed: современные свадьбы","near","","","real Wordstat expansion from seed: современные свадьбы"
"современное украшение свадьбы","23","Arsenkin Wordstat Russia left column","wedding","WEDDING","Левая; seed: современные свадьбы","near","","","real Wordstat expansion from seed: современные свадьбы"
"современные армянские свадьбы","32","Arsenkin Wordstat Russia left column","wedding","WEDDING","Левая; seed: современные свадьбы","near","","","real Wordstat expansion from seed: современные свадьбы"
"современные игры на свадьбу","9","Arsenkin Wordstat Russia left column","wedding","WEDDING","Левая; seed: современные свадьбы","near","","","real Wordstat expansion from seed: современные свадьбы"
"современные идеи свадьбы","83","Arsenkin Wordstat Russia left column","wedding","WEDDING","Левая; seed: современные свадьбы","near","","","real Wordstat expansion from seed: современные свадьбы"
"современные казахские песни на свадьбе","50","Arsenkin Wordstat Russia left column","wedding","WEDDING","Левая; seed: современные свадьбы","near","","","real Wordstat expansion from seed: современные свадьбы"
"современные казахские песни на свадьбу зажигательные","45","Arsenkin Wordstat Russia left column","wedding","WEDDING","Левая; seed: современные свадьбы","near","","","real Wordstat expansion from seed: современные свадьбы"
"современные казахские песни на свадьбу зажигательные скачать","9","Arsenkin Wordstat Russia left column","wedding","WEDDING","Левая; seed: современные свадьбы","near","","","real Wordstat expansion from seed: современные свадьбы"
"современные казахские свадьбы","80","Arsenkin Wordstat Russia left column","wedding","WEDDING","Левая; seed: современные свадьбы","near","","","real Wordstat expansion from seed: современные свадьбы"
"современные костюмы для мужчин на свадьбу","6","Arsenkin Wordstat Russia left column","wedding","WEDDING","Левая; seed: современные свадьбы","near","","","real Wordstat expansion from seed: современные свадьбы"
"современные костюмы на свадьбу","126","Arsenkin Wordstat Russia left column","wedding","WEDDING","Левая; seed: современные свадьбы","near","","","real Wordstat expansion from seed: современные свадьбы"
"современные мужские костюмы на свадьбу","69","Arsenkin Wordstat Russia left column","wedding","WEDDING","Левая; seed: современные свадьбы","near","","","real Wordstat expansion from seed: современные свадьбы"
"современные наряды на свадьбу","115","Arsenkin Wordstat Russia left column","wedding","WEDDING","Левая; seed: современные свадьбы","near","","","real Wordstat expansion from seed: современные свадьбы"
"современные оформление свадьбы","23","Arsenkin Wordstat Russia left column","wedding","WEDDING","Левая; seed: современные свадьбы","near","","","real Wordstat expansion from seed: современные свадьбы"
"современные песни на свадьбу зажигательные","133","Arsenkin Wordstat Russia left column","wedding","WEDDING","Левая; seed: современные свадьбы","near","","","real Wordstat expansion from seed: современные свадьбы"
"современные песни на свадьбу русские","81","Arsenkin Wordstat Russia left column","wedding","WEDDING","Левая; seed: современные свадьбы","near","","","real Wordstat expansion from seed: современные свадьбы"
"современные песни на танец на свадьбу","174","Arsenkin Wordstat Russia left column","wedding","WEDDING","Левая; seed: современные свадьбы","near","","","real Wordstat expansion from seed: современные свадьбы"
"современные плакаты на свадьбу","11","Arsenkin Wordstat Russia left column","wedding","WEDDING","Левая; seed: современные свадьбы","near","","","real Wordstat expansion from seed: современные свадьбы"
"современные подарки на свадьбу","101","Arsenkin Wordstat Russia left column","wedding","WEDDING","Левая; seed: современные свадьбы","near","","","real Wordstat expansion from seed: современные свадьбы"
"современные поздравления в день свадьбы","37","Arsenkin Wordstat Russia left column","wedding","WEDDING","Левая; seed: современные свадьбы","near","","","real Wordstat expansion from seed: современные свадьбы"
"современные поздравления на свадьбу","331","Arsenkin Wordstat Russia left column","wedding","WEDDING","Левая; seed: современные свадьбы","near","","","real Wordstat expansion from seed: современные свадьбы"
"современные поздравления родителей на свадьбу","70","Arsenkin Wordstat Russia left column","wedding","WEDDING","Левая; seed: современные свадьбы","near","","","real Wordstat expansion from seed: современные свадьбы"
"современные поздравления с днем свадьбы в стихах","7","Arsenkin Wordstat Russia left column","wedding","WEDDING","Левая; seed: современные свадьбы","near","","","real Wordstat expansion from seed: современные свадьбы"
"современные поздравления со свадьбой","53","Arsenkin Wordstat Russia left column","wedding","WEDDING","Левая; seed: современные свадьбы","near","","","real Wordstat expansion from seed: современные свадьбы"
"современные пригласительные на свадьбу","50","Arsenkin Wordstat Russia left column","wedding","WEDDING","Левая; seed: современные свадьбы","near","","","real Wordstat expansion from seed: современные свадьбы"
"современные приглашения на свадьбу","35","Arsenkin Wordstat Russia left column","wedding","WEDDING","Левая; seed: современные свадьбы","near","","","real Wordstat expansion from seed: современные свадьбы"
"современные прически на свадьбу","46","Arsenkin Wordstat Russia left column","wedding","WEDDING","Левая; seed: современные свадьбы","near","","","real Wordstat expansion from seed: современные свадьбы"
"современные развлечения для свадьбы","26","Arsenkin Wordstat Russia left column","wedding","WEDDING","Левая; seed: современные свадьбы","near","","","real Wordstat expansion from seed: современные свадьбы"
"современные свадьба сейчас","29","Arsenkin Wordstat Russia left column","wedding","WEDDING","Левая; seed: современные свадьбы","near","","","real Wordstat expansion from seed: современные свадьбы"
"современные свадьбы","9278","Arsenkin Wordstat Russia left column","wedding","WEDDING","Левая; seed: современные свадьбы","near","","","real Wordstat expansion from seed: современные свадьбы"
"современные свадьбы 2025","51","Arsenkin Wordstat Russia left column","wedding","WEDDING","Левая; seed: современные свадьбы","near","","","real Wordstat expansion from seed: современные свадьбы"
"современные свадьбы в россии","90","Arsenkin Wordstat Russia left column","wedding","WEDDING","Левая; seed: современные свадьбы","near","","","real Wordstat expansion from seed: современные свадьбы"
"современные свадьбы гости","330","Arsenkin Wordstat Russia left column","wedding","WEDDING","Левая; seed: современные свадьбы","near","","","real Wordstat expansion from seed: современные свадьбы"
"современные свадьбы фото","119","Arsenkin Wordstat Russia left column","wedding","WEDDING","Левая; seed: современные свадьбы","near","","","real Wordstat expansion from seed: современные свадьбы"
"современные слова песни серебряная свадьба","8","Arsenkin Wordstat Russia left column","wedding","WEDDING","Левая; seed: современные свадьбы","near","","","real Wordstat expansion from seed: современные свадьбы"
"современные торты на свадьбу","51","Arsenkin Wordstat Russia left column","wedding","WEDDING","Левая; seed: современные свадьбы","near","","","real Wordstat expansion from seed: современные свадьбы"
"современные традиции на свадьбе","104","Arsenkin Wordstat Russia left column","wedding","WEDDING","Левая; seed: современные свадьбы","near","","","real Wordstat expansion from seed: современные свадьбы"
"современные треки на свадьбу","18","Arsenkin Wordstat Russia left column","wedding","WEDDING","Левая; seed: современные свадьбы","near","","","real Wordstat expansion from seed: современные свадьбы"
"современные фотозоны на свадьбу","8","Arsenkin Wordstat Russia left column","comparison","COMPARISON","Левая; seed: современные свадьбы","near","","","real Wordstat expansion from seed: современные свадьбы"
"современные цыганские свадьбы","14","Arsenkin Wordstat Russia left column","wedding","WEDDING","Левая; seed: современные свадьбы","near","","","real Wordstat expansion from seed: современные свадьбы"
"современный вальс на свадьбу","15","Arsenkin Wordstat Russia left column","wedding","WEDDING","Левая; seed: современные свадьбы","near","","","real Wordstat expansion from seed: современные свадьбы"
"современный декор свадьбы","26","Arsenkin Wordstat Russia left column","wedding","WEDDING","Левая; seed: современные свадьбы","near","","","real Wordstat expansion from seed: современные свадьбы"
"современный каравай на свадьбу","20","Arsenkin Wordstat Russia left column","wedding","WEDDING","Левая; seed: современные свадьбы","near","","","real Wordstat expansion from seed: современные свадьбы"
"современный костюм для свадьбы киров","5","Arsenkin Wordstat Russia left column","wedding","WEDDING","Левая; seed: современные свадьбы","near","","","real Wordstat expansion from seed: современные свадьбы"
"современный мужской образ на свадьбу","16","Arsenkin Wordstat Russia left column","wedding","WEDDING","Левая; seed: современные свадьбы","near","","","real Wordstat expansion from seed: современные свадьбы"
"современный образ жениха на свадьбе","44","Arsenkin Wordstat Russia left column","wedding","WEDDING","Левая; seed: современные свадьбы","near","","","real Wordstat expansion from seed: современные свадьбы"
"современный образ на свадьбу","214","Arsenkin Wordstat Russia left column","wedding","WEDDING","Левая; seed: современные свадьбы","near","","","real Wordstat expansion from seed: современные свадьбы"
"современный образ на свадьбу в качестве гостя","29","Arsenkin Wordstat Russia left column","wedding","WEDDING","Левая; seed: современные свадьбы","near","","","real Wordstat expansion from seed: современные свадьбы"
"современный плейлист на свадьбу","42","Arsenkin Wordstat Russia left column","wedding","WEDDING","Левая; seed: современные свадьбы","near","","","real Wordstat expansion from seed: современные свадьбы"
"современный подробный сценарий свадьбы","165","Arsenkin Wordstat Russia left column","commercial","WEDDING","Левая; seed: современные свадьбы","near","","","real Wordstat expansion from seed: современные свадьбы"
"современный стиль одежды на свадьбу","10","Arsenkin Wordstat Russia left column","wedding","WEDDING","Левая; seed: современные свадьбы","near","","","real Wordstat expansion from seed: современные свадьбы"
"современный сценарий свадьбы для ведущего 2025","13","Arsenkin Wordstat Russia left column","commercial","WEDDING","Левая; seed: современные свадьбы","near","","","real Wordstat expansion from seed: современные свадьбы"
"современный тамада свадьбу","157","Arsenkin Wordstat Russia left column","wedding","WEDDING","Левая; seed: современные свадьбы","near","","","real Wordstat expansion from seed: современные свадьбы"
"современный фильм свадьба","44","Arsenkin Wordstat Russia left column","wedding","WEDDING","Левая; seed: современные свадьбы","near","","","real Wordstat expansion from seed: современные свадьбы"
"сообщение на тему современная казачья свадьба","7","Arsenkin Wordstat Russia left column","wedding","WEDDING","Левая; seed: современные свадьбы","near","","","real Wordstat expansion from seed: современные свадьбы"
"старинная свадьба и современная свадьба","34","Arsenkin Wordstat Russia left column","wedding","WEDDING","Левая; seed: современные свадьбы","near","","","real Wordstat expansion from seed: современные свадьбы"
"стиль свадьбы современная классика","38","Arsenkin Wordstat Russia left column","wedding","WEDDING","Левая; seed: современные свадьбы","near","","","real Wordstat expansion from seed: современные свадьбы"
"сценарии современной веселой свадьбы","136","Arsenkin Wordstat Russia left column","commercial","WEDDING","Левая; seed: современные свадьбы","near","","","real Wordstat expansion from seed: современные свадьбы"
"сценарии современной свадьбы готовые для ведущего","187","Arsenkin Wordstat Russia left column","commercial","WEDDING","Левая; seed: современные свадьбы","near","","","real Wordstat expansion from seed: современные свадьбы"
"сценарий на свадьбу готовый современный","242","Arsenkin Wordstat Russia left column","commercial","WEDDING","Левая; seed: современные свадьбы","near","","","real Wordstat expansion from seed: современные свадьбы"
"сценарий на свадьбу для ведущего современный","468","Arsenkin Wordstat Russia left column","commercial","WEDDING","Левая; seed: современные свадьбы","near","","","real Wordstat expansion from seed: современные свадьбы"
"сценарий на свадьбу современный лад","9","Arsenkin Wordstat Russia left column","commercial","WEDDING","Левая; seed: современные свадьбы","near","","","real Wordstat expansion from seed: современные свадьбы"
"сценарий свадьбы для ведущего готовый полный современный","176","Arsenkin Wordstat Russia left column","commercial","WEDDING","Левая; seed: современные свадьбы","near","","","real Wordstat expansion from seed: современные свадьбы"
"сценарий свадьбы дома современный","133","Arsenkin Wordstat Russia left column","commercial","WEDDING","Левая; seed: современные свадьбы","near","","","real Wordstat expansion from seed: современные свадьбы"
"сценарий свадьбы прикольный современный","429","Arsenkin Wordstat Russia left column","commercial","WEDDING","Левая; seed: современные свадьбы","near","","","real Wordstat expansion from seed: современные свадьбы"
"сценарий свадьбы смешной современный","592","Arsenkin Wordstat Russia left column","commercial","WEDDING","Левая; seed: современные свадьбы","near","","","real Wordstat expansion from seed: современные свадьбы"
"сценарий свадьбы современный интересный готовый","17","Arsenkin Wordstat Russia left column","commercial","WEDDING","Левая; seed: современные свадьбы","near","","","real Wordstat expansion from seed: современные свадьбы"
"сценарий современной молодежной свадьбы","18","Arsenkin Wordstat Russia left column","commercial","WEDDING","Левая; seed: современные свадьбы","near","","","real Wordstat expansion from seed: современные свадьбы"
"сценарий современной молодежной свадьбы не избитый","5","Arsenkin Wordstat Russia left column","commercial","WEDDING","Левая; seed: современные свадьбы","near","","","real Wordstat expansion from seed: современные свадьбы"
"сценарий современной свадьбы","1891","Arsenkin Wordstat Russia left column","commercial","WEDDING","Левая; seed: современные свадьбы","near","","","real Wordstat expansion from seed: современные свадьбы"
"сценарий тамады на свадьбу с современными приколами","26","Arsenkin Wordstat Russia left column","commercial","WEDDING","Левая; seed: современные свадьбы","near","","","real Wordstat expansion from seed: современные свадьбы"
"танец для молодых на свадьбе современный","25","Arsenkin Wordstat Russia left column","wedding","WEDDING","Левая; seed: современные свадьбы","near","","","real Wordstat expansion from seed: современные свадьбы"
"танец подружек невесты на свадьбе современные","69","Arsenkin Wordstat Russia left column","wedding","WEDDING","Левая; seed: современные свадьбы","near","","","real Wordstat expansion from seed: современные свадьбы"
"танец подружек невесты на свадьбе современные прикольные","40","Arsenkin Wordstat Russia left column","wedding","WEDDING","Левая; seed: современные свадьбы","near","","","real Wordstat expansion from seed: современные свадьбы"
"танец свадьба современный","341","Arsenkin Wordstat Russia left column","wedding","WEDDING","Левая; seed: современные свадьбы","near","","","real Wordstat expansion from seed: современные свадьбы"
"танцевальные песни на свадьбу для гостей современные","47","Arsenkin Wordstat Russia left column","wedding","WEDDING","Левая; seed: современные свадьбы","near","","","real Wordstat expansion from seed: современные свадьбы"
"танцевальные песни на свадьбу современные","187","Arsenkin Wordstat Russia left column","wedding","WEDDING","Левая; seed: современные свадьбы","near","","","real Wordstat expansion from seed: современные свадьбы"
"танцевальные современные на свадьбу","231","Arsenkin Wordstat Russia left column","wedding","WEDDING","Левая; seed: современные свадьбы","near","","","real Wordstat expansion from seed: современные свадьбы"
"татарская свадьба современная","23","Arsenkin Wordstat Russia left column","wedding","WEDDING","Левая; seed: современные свадьбы","near","","","real Wordstat expansion from seed: современные свадьбы"
"тост на свадьбу современные","26","Arsenkin Wordstat Russia left column","wedding","WEDDING","Левая; seed: современные свадьбы","near","","","real Wordstat expansion from seed: современные свадьбы"
"традиции на свадьбе для молодоженов современные","8","Arsenkin Wordstat Russia left column","wedding","WEDDING","Левая; seed: современные свадьбы","near","","","real Wordstat expansion from seed: современные свадьбы"
"традиции русской свадьбы современные","33","Arsenkin Wordstat Russia left column","wedding","WEDDING","Левая; seed: современные свадьбы","near","","","real Wordstat expansion from seed: современные свадьбы"
"фишки свадьбы современные","9","Arsenkin Wordstat Russia left column","wedding","WEDDING","Левая; seed: современные свадьбы","near","","","real Wordstat expansion from seed: современные свадьбы"
"фон на свадьбу на экран","44","Arsenkin Wordstat Russia left column","wedding","WEDDING","Левая; seed: экран на свадьбу","near","","","real Wordstat expansion from seed: экран на свадьбу"
"фото задания для гостей на свадьбе","12","Arsenkin Wordstat Russia left column","wedding","WEDDING","Левая; seed: фото гостей на свадьбе","near","","","real Wordstat expansion from seed: фото гостей на свадьбе"
"частушки на свадьбу современные","12","Arsenkin Wordstat Russia left column","wedding","WEDDING","Левая; seed: современные свадьбы","near","","","real Wordstat expansion from seed: современные свадьбы"
"чем удивить гостей на свадьбе","33","Arsenkin Wordstat Russia left column","wedding","WEDDING","Левая; seed: чем удивить гостей на свадьбе","near","","","real Wordstat expansion from seed: чем удивить гостей на свадьбе"
"четыре свадьбы молодежная классика современная классика","6","Arsenkin Wordstat Russia left column","wedding","WEDDING","Левая; seed: современные свадьбы","near","","","real Wordstat expansion from seed: современные свадьбы"
"четыре свадьбы сельская свадьба vs современная","3","Arsenkin Wordstat Russia left column","wedding","WEDDING","Левая; seed: современные свадьбы","near","","","real Wordstat expansion from seed: современные свадьбы"
"четыре свадьбы современная классика","49","Arsenkin Wordstat Russia left column","wedding","WEDDING","Левая; seed: современные свадьбы","near","","","real Wordstat expansion from seed: современные свадьбы"
"что гости могут делать на свадьбе","19","Arsenkin Wordstat Russia left column","wedding","WEDDING","Левая; seed: что делать гостям на свадьбе","near","","","real Wordstat expansion from seed: что делать гостям на свадьбе"
"что дарят на современных свадьбах","14","Arsenkin Wordstat Russia left column","wedding","WEDDING","Левая; seed: современные свадьбы","near","","","real Wordstat expansion from seed: современные свадьбы"
"что нужно для современной свадьбы","5","Arsenkin Wordstat Russia left column","wedding","WEDDING","Левая; seed: современные свадьбы","near","","","real Wordstat expansion from seed: современные свадьбы"
"чужая свадьба современная песня","11","Arsenkin Wordstat Russia left column","wedding","WEDDING","Левая; seed: современные свадьбы","near","","","real Wordstat expansion from seed: современные свадьбы"
"эко свадьба современная классика","6","Arsenkin Wordstat Russia left column","wedding","WEDDING","Левая; seed: современные свадьбы","near","","","real Wordstat expansion from seed: современные свадьбы"
"экран на свадьбу","939","Arsenkin Wordstat Russia left column","wedding","WEDDING","Левая; seed: экран на свадьбу","near","ads:0; diverse SERP; Yandex Images present","TOP10 hosts: avito.ru, plasmaonline.ru, show-effect.ru, proektori.ru, esmedia.ru, rentproektor.ru, xn----7sbfefee2czacyjj4b1h.xn--p1ai, arendaplazm.ru, ...","real Wordstat expansion from seed: экран на свадьбу | possible low/medium competition opportunity; Pinterest-like / visual intent signal"
"qr код для гостей на свадьбе","25","Arsenkin Wordstat Russia left column","wedding","WEDDING","Левая; seed: qr код на свадьбу","near","","","real Wordstat expansion from seed: qr код на свадьбу"
"qr код для гости","98","Arsenkin Wordstat Russia left column","qr","QR","Левая; seed: qr код для гостей","near","","","real Wordstat expansion from seed: qr код для гостей"
"qr код на свадьбу","143","Arsenkin Wordstat Russia left column","wedding","WEDDING","Левая; seed: qr код на свадьбу","near","ads:0; diverse SERP; Yandex Images present; many aggregators/tools","TOP10 hosts: planning.wedding, qrcod.ru, tamadoba.tech, yandex.ru, fotify.app, ru.qrcodechimp.com, jotform.com, bfm.ru, ...","real Wordstat expansion from seed: qr код на свадьбу | possible low/medium competition opportunity; Pinterest-like / visual intent signal"
"welcome зона для гостей на свадьбе","21","Arsenkin Wordstat Russia left column","wedding","WEDDING","Левая; seed: welcome зона свадьба","near","","","real Wordstat expansion from seed: welcome зона свадьба"
"welcome зона на свадьбе","69","Arsenkin Wordstat Russia left column","wedding","WEDDING","Левая; seed: welcome зона свадьба","near","","","real Wordstat expansion from seed: welcome зона свадьба"
"10 лет какая свадьба как называется","2695","Arsenkin Wordstat Russia right column","wedding","WEDDING","Правая; seed: чем удивить гостей на свадьбе","near","","","real Wordstat expansion from seed: чем удивить гостей на свадьбе"
"10 лет свадьбы как называется","8520","Arsenkin Wordstat Russia right column","wedding","WEDDING","Правая; seed: интерактивы на свадьбу","near","","","real Wordstat expansion from seed: интерактивы на свадьбу"
"10 лет свадьбы как называется","8618","Arsenkin Wordstat Russia right column","wedding","WEDDING","Правая; seed: чем удивить гостей на свадьбе","near","","","real Wordstat expansion from seed: чем удивить гостей на свадьбе"
"11 лет какая свадьба","9332","Arsenkin Wordstat Russia right column","wedding","WEDDING","Правая; seed: интерактивы на свадьбу","near","","","real Wordstat expansion from seed: интерактивы на свадьбу"
"11 лет какая свадьба","10667","Arsenkin Wordstat Russia right column","wedding","WEDDING","Правая; seed: welcome зона свадьба","near","","","real Wordstat expansion from seed: welcome зона свадьба"
"11 лет свадьбы","18269","Arsenkin Wordstat Russia right column","wedding","WEDDING","Правая; seed: интерактивы на свадьбу","near","","","real Wordstat expansion from seed: интерактивы на свадьбу"
"11 лет свадьбы","21575","Arsenkin Wordstat Russia right column","wedding","WEDDING","Правая; seed: развлечения для гостей на свадьбе","near","","","real Wordstat expansion from seed: развлечения для гостей на свадьбе"
"12 лет какая свадьба","11739","Arsenkin Wordstat Russia right column","wedding","WEDDING","Правая; seed: интерактивы на свадьбу","near","","","real Wordstat expansion from seed: интерактивы на свадьбу"
"12 лет какая свадьба","13673","Arsenkin Wordstat Russia right column","wedding","WEDDING","Правая; seed: чем удивить гостей на свадьбе","near","","","real Wordstat expansion from seed: чем удивить гостей на свадьбе"
"12 лет свадьбы какая свадьба","13673","Arsenkin Wordstat Russia right column","wedding","WEDDING","Правая; seed: welcome зона свадьба","near","","","real Wordstat expansion from seed: welcome зона свадьба"
"13 лет какая свадьба","13954","Arsenkin Wordstat Russia right column","wedding","WEDDING","Правая; seed: чем удивить гостей на свадьбе","near","","","real Wordstat expansion from seed: чем удивить гостей на свадьбе"
"13 лет свадьбы как называется","3824","Arsenkin Wordstat Russia right column","wedding","WEDDING","Правая; seed: чем удивить гостей на свадьбе","near","","","real Wordstat expansion from seed: чем удивить гостей на свадьбе"
"15 лет какая свадьба","24398","Arsenkin Wordstat Russia right column","wedding","WEDDING","Правая; seed: интерактивы на свадьбу","near","","","real Wordstat expansion from seed: интерактивы на свадьбу"
"15 лет какая свадьба","24875","Arsenkin Wordstat Russia right column","wedding","WEDDING","Правая; seed: развлечения для гостей на свадьбе","near","","","real Wordstat expansion from seed: развлечения для гостей на свадьбе"
"15 лет какая свадьба как называется","2712","Arsenkin Wordstat Russia right column","wedding","WEDDING","Правая; seed: интерактивы на свадьбу","near","","","real Wordstat expansion from seed: интерактивы на свадьбу"
"15 лет какая свадьба как называется","2785","Arsenkin Wordstat Russia right column","wedding","WEDDING","Правая; seed: чем удивить гостей на свадьбе","near","","","real Wordstat expansion from seed: чем удивить гостей на свадьбе"
"16 лет какая свадьба","10026","Arsenkin Wordstat Russia right column","wedding","WEDDING","Правая; seed: развлечения для гостей на свадьбе","near","","","real Wordstat expansion from seed: развлечения для гостей на свадьбе"
"16 лет свадьбы как называется","3447","Arsenkin Wordstat Russia right column","wedding","WEDDING","Правая; seed: чем удивить гостей на свадьбе","near","","","real Wordstat expansion from seed: чем удивить гостей на свадьбе"
"17 лет свадьбы как называется","3082","Arsenkin Wordstat Russia right column","wedding","WEDDING","Правая; seed: welcome зона свадьба","near","","","real Wordstat expansion from seed: welcome зона свадьба"
"18 лет какая свадьба","10005","Arsenkin Wordstat Russia right column","wedding","WEDDING","Правая; seed: интерактивы на свадьбу","near","","","real Wordstat expansion from seed: интерактивы на свадьбу"
"18 лет какая свадьба","11447","Arsenkin Wordstat Russia right column","wedding","WEDDING","Правая; seed: чем удивить гостей на свадьбе","near","","","real Wordstat expansion from seed: чем удивить гостей на свадьбе"
"19 лет какая свадьба","7831","Arsenkin Wordstat Russia right column","wedding","WEDDING","Правая; seed: интерактивы на свадьбу","near","","","real Wordstat expansion from seed: интерактивы на свадьбу"
"28 лет какая свадьба","3766","Arsenkin Wordstat Russia right column","wedding","WEDDING","Правая; seed: welcome зона свадьба","near","","","real Wordstat expansion from seed: welcome зона свадьба"
"30 лет какая свадьба как называется","1828","Arsenkin Wordstat Russia right column","wedding","WEDDING","Правая; seed: чем удивить гостей на свадьбе","near","","","real Wordstat expansion from seed: чем удивить гостей на свадьбе"
"35 лет какая свадьба как называется","1735","Arsenkin Wordstat Russia right column","wedding","WEDDING","Правая; seed: чем удивить гостей на свадьбе","near","","","real Wordstat expansion from seed: чем удивить гостей на свадьбе"
"5 лет какая свадьба","22160","Arsenkin Wordstat Russia right column","wedding","WEDDING","Правая; seed: чем удивить гостей на свадьбе","near","","","real Wordstat expansion from seed: чем удивить гостей на свадьбе"
"5 лет свадьбы","45480","Arsenkin Wordstat Russia right column","wedding","WEDDING","Правая; seed: развлечения для гостей на свадьбе","near","","","real Wordstat expansion from seed: развлечения для гостей на свадьбе"
"8 лет какая свадьба","11385","Arsenkin Wordstat Russia right column","wedding","WEDDING","Правая; seed: развлечения для гостей на свадьбе","near","","","real Wordstat expansion from seed: развлечения для гостей на свадьбе"
"8 лет свадьбы как называется","3335","Arsenkin Wordstat Russia right column","wedding","WEDDING","Правая; seed: чем удивить гостей на свадьбе","near","","","real Wordstat expansion from seed: чем удивить гостей на свадьбе"
"9 лет какая свадьба","10504","Arsenkin Wordstat Russia right column","wedding","WEDDING","Правая; seed: welcome зона свадьба","near","","","real Wordstat expansion from seed: welcome зона свадьба"
"9 лет свадьбы как называется","3279","Arsenkin Wordstat Russia right column","wedding","WEDDING","Правая; seed: чем удивить гостей на свадьбе","near","","","real Wordstat expansion from seed: чем удивить гостей на свадьбе"
"ах эта свадьба пела и плясала","7040","Arsenkin Wordstat Russia right column","wedding","WEDDING","Правая; seed: чем удивить гостей на свадьбе","near","","","real Wordstat expansion from seed: чем удивить гостей на свадьбе"
"бокалы на свадьбу","4823","Arsenkin Wordstat Russia right column","wedding","WEDDING","Правая; seed: qr код на свадьбу","near","","","real Wordstat expansion from seed: qr код на свадьбу"
"всероссийский свадебный фестиваль","1148","Arsenkin Wordstat Russia right column","wedding","WEDDING","Правая; seed: экран на свадьбу","near","","","real Wordstat expansion from seed: экран на свадьбу"
"где взять кьюар код в вк","409","Arsenkin Wordstat Russia right column","qr","QR","Правая; seed: qr код для гостей","near","","","real Wordstat expansion from seed: qr код для гостей"
"генератор кьюар кодов","3604","Arsenkin Wordstat Russia right column","qr","QR","Правая; seed: qr код на свадьбу","near","","","real Wordstat expansion from seed: qr код на свадьбу"
"генерация кьюар кода","835","Arsenkin Wordstat Russia right column","qr","QR","Правая; seed: qr код на свадьбу","near","","","real Wordstat expansion from seed: qr код на свадьбу"
"генерировать куар код","575","Arsenkin Wordstat Russia right column","qr","QR","Правая; seed: qr код для гостей","near","","","real Wordstat expansion from seed: qr код для гостей"
"декор свадебного стола","614","Arsenkin Wordstat Russia right column","wedding","WEDDING","Правая; seed: экран на свадьбу","near","","","real Wordstat expansion from seed: экран на свадьбу"
"дом весты свадебный салон","1234","Arsenkin Wordstat Russia right column","wedding","WEDDING","Правая; seed: welcome зона свадьба","near","","","real Wordstat expansion from seed: welcome зона свадьба"
"за меня невеста отрыдает честно","926","Arsenkin Wordstat Russia right column","wedding","WEDDING","Правая; seed: что делать гостям на свадьбе","near","","","real Wordstat expansion from seed: что делать гостям на свадьбе"
"золотая свадьба сколько лет","6356","Arsenkin Wordstat Russia right column","wedding","WEDDING","Правая; seed: развлечения для гостей на свадьбе","near","","","real Wordstat expansion from seed: развлечения для гостей на свадьбе"
"идеи для свадебной фотосессии","221","Arsenkin Wordstat Russia right column","wedding","WEDDING","Правая; seed: фото гостей на свадьбе","near","","","real Wordstat expansion from seed: фото гостей на свадьбе"
"куар код генератор","11793","Arsenkin Wordstat Russia right column","qr","QR","Правая; seed: qr код на свадьбу","near","","","real Wordstat expansion from seed: qr код на свадьбу"
"куар код по фото","4016","Arsenkin Wordstat Russia right column","photo","PHOTO","Правая; seed: qr код для гостей","near","","","real Wordstat expansion from seed: qr код для гостей"
"кьюар код генератор","3608","Arsenkin Wordstat Russia right column","qr","QR","Правая; seed: qr код на свадьбу","near","","","real Wordstat expansion from seed: qr код на свадьбу"
"манитор или монитор как правильно писать","87","Arsenkin Wordstat Russia right column","comparison","COMPARISON","Правая; seed: экран для ведущего","near","","","real Wordstat expansion from seed: экран для ведущего"
"молодожены","220773","Arsenkin Wordstat Russia right column","wedding","WEDDING","Правая; seed: современные свадьбы","near","","","real Wordstat expansion from seed: современные свадьбы"
"молодожены это","2025","Arsenkin Wordstat Russia right column","wedding","WEDDING","Правая; seed: современные свадьбы","near","","","real Wordstat expansion from seed: современные свадьбы"
"молодожены это","2045","Arsenkin Wordstat Russia right column","wedding","WEDDING","Правая; seed: как сделать свадьбу интереснее","near","","","real Wordstat expansion from seed: как сделать свадьбу интереснее"
"они теперь жених и невеста","1489","Arsenkin Wordstat Russia right column","wedding","WEDDING","Правая; seed: что делать гостям на свадьбе","near","","","real Wordstat expansion from seed: что делать гостям на свадьбе"
"оформление свадебного стола жениха и невесты","215","Arsenkin Wordstat Russia right column","wedding","WEDDING","Правая; seed: welcome зона свадьба","near","","","real Wordstat expansion from seed: welcome зона свадьба"
"поздравление со свадьбой своими словами","7618","Arsenkin Wordstat Russia right column","wedding","WEDDING","Правая; seed: чем удивить гостей на свадьбе","near","","","real Wordstat expansion from seed: чем удивить гостей на свадьбе"
"президиум на свадьбу","2801","Arsenkin Wordstat Russia right column","wedding","WEDDING","Правая; seed: экран на свадьбу","near","","","real Wordstat expansion from seed: экран на свадьбу"
"прочитать куар код","1917","Arsenkin Wordstat Russia right column","qr","QR","Правая; seed: qr код для гостей","near","","","real Wordstat expansion from seed: qr код для гостей"
"с 17 летием свадьбы","529","Arsenkin Wordstat Russia right column","wedding","WEDDING","Правая; seed: qr код на свадьбу","near","","","real Wordstat expansion from seed: qr код на свадьбу"
"с годовщиной свадьбы","156804","Arsenkin Wordstat Russia right column","wedding","WEDDING","Правая; seed: развлечения для гостей на свадьбе","near","","","real Wordstat expansion from seed: развлечения для гостей на свадьбе"
"свадебная галерея","994","Arsenkin Wordstat Russia right column","wedding","WEDDING","Правая; seed: фото гостей на свадьбе","near","","","real Wordstat expansion from seed: фото гостей на свадьбе"
"свадебная коллекция","1687","Arsenkin Wordstat Russia right column","wedding","WEDDING","Правая; seed: интерактивы на свадьбу","near","","","real Wordstat expansion from seed: интерактивы на свадьбу"
"свадебная ночь","3494","Arsenkin Wordstat Russia right column","wedding","WEDDING","Правая; seed: развлечения для гостей на свадьбе","near","","","real Wordstat expansion from seed: развлечения для гостей на свадьбе"
"свадебная фотокнига","724","Arsenkin Wordstat Russia right column","wedding","WEDDING","Правая; seed: фото гостей на свадьбе","near","","","real Wordstat expansion from seed: фото гостей на свадьбе"
"свадебная фотосессия","26811","Arsenkin Wordstat Russia right column","wedding","WEDDING","Правая; seed: фото гостей на свадьбе","near","","","real Wordstat expansion from seed: фото гостей на свадьбе"
"свадебная церемония","7264","Arsenkin Wordstat Russia right column","wedding","WEDDING","Правая; seed: интерактивы на свадьбу","near","","","real Wordstat expansion from seed: интерактивы на свадьбу"
"свадебная церемония","7296","Arsenkin Wordstat Russia right column","wedding","WEDDING","Правая; seed: развлечения для гостей на свадьбе","near","","","real Wordstat expansion from seed: развлечения для гостей на свадьбе"
"свадебная церемония ученого рю","474","Arsenkin Wordstat Russia right column","wedding","WEDDING","Правая; seed: развлечения для гостей на свадьбе","near","","","real Wordstat expansion from seed: развлечения для гостей на свадьбе"
"свадебно рф","445","Arsenkin Wordstat Russia right column","wedding","WEDDING","Правая; seed: современные свадьбы","near","","","real Wordstat expansion from seed: современные свадьбы"
"свадебное меню","2670","Arsenkin Wordstat Russia right column","wedding","WEDDING","Правая; seed: экран на свадьбу","near","","","real Wordstat expansion from seed: экран на свадьбу"
"свадебное оформление зала","805","Arsenkin Wordstat Russia right column","wedding","WEDDING","Правая; seed: экран на свадьбу","near","","","real Wordstat expansion from seed: экран на свадьбу"
"свадебное путешествие","10387","Arsenkin Wordstat Russia right column","wedding","WEDDING","Правая; seed: развлечения для гостей на свадьбе","near","","","real Wordstat expansion from seed: развлечения для гостей на свадьбе"
"свадебные бокалы","3081","Arsenkin Wordstat Russia right column","wedding","WEDDING","Правая; seed: qr код на свадьбу","near","","","real Wordstat expansion from seed: qr код на свадьбу"
"свадебные бокалы для жениха и невесты","255","Arsenkin Wordstat Russia right column","wedding","WEDDING","Правая; seed: фото гостей на свадьбе","near","","","real Wordstat expansion from seed: фото гостей на свадьбе"
"свадебные даты","1218","Arsenkin Wordstat Russia right column","wedding","WEDDING","Правая; seed: интерактивы на свадьбу","near","","","real Wordstat expansion from seed: интерактивы на свадьбу"
"свадебные картинки","4449","Arsenkin Wordstat Russia right column","wedding","WEDDING","Правая; seed: фото гостей на свадьбе","near","","","real Wordstat expansion from seed: фото гостей на свадьбе"
"свадебные обряды","6930","Arsenkin Wordstat Russia right column","wedding","WEDDING","Правая; seed: экран на свадьбу","near","","","real Wordstat expansion from seed: экран на свадьбу"
"свадебные песни список","270","Arsenkin Wordstat Russia right column","wedding","WEDDING","Правая; seed: развлечения для гостей на свадьбе","near","","","real Wordstat expansion from seed: развлечения для гостей на свадьбе"
"свадебные площадки москва","542","Arsenkin Wordstat Russia right column","wedding","WEDDING","Правая; seed: интерактивы на свадьбу","near","","","real Wordstat expansion from seed: интерактивы на свадьбу"
"свадебные приколы","649","Arsenkin Wordstat Russia right column","wedding","WEDDING","Правая; seed: qr код на свадьбу","near","","","real Wordstat expansion from seed: qr код на свадьбу"
"свадебные украшения","13584","Arsenkin Wordstat Russia right column","wedding","WEDDING","Правая; seed: экран на свадьбу","near","","","real Wordstat expansion from seed: экран на свадьбу"
"свадебные фотографии","5029","Arsenkin Wordstat Russia right column","wedding","WEDDING","Правая; seed: фото гостей на свадьбе","near","","","real Wordstat expansion from seed: фото гостей на свадьбе"
"свадебные фотографии жениха и невесты","161","Arsenkin Wordstat Russia right column","wedding","WEDDING","Правая; seed: фото гостей на свадьбе","near","","","real Wordstat expansion from seed: фото гостей на свадьбе"
"свадебные шрифты","1089","Arsenkin Wordstat Russia right column","wedding","WEDDING","Правая; seed: qr код на свадьбу","near","","","real Wordstat expansion from seed: qr код на свадьбу"
"свадебный","1259502","Arsenkin Wordstat Russia right column","wedding","WEDDING","Правая; seed: интерактивы на свадьбу","near","","","real Wordstat expansion from seed: интерактивы на свадьбу"
"свадебный алтарь","344","Arsenkin Wordstat Russia right column","wedding","WEDDING","Правая; seed: экран на свадьбу","near","","","real Wordstat expansion from seed: экран на свадьбу"
"свадебный декор","5843","Arsenkin Wordstat Russia right column","wedding","WEDDING","Правая; seed: экран на свадьбу","near","","","real Wordstat expansion from seed: экран на свадьбу"
"свадебный зал","5606","Arsenkin Wordstat Russia right column","wedding","WEDDING","Правая; seed: развлечения для гостей на свадьбе","near","","","real Wordstat expansion from seed: развлечения для гостей на свадьбе"
"свадебный организатор","2213","Arsenkin Wordstat Russia right column","wedding","WEDDING","Правая; seed: интерактивы на свадьбу","near","","","real Wordstat expansion from seed: интерактивы на свадьбу"
"свадебный портал","290","Arsenkin Wordstat Russia right column","wedding","WEDDING","Правая; seed: интерактивы на свадьбу","near","","","real Wordstat expansion from seed: интерактивы на свадьбу"
"свадебный фестиваль","2560","Arsenkin Wordstat Russia right column","wedding","WEDDING","Правая; seed: развлечения для гостей на свадьбе","near","","","real Wordstat expansion from seed: развлечения для гостей на свадьбе"
"свадебный фон","3870","Arsenkin Wordstat Russia right column","wedding","WEDDING","Правая; seed: фото гостей на свадьбе","near","","","real Wordstat expansion from seed: фото гостей на свадьбе"
"свадебный фотограф","10269","Arsenkin Wordstat Russia right column","wedding","WEDDING","Правая; seed: фото гостей на свадьбе","near","","","real Wordstat expansion from seed: фото гостей на свадьбе"
"свадьба лучшего друга","9115","Arsenkin Wordstat Russia right column","wedding","WEDDING","Правая; seed: развлечения для гостей на свадьбе","near","","","real Wordstat expansion from seed: развлечения для гостей на свадьбе"
"сделать кьюар код онлайн","1032","Arsenkin Wordstat Russia right column","qr","QR","Правая; seed: qr код для гостей","near","","","real Wordstat expansion from seed: qr код для гостей"
"сканер куар кодов","9785","Arsenkin Wordstat Russia right column","qr","QR","Правая; seed: qr код для гостей","near","","","real Wordstat expansion from seed: qr код для гостей"
"сканер кьюар кода онлайн","1443","Arsenkin Wordstat Russia right column","qr","QR","Правая; seed: qr код для гостей","near","","","real Wordstat expansion from seed: qr код для гостей"
"сканер кьюар кода онлайн через камеру","272","Arsenkin Wordstat Russia right column","qr","QR","Правая; seed: qr код для гостей","near","","","real Wordstat expansion from seed: qr код для гостей"
"сканировать кьюар код","4798","Arsenkin Wordstat Russia right column","qr","QR","Правая; seed: qr код для гостей","near","","","real Wordstat expansion from seed: qr код для гостей"
"скачать открытку с годовщиной свадьбы","2338","Arsenkin Wordstat Russia right column","wedding","WEDDING","Правая; seed: qr код на свадьбу","near","","","real Wordstat expansion from seed: qr код на свадьбу"
"спецпредложение для молодоженов","6572","Arsenkin Wordstat Russia right column","wedding","WEDDING","Правая; seed: современные свадьбы","near","","","real Wordstat expansion from seed: современные свадьбы"
"спецпредложение для молодоженов","6554","Arsenkin Wordstat Russia right column","wedding","WEDDING","Правая; seed: как сделать свадьбу интереснее","near","","","real Wordstat expansion from seed: как сделать свадьбу интереснее"
"стихи на свадьбу молодоженам","2492","Arsenkin Wordstat Russia right column","wedding","WEDDING","Правая; seed: qr код на свадьбу","near","","","real Wordstat expansion from seed: qr код на свадьбу"
"считывание куар кода","671","Arsenkin Wordstat Russia right column","qr","QR","Правая; seed: qr код для гостей","near","","","real Wordstat expansion from seed: qr код для гостей"
"тайминг свадебного дня","164","Arsenkin Wordstat Russia right column","wedding","WEDDING","Правая; seed: развлечения для гостей на свадьбе","near","","","real Wordstat expansion from seed: развлечения для гостей на свадьбе"
"тост для молодоженов на свадьбе","420","Arsenkin Wordstat Russia right column","wedding","WEDDING","Правая; seed: qr код на свадьбу","near","","","real Wordstat expansion from seed: qr код на свадьбу"
"украшение свадебного зала","533","Arsenkin Wordstat Russia right column","wedding","WEDDING","Правая; seed: экран на свадьбу","near","","","real Wordstat expansion from seed: экран на свадьбу"
"украшение свадебного стола","1161","Arsenkin Wordstat Russia right column","wedding","WEDDING","Правая; seed: экран на свадьбу","near","","","real Wordstat expansion from seed: экран на свадьбу"
"утро невесты фотосессия","371","Arsenkin Wordstat Russia right column","wedding","WEDDING","Правая; seed: фото гостей на свадьбе","near","","","real Wordstat expansion from seed: фото гостей на свадьбе"
"фон для свадебного приглашения","198","Arsenkin Wordstat Russia right column","wedding","WEDDING","Правая; seed: экран на свадьбу","near","","","real Wordstat expansion from seed: экран на свадьбу"
"фотография в свадебном альбоме фильм 1983","118","Arsenkin Wordstat Russia right column","wedding","WEDDING","Правая; seed: фото гостей на свадьбе","near","","","real Wordstat expansion from seed: фото гостей на свадьбе"
"фотокто социальная сеть о фотографии","517","Arsenkin Wordstat Russia right column","photo","PHOTO","Правая; seed: фото гостей на свадьбе","near","","","real Wordstat expansion from seed: фото гостей на свадьбе"
"шуточное поздравление на свадьбу","2801","Arsenkin Wordstat Russia right column","wedding","WEDDING","Правая; seed: qr код на свадьбу","near","","","real Wordstat expansion from seed: qr код на свадьбу"
"экранный диктор","2459","Arsenkin Wordstat Russia right column","screen","SCREEN","Правая; seed: экран для ведущего","near","","","real Wordstat expansion from seed: экран для ведущего"
"jotform qr code generator","60","Arsenkin Wordstat Russia right column","qr","QR","Правая; seed: qr код для гостей","near","","","real Wordstat expansion from seed: qr код для гостей"
"qr code generation","82","Arsenkin Wordstat Russia right column","qr","QR","Правая; seed: qr код для гостей","near","","","real Wordstat expansion from seed: qr код для гостей"
"qr code generator online","205","Arsenkin Wordstat Russia right column","qr","QR","Правая; seed: qr код для гостей","near","","","real Wordstat expansion from seed: qr код для гостей"
"tg web qr code","65","Arsenkin Wordstat Russia right column","qr","QR","Правая; seed: qr код для гостей","near","","","real Wordstat expansion from seed: qr код для гостей"
"the qr code generator","719","Arsenkin Wordstat Russia right column","qr","QR","Правая; seed: qr код на свадьбу","near","","","real Wordstat expansion from seed: qr код на свадьбу"
"альтернативы фотобудке","0","Arsenkin Wordstat seasonality Russia 2025-06..2026-05","comparison","COMPARISON","seasonality_monthly","near","ads:0; diverse SERP; Yandex Images present; UGC/forum present","TOP10 hosts: tr-page.yandex.ru, monocle.ru, click-photo.ru, vc.ru, 1divisionpro.ru, vk.com, skagitesir.ru, divolab.ru, ...","year_sum=0; peak=2025-06-01:0; low=2025-06-01:0; peak_to_low=n/a | possible low/medium competition opportunity; Pinterest-like / visual intent signal; UGC signal"
"идеи для экрана свадьбы","0","Arsenkin Wordstat seasonality Russia 2025-06..2026-05","wedding","WEDDING","seasonality_monthly","near","","","year_sum=0; peak=2025-06-01:0; low=2025-06-01:0; peak_to_low=n/a"
"интерактивы на свадьбу","6733","Arsenkin Wordstat seasonality Russia 2025-06..2026-05","wedding","WEDDING","seasonality_monthly","near","ads:0; diverse SERP","TOP10 hosts: weddywood.ru, wedding-magazine.ru, kp.ru, wedwed.ru, ru.pinterest.com, svadebka.ws, ahaslides.com, 1portal.ru, ...","year_sum=6733; peak=2025-07-01:1107; low=2025-12-01:175; peak_to_low=6.3 | possible low/medium competition opportunity; Pinterest-like / visual intent signal"
"как сделать свадьбу интереснее","0","Arsenkin Wordstat seasonality Russia 2025-06..2026-05","wedding","WEDDING","seasonality_monthly","near","","","year_sum=0; peak=2025-06-01:0; low=2025-06-01:0; peak_to_low=n/a"
"как сделать свадьбу современной","0","Arsenkin Wordstat seasonality Russia 2025-06..2026-05","wedding","WEDDING","seasonality_monthly","near","","","year_sum=0; peak=2025-06-01:0; low=2025-06-01:0; peak_to_low=n/a"
"контент для свадебного экрана","0","Arsenkin Wordstat seasonality Russia 2025-06..2026-05","wedding","WEDDING","seasonality_monthly","near","ads:0; diverse SERP","TOP10 hosts: top15moscow.ru, weddywood.ru, ru.pinterest.com, wedwed.ru, klnv.ru, vecteezy.com, elements.envato.com, motionarray.com, ...","year_sum=0; peak=2025-06-01:0; low=2025-06-01:0; peak_to_low=n/a | possible low/medium competition opportunity; Pinterest-like / visual intent signal"
"развлечения для гостей на свадьбе","2840","Arsenkin Wordstat seasonality Russia 2025-06..2026-05","wedding","WEDDING","seasonality_monthly","near","ads:0; diverse SERP","TOP10 hosts: kp.ru, weddywood.ru, ru.pinterest.com, rbc.ru, instabudka.ru, wedding-magazine.ru, avito.ru, sima-land.ru, ...","year_sum=2840; peak=2025-08-01:393; low=2025-12-01:96; peak_to_low=4.1 | possible low/medium competition opportunity; Pinterest-like / visual intent signal"
"сервисы для мероприятий","12031","Arsenkin Wordstat seasonality Russia 2025-06..2026-05","commercial","EVENT","seasonality_monthly","near","ads:0; diverse SERP","TOP10 hosts: unisender.com, kontur.ru, timepad.ru, afisha.ru, comdi.com, eventologia.ru, texterra.ru, mts-link.ru, ...","year_sum=12031; peak=2025-10-01:1459; low=2025-08-01:486; peak_to_low=3.0 | possible low/medium competition opportunity"
"современные свадьбы","116968","Arsenkin Wordstat seasonality Russia 2025-06..2026-05","wedding","WEDDING","seasonality_monthly","near","","","year_sum=116968; peak=2025-07-01:17734; low=2025-12-01:4457; peak_to_low=4.0"
"технологии для свадьбы","0","Arsenkin Wordstat seasonality Russia 2025-06..2026-05","wedding","WEDDING","seasonality_monthly","near","","","year_sum=0; peak=2025-06-01:0; low=2025-06-01:0; peak_to_low=n/a"
"фото гостей на проекторе","0","Arsenkin Wordstat seasonality Russia 2025-06..2026-05","screen","SCREEN","seasonality_monthly","near","ads:0; diverse SERP","TOP10 hosts: ru.pinterest.com, shutterstock.com, istockphoto.com, divent.ru, fotosklad.ru, youtube.com, arenda-prazdnika.ru, ru.freepik.com, ...","year_sum=0; peak=2025-06-01:0; low=2025-06-01:0; peak_to_low=n/a | possible low/medium competition opportunity; Pinterest-like / visual intent signal"
"фото на экран свадьбы","0","Arsenkin Wordstat seasonality Russia 2025-06..2026-05","wedding","WEDDING","seasonality_monthly","near","","","year_sum=0; peak=2025-06-01:0; low=2025-06-01:0; peak_to_low=n/a"
"фотобудка или qr альбом","0","Arsenkin Wordstat seasonality Russia 2025-06..2026-05","comparison","COMPARISON","seasonality_monthly","near","ads:0; diverse SERP; many aggregators/tools","TOP10 hosts: tamadoba.tech, qrcode-tiger.com, fotify.app, free-qr-code-generator.com, great-shot.ru, photofabrika.ru, guestbook.tv, privet-rent.ru, ...","year_sum=0; peak=2025-06-01:0; low=2025-06-01:0; peak_to_low=n/a | possible low/medium competition opportunity"
"чем удивить гостей на свадьбе","342","Arsenkin Wordstat seasonality Russia 2025-06..2026-05","wedding","WEDDING","seasonality_monthly","near","","","year_sum=342; peak=2025-09-01:47; low=2026-02-01:10; peak_to_low=4.7"
"что делать гостям на свадьбе","1424","Arsenkin Wordstat seasonality Russia 2025-06..2026-05","wedding","WEDDING","seasonality_monthly","near","","","year_sum=1424; peak=2025-07-01:219; low=2025-12-01:62; peak_to_low=3.5"
"что добавить на свадьбу","0","Arsenkin Wordstat seasonality Russia 2025-06..2026-05","wedding","WEDDING","seasonality_monthly","near","","","year_sum=0; peak=2025-06-01:0; low=2025-06-01:0; peak_to_low=n/a"
"что показать на проекторе на свадьбе","0","Arsenkin Wordstat seasonality Russia 2025-06..2026-05","wedding","WEDDING","seasonality_monthly","near","ads:0; diverse SERP; Yandex Images present","TOP10 hosts: vk.com, lg.com, mywed.by, fotopro.by, 1portal.ru, svadebka.ws, youtube.com, yandex.ru, ...","year_sum=0; peak=2025-06-01:0; low=2025-06-01:0; peak_to_low=n/a | possible low/medium competition opportunity; Pinterest-like / visual intent signal"
"что показывать на экране свадьбы","0","Arsenkin Wordstat seasonality Russia 2025-06..2026-05","wedding","WEDDING","seasonality_monthly","near","","","year_sum=0; peak=2025-06-01:0; low=2025-06-01:0; peak_to_low=n/a"
"экран на свадьбу","10015","Arsenkin Wordstat seasonality Russia 2025-06..2026-05","wedding","WEDDING","seasonality_monthly","near","ads:0; diverse SERP; Yandex Images present","TOP10 hosts: avito.ru, plasmaonline.ru, show-effect.ru, proektori.ru, esmedia.ru, rentproektor.ru, xn----7sbfefee2czacyjj4b1h.xn--p1ai, arendaplazm.ru, ...","year_sum=10015; peak=2026-03-01:2236; low=2025-12-01:295; peak_to_low=7.6 | possible low/medium competition opportunity; Pinterest-like / visual intent signal"
"digital свадьба","0","Arsenkin Wordstat seasonality Russia 2025-06..2026-05","wedding","WEDDING","seasonality_monthly","near","ads:0; diverse SERP; UGC/forum present","TOP10 hosts: wedding-magazine.ru, forbes.ru, ru.pinterest.com, dzen.ru, vk.com, nevesta.moscow, teletype.in, bonobology.com, ...","year_sum=0; peak=2025-06-01:0; low=2025-06-01:0; peak_to_low=n/a | possible low/medium competition opportunity; Pinterest-like / visual intent signal; UGC signal"
"google drive для свадьбы","0","Arsenkin Wordstat seasonality Russia 2025-06..2026-05","comparison","COMPARISON","seasonality_monthly","near","","","year_sum=0; peak=2025-06-01:0; low=2025-06-01:0; peak_to_low=n/a"
"qr активности свадьба","0","Arsenkin Wordstat seasonality Russia 2025-06..2026-05","wedding","WEDDING","seasonality_monthly","near","","","year_sum=0; peak=2025-06-01:0; low=2025-06-01:0; peak_to_low=n/a"
"qr альбом свадьба","0","Arsenkin Wordstat seasonality Russia 2025-06..2026-05","wedding","WEDDING","seasonality_monthly","near","ads:0; diverse SERP; many aggregators/tools","TOP10 hosts: planning.wedding, tamadoba.tech, fotify.app, qrcode-tiger.com, ru.pinterest.com, qrcod.ru, wed.tv, easyweddingalbum.com, ...","year_sum=0; peak=2025-06-01:0; low=2025-06-01:0; peak_to_low=n/a | possible low/medium competition opportunity; Pinterest-like / visual intent signal"
"qr код для гостей","865","Arsenkin Wordstat seasonality Russia 2025-06..2026-05","qr","QR","seasonality_monthly","near","ads:0; diverse SERP; Yandex Images present; many aggregators/tools","TOP10 hosts: qrkoder.ru, the-qrcode-generator.com, event.ru, saby.ru, tamadoba.tech, qrcode-tiger.com, rozetked.me, kontur.ru, ...","year_sum=865; peak=2025-06-01:116; low=2025-08-01:43; peak_to_low=2.7 | possible low/medium competition opportunity; Pinterest-like / visual intent signal"
"qr код на свадьбу","907","Arsenkin Wordstat seasonality Russia 2025-06..2026-05","wedding","WEDDING","seasonality_monthly","near","ads:0; diverse SERP; Yandex Images present; many aggregators/tools","TOP10 hosts: planning.wedding, qrcod.ru, tamadoba.tech, yandex.ru, fotify.app, ru.qrcodechimp.com, jotform.com, bfm.ru, ...","year_sum=907; peak=2025-07-01:226; low=2025-12-01:26; peak_to_low=8.7 | possible low/medium competition opportunity; Pinterest-like / visual intent signal"
"telegram для фото гостей","0","Arsenkin Wordstat seasonality Russia 2025-06..2026-05","comparison","COMPARISON","seasonality_monthly","near","","","year_sum=0; peak=2025-06-01:0; low=2025-06-01:0; peak_to_low=n/a"
"wedding welcome screen","0","Arsenkin Wordstat seasonality Russia 2025-06..2026-05","screen","SCREEN","seasonality_monthly","near","","","year_sum=0; peak=2025-06-01:0; low=2025-06-01:0; peak_to_low=n/a"
"welcome зона свадьба","0","Arsenkin Wordstat seasonality Russia 2025-06..2026-05","wedding","WEDDING","seasonality_monthly","near","ads:0; diverse SERP","TOP10 hosts: ru.pinterest.com, houseforwedding.ru, wedwed.ru, 1portal.ru, top15moscow.ru, wedding-magazine.ru, mywed.by, darsy-wed.ru, ...","year_sum=0; peak=2025-06-01:0; low=2025-06-01:0; peak_to_low=n/a | possible low/medium competition opportunity; Pinterest-like / visual intent signal"
"wow эффекты на свадьбе","0","Arsenkin Wordstat seasonality Russia 2025-06..2026-05","wedding","WEDDING","seasonality_monthly","near","","","year_sum=0; peak=2025-06-01:0; low=2025-06-01:0; peak_to_low=n/a"
"17 лет свадьбы почему не отмечается","","Yandex Suggest direct Russia lr=225","wedding","WEDDING","suggest prefix; seed: современные свадьбы","near","","","real Yandex suggest for request: зачем современные свадьбы"
"28 лет свадьбы почему не отмечается","","Yandex Suggest direct Russia lr=225","wedding","WEDDING","suggest prefix; seed: современные свадьбы","near","","","real Yandex suggest for request: зачем современные свадьбы"
"36 лет свадьбы почему не отмечается","","Yandex Suggest direct Russia lr=225","wedding","WEDDING","suggest prefix; seed: современные свадьбы","near","","","real Yandex suggest for request: зачем современные свадьбы"
"аня карлик из 4 свадьбы почему умерла","","Yandex Suggest direct Russia lr=225","wedding","WEDDING","suggest prefix; seed: современные свадьбы","near","","","real Yandex suggest for request: зачем современные свадьбы"
"весёлые песни для свадьбы танцевальные современные подборка","","Yandex Suggest direct Russia lr=225","wedding","WEDDING","suggest exact; seed: современные свадьбы","near","","","real Yandex suggest for request: современные свадьбы"
"видеть невесту в свадебном платье до свадьбы почему жениху нельзя примета","","Yandex Suggest direct Russia lr=225","wedding","WEDDING","suggest prefix; seed: современные свадьбы","near","","","real Yandex suggest for request: зачем современные свадьбы"
"гости на свадьбе фото","","Yandex Suggest direct Russia lr=225","wedding","WEDDING","suggest exact; seed: фото гостей на свадьбе","near","","","real Yandex suggest for request: фото гостей на свадьбе"
"заставка на свадьбу на экран","","Yandex Suggest direct Russia lr=225","wedding","WEDDING","suggest exact; seed: экран на свадьбу","near","","","real Yandex suggest for request: экран на свадьбу"
"заставка на свадьбу на экран с именами","","Yandex Suggest direct Russia lr=225","wedding","WEDDING","suggest exact; seed: экран на свадьбу","near","","","real Yandex suggest for request: экран на свадьбу"
"интерактивы на велком на свадьбу","","Yandex Suggest direct Russia lr=225","wedding","WEDDING","suggest exact; seed: интерактивы на свадьбу","near","","","real Yandex suggest for request: интерактивы на свадьбу"
"интерактивы на свадьбе","","Yandex Suggest direct Russia lr=225","wedding","WEDDING","suggest letter; seed: интерактивы на свадьбу","near","","","real Yandex suggest for request: интерактивы на свадьбу к"
"интерактивы на свадьбу","","Yandex Suggest direct Russia lr=225","wedding","WEDDING","suggest exact; seed: интерактивы на свадьбу","near","ads:0; diverse SERP","TOP10 hosts: weddywood.ru, wedding-magazine.ru, kp.ru, wedwed.ru, ru.pinterest.com, svadebka.ws, ahaslides.com, 1portal.ru, ...","real Yandex suggest for request: интерактивы на свадьбу | possible low/medium competition opportunity; Pinterest-like / visual intent signal"
"интерактивы на свадьбу 2026","","Yandex Suggest direct Russia lr=225","wedding","WEDDING","suggest exact; seed: интерактивы на свадьбу","near","","","real Yandex suggest for request: интерактивы на свадьбу"
"интерактивы на свадьбу с гостями","","Yandex Suggest direct Russia lr=225","wedding","WEDDING","suggest exact; seed: интерактивы на свадьбу","near","","","real Yandex suggest for request: интерактивы на свадьбу"
"интерактивы на свадьбу современные","","Yandex Suggest direct Russia lr=225","wedding","WEDDING","suggest exact; seed: интерактивы на свадьбу","near","","","real Yandex suggest for request: интерактивы на свадьбу"
"интересные интерактивы на свадьбу","","Yandex Suggest direct Russia lr=225","wedding","WEDDING","suggest exact; seed: интерактивы на свадьбу","near","","","real Yandex suggest for request: интерактивы на свадьбу"
"как проводят современные свадьбы","","Yandex Suggest direct Russia lr=225","wedding","WEDDING","suggest letter; seed: современные свадьбы","near","","","real Yandex suggest for request: современные свадьбы к"
"как удивить гостей на свадьбе","","Yandex Suggest direct Russia lr=225","wedding","WEDDING","suggest prefix; seed: чем удивить гостей на свадьбе","near","","","real Yandex suggest for request: где чем удивить гостей на свадьбе"
"какие развлечения для гостей вы бы хотели видеть на своей свадьбе","","Yandex Suggest direct Russia lr=225","wedding","WEDDING","suggest exact; seed: развлечения для гостей на свадьбе","near","","","real Yandex suggest for request: развлечения для гостей на свадьбе"
"какие свадьбы сейчас в моде","","Yandex Suggest direct Russia lr=225","wedding","WEDDING","suggest letter; seed: современные свадьбы","near","","","real Yandex suggest for request: современные свадьбы в"
"купить интерактивы для ведущего","","Yandex Suggest direct Russia lr=225","commercial","HOST","suggest exact; seed: интерактивы для ведущего","near","","","real Yandex suggest for request: интерактивы для ведущего"
"лучшие сервисы для работы курьером","","Yandex Suggest direct Russia lr=225","commercial","ADJACENT","suggest prefix; seed: сервисы для мероприятий","near","","","real Yandex suggest for request: лучшие сервисы для мероприятий"
"описание гостей на свадьбу для ведущего примеры","","Yandex Suggest direct Russia lr=225","wedding","WEDDING","suggest exact; seed: идеи для ведущего","near","","","real Yandex suggest for request: идеи для ведущего"
"песни для годовщины свадьбы современные","","Yandex Suggest direct Russia lr=225","wedding","WEDDING","suggest letter; seed: современные свадьбы","near","","","real Yandex suggest for request: современные свадьбы г"
"песни для свадьбы современные","","Yandex Suggest direct Russia lr=225","wedding","WEDDING","suggest exact; seed: современные свадьбы","near","","","real Yandex suggest for request: современные свадьбы"
"песни для свадьбы современные для молодоженов","","Yandex Suggest direct Russia lr=225","wedding","WEDDING","suggest letter; seed: современные свадьбы","near","","","real Yandex suggest for request: современные свадьбы д"
"песни для свадьбы танцевальные современные","","Yandex Suggest direct Russia lr=225","wedding","WEDDING","suggest letter; seed: современные свадьбы","near","","","real Yandex suggest for request: современные свадьбы д"
"песни на годовщину свадьбы современные","","Yandex Suggest direct Russia lr=225","wedding","WEDDING","suggest exact; seed: современные свадьбы","near","","","real Yandex suggest for request: современные свадьбы"
"песни на годовщину свадьбы современные весёлые","","Yandex Suggest direct Russia lr=225","wedding","WEDDING","suggest letter; seed: современные свадьбы","near","","","real Yandex suggest for request: современные свадьбы в"
"поздравление с днём свадьбы красивые оригинальные современные","","Yandex Suggest direct Russia lr=225","wedding","WEDDING","suggest exact; seed: современные свадьбы","near","","","real Yandex suggest for request: современные свадьбы"
"поздравление с днём свадьбы красивые оригинальные современные поздравления","","Yandex Suggest direct Russia lr=225","wedding","WEDDING","suggest letter; seed: современные свадьбы","near","","","real Yandex suggest for request: современные свадьбы д"
"поздравление с днём свадьбы красивые оригинальные современные поздравления в картинках бесплатно","","Yandex Suggest direct Russia lr=225","wedding","WEDDING","suggest letter; seed: современные свадьбы","near","","","real Yandex suggest for request: современные свадьбы б"
"почему свадьбы играют в субботу","","Yandex Suggest direct Russia lr=225","wedding","WEDDING","suggest prefix; seed: современные свадьбы","near","","","real Yandex suggest for request: зачем современные свадьбы"
"почему свадьбы такие дорогие","","Yandex Suggest direct Russia lr=225","wedding","WEDDING","suggest prefix; seed: современные свадьбы","near","","","real Yandex suggest for request: зачем современные свадьбы"
"причёска на свадьбу на средние волосы для гостей с челкой фото","","Yandex Suggest direct Russia lr=225","wedding","WEDDING","suggest letter; seed: фото гостей на свадьбе","near","","","real Yandex suggest for request: фото гостей на свадьбе с"
"причёска на свадьбу на средние волосы для гостей с челкой фото 2025","","Yandex Suggest direct Russia lr=225","wedding","WEDDING","suggest letter; seed: фото гостей на свадьбе","near","","","real Yandex suggest for request: фото гостей на свадьбе с"
"причёска на свадьбу на средние волосы для гостей с челкой фото 2026","","Yandex Suggest direct Russia lr=225","wedding","WEDDING","suggest letter; seed: фото гостей на свадьбе","near","","","real Yandex suggest for request: фото гостей на свадьбе с"
"причёски на средние волосы для женщин на торжество с челкой для гостей на свадьбу фото 2025","","Yandex Suggest direct Russia lr=225","wedding","WEDDING","suggest letter; seed: фото гостей на свадьбе","near","","","real Yandex suggest for request: фото гостей на свадьбе с"
"развлечение для гостей на свадьбе","","Yandex Suggest direct Russia lr=225","wedding","WEDDING","suggest prefix; seed: развлечения для гостей на свадьбе","near","","","real Yandex suggest for request: лучшие развлечения для гостей на свадьбе"
"развлечения для гостей на свадьбе","","Yandex Suggest direct Russia lr=225","wedding","WEDDING","suggest exact; seed: развлечения для гостей на свадьбе","near","ads:0; diverse SERP","TOP10 hosts: kp.ru, weddywood.ru, ru.pinterest.com, rbc.ru, instabudka.ru, wedding-magazine.ru, avito.ru, sima-land.ru, ...","real Yandex suggest for request: развлечения для гостей на свадьбе | possible low/medium competition opportunity; Pinterest-like / visual intent signal"
"развлечения на свадьбе для гостей","","Yandex Suggest direct Russia lr=225","wedding","WEDDING","suggest space; seed: развлечения для гостей на свадьбе","near","","","real Yandex suggest for request: развлечения для гостей на свадьбе "
"развлечения на свадьбе для гостей современные","","Yandex Suggest direct Russia lr=225","wedding","WEDDING","suggest exact; seed: развлечения для гостей на свадьбе","near","","","real Yandex suggest for request: развлечения для гостей на свадьбе"
"с годовщиной свадьбы открытки прикольные современные","","Yandex Suggest direct Russia lr=225","wedding","WEDDING","suggest letter; seed: современные свадьбы","near","","","real Yandex suggest for request: современные свадьбы г"
"с годовщиной свадьбы открытки прикольные современные оригинальные","","Yandex Suggest direct Russia lr=225","wedding","WEDDING","suggest exact; seed: современные свадьбы","near","","","real Yandex suggest for request: современные свадьбы"
"с годовщиной свадьбы современные картинки","","Yandex Suggest direct Russia lr=225","wedding","WEDDING","suggest letter; seed: современные свадьбы","near","","","real Yandex suggest for request: современные свадьбы г"
"с днём свадьбы открытки прикольные современные","","Yandex Suggest direct Russia lr=225","wedding","WEDDING","suggest exact; seed: современные свадьбы","near","","","real Yandex suggest for request: современные свадьбы"
"с днем свадьбы современные картинки","","Yandex Suggest direct Russia lr=225","wedding","WEDDING","suggest letter; seed: современные свадьбы","near","","","real Yandex suggest for request: современные свадьбы к"
"сервис контрольных мероприятий","","Yandex Suggest direct Russia lr=225","commercial","EVENT","suggest letter; seed: сервисы для мероприятий","near","","","real Yandex suggest for request: сервисы для мероприятий к"
"сервис контрольных мероприятий москомспорта","","Yandex Suggest direct Russia lr=225","commercial","EVENT","suggest letter; seed: сервисы для мероприятий","near","","","real Yandex suggest for request: сервисы для мероприятий к"
"сервисы для покупки билетов на мероприятия","","Yandex Suggest direct Russia lr=225","commercial","EVENT","suggest letter; seed: сервисы для мероприятий","near","","","real Yandex suggest for request: сервисы для мероприятий б"
"сервисы для продажи билетов на мероприятия","","Yandex Suggest direct Russia lr=225","commercial","EVENT","suggest letter; seed: сервисы для мероприятий","near","","","real Yandex suggest for request: сервисы для мероприятий б"
"сервисы для работы","","Yandex Suggest direct Russia lr=225","commercial","ADJACENT","suggest exact; seed: сервисы для мероприятий","near","","","real Yandex suggest for request: сервисы для мероприятий"
"сервисы для работы в такси","","Yandex Suggest direct Russia lr=225","commercial","ADJACENT","suggest exact; seed: сервисы для мероприятий","near","","","real Yandex suggest for request: сервисы для мероприятий"
"сервисы для работы курьером","","Yandex Suggest direct Russia lr=225","commercial","ADJACENT","suggest exact; seed: сервисы для мероприятий","near","","","real Yandex suggest for request: сервисы для мероприятий"
"сервисы для работы онлайн","","Yandex Suggest direct Russia lr=225","commercial","ADJACENT","suggest exact; seed: сервисы для мероприятий","near","","","real Yandex suggest for request: сервисы для мероприятий"
"сервисы для работы психологом","","Yandex Suggest direct Russia lr=225","commercial","ADJACENT","suggest exact; seed: сервисы для мероприятий","near","","","real Yandex suggest for request: сервисы для мероприятий"
"сервисы для работы с авито","","Yandex Suggest direct Russia lr=225","commercial","ADJACENT","suggest exact; seed: сервисы для мероприятий","near","","","real Yandex suggest for request: сервисы для мероприятий"
"сервисы для работы с документами","","Yandex Suggest direct Russia lr=225","commercial","ADJACENT","suggest exact; seed: сервисы для мероприятий","near","","","real Yandex suggest for request: сервисы для мероприятий"
"сервисы для работы с ии","","Yandex Suggest direct Russia lr=225","commercial","ADJACENT","suggest letter; seed: сервисы для мероприятий","near","","","real Yandex suggest for request: сервисы для мероприятий с"
"сервисы для работы с маркетплейсами","","Yandex Suggest direct Russia lr=225","commercial","ADJACENT","suggest exact; seed: сервисы для мероприятий","near","","","real Yandex suggest for request: сервисы для мероприятий"
"сервисы для работы с одноклассником","","Yandex Suggest direct Russia lr=225","commercial","ADJACENT","suggest exact; seed: сервисы для мероприятий","near","","","real Yandex suggest for request: сервисы для мероприятий"
"сервисы для работы с самозанятыми","","Yandex Suggest direct Russia lr=225","commercial","ADJACENT","suggest exact; seed: сервисы для мероприятий","near","","","real Yandex suggest for request: сервисы для мероприятий"
"сервисы для работы с текстом","","Yandex Suggest direct Russia lr=225","commercial","ADJACENT","suggest letter; seed: сервисы для мероприятий","near","","","real Yandex suggest for request: сервисы для мероприятий с"
"сервисы для работы с честным знаком","","Yandex Suggest direct Russia lr=225","commercial","ADJACENT","suggest space; seed: сервисы для мероприятий","near","","","real Yandex suggest for request: сервисы для мероприятий "
"сервисы для работы телеграмма","","Yandex Suggest direct Russia lr=225","commercial","COMPARISON","suggest letter; seed: сервисы для мероприятий","near","","","real Yandex suggest for request: сервисы для мероприятий т"
"сервисы для работы ютуба","","Yandex Suggest direct Russia lr=225","commercial","ADJACENT","suggest letter; seed: сервисы для мероприятий","near","","","real Yandex suggest for request: сервисы для мероприятий ю"
"сколько стоят свадьбы","","Yandex Suggest direct Russia lr=225","wedding","WEDDING","suggest prefix; seed: современные свадьбы","near","","","real Yandex suggest for request: сколько стоит современные свадьбы"
"современные идеи для свадьбы","","Yandex Suggest direct Russia lr=225","wedding","WEDDING","suggest letter; seed: современные свадьбы","near","","","real Yandex suggest for request: современные свадьбы и"
"современные поздравления с днем свадьбы","","Yandex Suggest direct Russia lr=225","wedding","WEDDING","suggest letter; seed: современные свадьбы","near","","","real Yandex suggest for request: современные свадьбы с"
"современные свадьбы","","Yandex Suggest direct Russia lr=225","wedding","WEDDING","suggest exact; seed: современные свадьбы","near","","","real Yandex suggest for request: современные свадьбы"
"современные свадьбы как проходят","","Yandex Suggest direct Russia lr=225","wedding","WEDDING","suggest exact; seed: современные свадьбы","near","","","real Yandex suggest for request: современные свадьбы"
"современные свадьбы как проходят в россии","","Yandex Suggest direct Russia lr=225","wedding","WEDDING","suggest exact; seed: современные свадьбы","near","","","real Yandex suggest for request: современные свадьбы"
"современные свадьбы фото","","Yandex Suggest direct Russia lr=225","wedding","WEDDING","suggest exact; seed: современные свадьбы","near","","","real Yandex suggest for request: современные свадьбы"
"сценарии для свадьбы без тамады смешные и современные","","Yandex Suggest direct Russia lr=225","commercial","WEDDING","suggest space; seed: современные свадьбы","near","","","real Yandex suggest for request: современные свадьбы "
"факты о женихе и невесте для ведущего на свадьбу примеры","","Yandex Suggest direct Russia lr=225","wedding","WEDDING","suggest exact; seed: идеи для ведущего","near","","","real Yandex suggest for request: идеи для ведущего"
"фишки свадьбы современные","","Yandex Suggest direct Russia lr=225","wedding","WEDDING","suggest letter; seed: современные свадьбы","near","","","real Yandex suggest for request: современные свадьбы ф"
"фон на свадьбу на экран","","Yandex Suggest direct Russia lr=225","wedding","WEDDING","suggest exact; seed: экран на свадьбу","near","","","real Yandex suggest for request: экран на свадьбу"
"характеристика гостей на свадьбу для ведущего примеры","","Yandex Suggest direct Russia lr=225","wedding","WEDDING","suggest exact; seed: идеи для ведущего","near","","","real Yandex suggest for request: идеи для ведущего"
"характеристика гостей на свадьбу для ведущего примеры с юмором","","Yandex Suggest direct Russia lr=225","wedding","WEDDING","suggest exact; seed: идеи для ведущего","near","","","real Yandex suggest for request: идеи для ведущего"
"чем занять гостей на свадьбе во время фотосессии молодых","","Yandex Suggest direct Russia lr=225","wedding","WEDDING","suggest prefix; seed: фото гостей на свадьбе","near","","","real Yandex suggest for request: идеи фото гостей на свадьбе"
"чем удивить гостей на свадьбе","","Yandex Suggest direct Russia lr=225","wedding","WEDDING","suggest exact; seed: чем удивить гостей на свадьбе","near","","","real Yandex suggest for request: чем удивить гостей на свадьбе"
"четыре свадьбы сейчас","","Yandex Suggest direct Russia lr=225","wedding","WEDDING","suggest letter; seed: современные свадьбы","near","","","real Yandex suggest for request: современные свадьбы ч"
"что можно разыграть на свадьбе для гостей","","Yandex Suggest direct Russia lr=225","wedding","WEDDING","suggest exact; seed: развлечения для гостей на свадьбе","near","","","real Yandex suggest for request: развлечения для гостей на свадьбе"
"что сделать на свадьбу","","Yandex Suggest direct Russia lr=225","wedding","WEDDING","suggest exact; seed: что добавить на свадьбу","near","","","real Yandex suggest for request: что добавить на свадьбу"
"экран на свадьбе","","Yandex Suggest direct Russia lr=225","wedding","WEDDING","suggest letter; seed: экран на свадьбу","near","","","real Yandex suggest for request: экран на свадьбу к"
"экран на свадьбу","","Yandex Suggest direct Russia lr=225","wedding","WEDDING","suggest exact; seed: экран на свадьбу","near","ads:0; diverse SERP; Yandex Images present","TOP10 hosts: avito.ru, plasmaonline.ru, show-effect.ru, proektori.ru, esmedia.ru, rentproektor.ru, xn----7sbfefee2czacyjj4b1h.xn--p1ai, arendaplazm.ru, ...","real Yandex suggest for request: экран на свадьбу | possible low/medium competition opportunity; Pinterest-like / visual intent signal"
"альтернативы фотобудке","","Arsenkin Yandex XML TOP10 Russia","comparison","COMPARISON","serp_top10","near","ads:0; diverse SERP; Yandex Images present; UGC/forum present | ads:0; diverse SERP; Yandex Images present; UGC/forum present","TOP10 hosts: tr-page.yandex.ru, monocle.ru, click-photo.ru, vc.ru, 1divisionpro.ru, vk.com, skagitesir.ru, divolab.ru, ... | TOP10 hosts: tr-page.yandex.ru, monocle.ru, click-photo.ru, vc.ru, 1divisionpro.ru, vk.com, skagitesir.ru, divolab.ru, ...","possible low/medium competition opportunity; Pinterest-like / visual intent signal; UGC signal | possible low/medium competition opportunity; Pinterest-like / visual intent signal; UGC signal"
"интерактивы на свадьбу","","Arsenkin Yandex XML TOP10 Russia","wedding","WEDDING","serp_top10","near","ads:0; diverse SERP | ads:0; diverse SERP","TOP10 hosts: weddywood.ru, wedding-magazine.ru, kp.ru, wedwed.ru, ru.pinterest.com, svadebka.ws, ahaslides.com, 1portal.ru, ... | TOP10 hosts: weddywood.ru, wedding-magazine.ru, kp.ru, wedwed.ru, ru.pinterest.com, svadebka.ws, ahaslides.com, 1portal.ru, ...","possible low/medium competition opportunity; Pinterest-like / visual intent signal | possible low/medium competition opportunity; Pinterest-like / visual intent signal"
"контент для свадебного экрана","","Arsenkin Yandex XML TOP10 Russia","wedding","WEDDING","serp_top10","near","ads:0; diverse SERP | ads:0; diverse SERP","TOP10 hosts: top15moscow.ru, weddywood.ru, ru.pinterest.com, wedwed.ru, klnv.ru, vecteezy.com, elements.envato.com, motionarray.com, ... | TOP10 hosts: top15moscow.ru, weddywood.ru, ru.pinterest.com, wedwed.ru, klnv.ru, vecteezy.com, elements.envato.com, motionarray.com, ...","possible low/medium competition opportunity; Pinterest-like / visual intent signal | possible low/medium competition opportunity; Pinterest-like / visual intent signal"
"развлечения для гостей на свадьбе","","Arsenkin Yandex XML TOP10 Russia","wedding","WEDDING","serp_top10","near","ads:0; diverse SERP | ads:0; diverse SERP","TOP10 hosts: kp.ru, weddywood.ru, ru.pinterest.com, rbc.ru, instabudka.ru, wedding-magazine.ru, avito.ru, sima-land.ru, ... | TOP10 hosts: kp.ru, weddywood.ru, ru.pinterest.com, rbc.ru, instabudka.ru, wedding-magazine.ru, avito.ru, sima-land.ru, ...","possible low/medium competition opportunity; Pinterest-like / visual intent signal | possible low/medium competition opportunity; Pinterest-like / visual intent signal"
"сервисы для мероприятий","","Arsenkin Yandex XML TOP10 Russia","commercial","EVENT","serp_top10","near","ads:0; diverse SERP | ads:0; diverse SERP","TOP10 hosts: unisender.com, kontur.ru, timepad.ru, afisha.ru, comdi.com, eventologia.ru, texterra.ru, mts-link.ru, ... | TOP10 hosts: unisender.com, kontur.ru, timepad.ru, afisha.ru, comdi.com, eventologia.ru, texterra.ru, mts-link.ru, ...","possible low/medium competition opportunity | possible low/medium competition opportunity"
"фото гостей на проекторе","","Arsenkin Yandex XML TOP10 Russia","screen","SCREEN","serp_top10","near","ads:0; diverse SERP | ads:0; diverse SERP","TOP10 hosts: ru.pinterest.com, shutterstock.com, istockphoto.com, divent.ru, fotosklad.ru, youtube.com, arenda-prazdnika.ru, ru.freepik.com, ... | TOP10 hosts: ru.pinterest.com, shutterstock.com, istockphoto.com, divent.ru, fotosklad.ru, youtube.com, arenda-prazdnika.ru, ru.freepik.com, ...","possible low/medium competition opportunity; Pinterest-like / visual intent signal | possible low/medium competition opportunity; Pinterest-like / visual intent signal"
"фотобудка или qr альбом","","Arsenkin Yandex XML TOP10 Russia","comparison","COMPARISON","serp_top10","near","ads:0; diverse SERP; many aggregators/tools | ads:0; diverse SERP; many aggregators/tools","TOP10 hosts: tamadoba.tech, qrcode-tiger.com, fotify.app, free-qr-code-generator.com, great-shot.ru, photofabrika.ru, guestbook.tv, privet-rent.ru, ... | TOP10 hosts: tamadoba.tech, qrcode-tiger.com, fotify.app, free-qr-code-generator.com, great-shot.ru, photofabrika.ru, guestbook.tv, privet-rent.ru, ...","possible low/medium competition opportunity | possible low/medium competition opportunity"
"что показать на проекторе на свадьбе","","Arsenkin Yandex XML TOP10 Russia","wedding","WEDDING","serp_top10","near","ads:0; diverse SERP; Yandex Images present | ads:0; diverse SERP; Yandex Images present","TOP10 hosts: vk.com, lg.com, mywed.by, fotopro.by, 1portal.ru, svadebka.ws, youtube.com, yandex.ru, ... | TOP10 hosts: vk.com, lg.com, mywed.by, fotopro.by, 1portal.ru, svadebka.ws, youtube.com, yandex.ru, ...","possible low/medium competition opportunity; Pinterest-like / visual intent signal | possible low/medium competition opportunity; Pinterest-like / visual intent signal"
"экран на свадьбу","","Arsenkin Yandex XML TOP10 Russia","wedding","WEDDING","serp_top10","near","ads:0; diverse SERP; Yandex Images present | ads:0; diverse SERP; Yandex Images present","TOP10 hosts: avito.ru, plasmaonline.ru, show-effect.ru, proektori.ru, esmedia.ru, rentproektor.ru, xn----7sbfefee2czacyjj4b1h.xn--p1ai, arendaplazm.ru, ... | TOP10 hosts: avito.ru, plasmaonline.ru, show-effect.ru, proektori.ru, esmedia.ru, rentproektor.ru, xn----7sbfefee2czacyjj4b1h.xn--p1ai, arendaplazm.ru, ...","possible low/medium competition opportunity; Pinterest-like / visual intent signal | possible low/medium competition opportunity; Pinterest-like / visual intent signal"
"digital свадьба","","Arsenkin Yandex XML TOP10 Russia","wedding","WEDDING","serp_top10","near","ads:0; diverse SERP; UGC/forum present | ads:0; diverse SERP; UGC/forum present","TOP10 hosts: wedding-magazine.ru, forbes.ru, ru.pinterest.com, dzen.ru, vk.com, nevesta.moscow, teletype.in, bonobology.com, ... | TOP10 hosts: wedding-magazine.ru, forbes.ru, ru.pinterest.com, dzen.ru, vk.com, nevesta.moscow, teletype.in, bonobology.com, ...","possible low/medium competition opportunity; Pinterest-like / visual intent signal; UGC signal | possible low/medium competition opportunity; Pinterest-like / visual intent signal; UGC signal"
"qr альбом свадьба","","Arsenkin Yandex XML TOP10 Russia","wedding","WEDDING","serp_top10","near","ads:0; diverse SERP; many aggregators/tools | ads:0; diverse SERP; many aggregators/tools","TOP10 hosts: planning.wedding, tamadoba.tech, fotify.app, qrcode-tiger.com, ru.pinterest.com, qrcod.ru, wed.tv, easyweddingalbum.com, ... | TOP10 hosts: planning.wedding, tamadoba.tech, fotify.app, qrcode-tiger.com, ru.pinterest.com, qrcod.ru, wed.tv, easyweddingalbum.com, ...","possible low/medium competition opportunity; Pinterest-like / visual intent signal | possible low/medium competition opportunity; Pinterest-like / visual intent signal"
"qr код для гостей","","Arsenkin Yandex XML TOP10 Russia","qr","QR","serp_top10","near","ads:0; diverse SERP; Yandex Images present; many aggregators/tools | ads:0; diverse SERP; Yandex Images present; many aggregators/tools","TOP10 hosts: qrkoder.ru, the-qrcode-generator.com, event.ru, saby.ru, tamadoba.tech, qrcode-tiger.com, rozetked.me, kontur.ru, ... | TOP10 hosts: qrkoder.ru, the-qrcode-generator.com, event.ru, saby.ru, tamadoba.tech, qrcode-tiger.com, rozetked.me, kontur.ru, ...","possible low/medium competition opportunity; Pinterest-like / visual intent signal | possible low/medium competition opportunity; Pinterest-like / visual intent signal"
"qr код на свадьбу","","Arsenkin Yandex XML TOP10 Russia","wedding","WEDDING","serp_top10","near","ads:0; diverse SERP; Yandex Images present; many aggregators/tools | ads:0; diverse SERP; Yandex Images present; many aggregators/tools","TOP10 hosts: planning.wedding, qrcod.ru, tamadoba.tech, yandex.ru, fotify.app, ru.qrcodechimp.com, jotform.com, bfm.ru, ... | TOP10 hosts: planning.wedding, qrcod.ru, tamadoba.tech, yandex.ru, fotify.app, ru.qrcodechimp.com, jotform.com, bfm.ru, ...","possible low/medium competition opportunity; Pinterest-like / visual intent signal | possible low/medium competition opportunity; Pinterest-like / visual intent signal"
"welcome зона свадьба","","Arsenkin Yandex XML TOP10 Russia","wedding","WEDDING","serp_top10","near","ads:0; diverse SERP | ads:0; diverse SERP","TOP10 hosts: ru.pinterest.com, houseforwedding.ru, wedwed.ru, 1portal.ru, top15moscow.ru, wedding-magazine.ru, mywed.by, darsy-wed.ru, ... | TOP10 hosts: ru.pinterest.com, houseforwedding.ru, wedwed.ru, 1portal.ru, top15moscow.ru, wedding-magazine.ru, mywed.by, darsy-wed.ru, ...","possible low/medium competition opportunity; Pinterest-like / visual intent signal | possible low/medium competition opportunity; Pinterest-like / visual intent signal"
"игры с экраном для ведущих","13","Arsenkin Wordstat Russia left column","host","HOST","Левая; seed: экран для ведущего","adjacent","","","real Wordstat expansion from seed: экран для ведущего"
"идеи для ведущих","647","Arsenkin Wordstat Russia left column","host","HOST","Левая; seed: идеи для ведущего","adjacent","","","real Wordstat expansion from seed: идеи для ведущего"
"идеи для ведущих мероприятий","14","Arsenkin Wordstat Russia left column","informational","EVENT","Левая; seed: идеи для ведущего","adjacent","","","real Wordstat expansion from seed: идеи для ведущего"
"интерактивы для ведущих","210","Arsenkin Wordstat Russia left column","host","HOST","Левая; seed: интерактивы для ведущего","adjacent","","","real Wordstat expansion from seed: интерактивы для ведущего"
"интерактивы для мероприятий для ведущих","29","Arsenkin Wordstat Russia left column","adjacent","EVENT","Левая; seed: интерактивы для ведущего","adjacent","","","real Wordstat expansion from seed: интерактивы для ведущего"
"интерактивы от ведущего для гостей","5","Arsenkin Wordstat Russia left column","host","HOST","Левая; seed: интерактивы для ведущего","adjacent","","","real Wordstat expansion from seed: интерактивы для ведущего"
"как называется экран с текстом для ведущих","9","Arsenkin Wordstat Russia left column","host","HOST","Левая; seed: экран для ведущего","adjacent","","","real Wordstat expansion from seed: экран для ведущего"
"руководящая идея для освещения ведущего замысла","32","Arsenkin Wordstat Russia left column","host","HOST","Левая; seed: идеи для ведущего","adjacent","","","real Wordstat expansion from seed: идеи для ведущего"
"экран для ведущего","232","Arsenkin Wordstat Russia left column","host","HOST","Левая; seed: экран для ведущего","adjacent","","","real Wordstat expansion from seed: экран для ведущего"
"активная поверхность интерактивной доски должна быть","3665","Arsenkin Wordstat Russia right column","adjacent","ADJACENT","Правая; seed: интерактивы для ведущего","adjacent","","","real Wordstat expansion from seed: интерактивы для ведущего"
"бракосочетание","162070","Arsenkin Wordstat Russia right column","adjacent","ADJACENT","Правая; seed: как сделать свадьбу интереснее","adjacent","","","real Wordstat expansion from seed: как сделать свадьбу интереснее"
"бракосочетание это","2296","Arsenkin Wordstat Russia right column","adjacent","ADJACENT","Правая; seed: современные свадьбы","adjacent","","","real Wordstat expansion from seed: современные свадьбы"
"в данной ситуации вы должны остановиться","5273","Arsenkin Wordstat Russia right column","adjacent","ADJACENT","Правая; seed: что делать гостям на свадьбе","adjacent","","","real Wordstat expansion from seed: что делать гостям на свадьбе"
"важные новости","28116","Arsenkin Wordstat Russia right column","adjacent","ADJACENT","Правая; seed: идеи для ведущего","adjacent","","","real Wordstat expansion from seed: идеи для ведущего"
"вгтрк это","878","Arsenkin Wordstat Russia right column","adjacent","ADJACENT","Правая; seed: интерактивы для ведущего","adjacent","","","real Wordstat expansion from seed: интерактивы для ведущего"
"вечеринка знаний","2568","Arsenkin Wordstat Russia right column","adjacent","EVENT","Правая; seed: сервисы для мероприятий","adjacent","","","real Wordstat expansion from seed: сервисы для мероприятий"
"виды праздников","12186","Arsenkin Wordstat Russia right column","adjacent","ADJACENT","Правая; seed: современные свадьбы","adjacent","","","real Wordstat expansion from seed: современные свадьбы"
"виды праздников","11566","Arsenkin Wordstat Russia right column","adjacent","ADJACENT","Правая; seed: как сделать свадьбу интереснее","adjacent","","","real Wordstat expansion from seed: как сделать свадьбу интереснее"
"виды сми","4987","Arsenkin Wordstat Russia right column","adjacent","ADJACENT","Правая; seed: интерактивы для ведущего","adjacent","","","real Wordstat expansion from seed: интерактивы для ведущего"
"виды сми","5223","Arsenkin Wordstat Russia right column","adjacent","ADJACENT","Правая; seed: идеи для ведущего","adjacent","","","real Wordstat expansion from seed: идеи для ведущего"
"внеклассное мероприятие это","747","Arsenkin Wordstat Russia right column","adjacent","EVENT","Правая; seed: интерактивы на свадьбу","adjacent","","","real Wordstat expansion from seed: интерактивы на свадьбу"
"во всем мне хочется дойти","10103","Arsenkin Wordstat Russia right column","adjacent","ADJACENT","Правая; seed: идеи для ведущего","adjacent","","","real Wordstat expansion from seed: идеи для ведущего"
"все новости дня","30090","Arsenkin Wordstat Russia right column","adjacent","ADJACENT","Правая; seed: идеи для ведущего","adjacent","","","real Wordstat expansion from seed: идеи для ведущего"
"все пройдет фестиваль","6891","Arsenkin Wordstat Russia right column","adjacent","ADJACENT","Правая; seed: сервисы для мероприятий","adjacent","","","real Wordstat expansion from seed: сервисы для мероприятий"
"все ради игры читать","5174","Arsenkin Wordstat Russia right column","adjacent","ADJACENT","Правая; seed: интерактивы для ведущего","adjacent","","","real Wordstat expansion from seed: интерактивы для ведущего"
"выездная церемония бракосочетания","366","Arsenkin Wordstat Russia right column","adjacent","ADJACENT","Правая; seed: экран на свадьбу","adjacent","","","real Wordstat expansion from seed: экран на свадьбу"
"генератор кью ар кодов","322","Arsenkin Wordstat Russia right column","adjacent","ADJACENT","Правая; seed: qr код для гостей","adjacent","","","real Wordstat expansion from seed: qr код для гостей"
"готовлю ответ подождите немного","289","Arsenkin Wordstat Russia right column","adjacent","ADJACENT","Правая; seed: что делать гостям на свадьбе","adjacent","","","real Wordstat expansion from seed: что делать гостям на свадьбе"
"группа дисплей","1054","Arsenkin Wordstat Russia right column","adjacent","ADJACENT","Правая; seed: экран для ведущего","adjacent","","","real Wordstat expansion from seed: экран для ведущего"
"давай не ждать мари","16427","Arsenkin Wordstat Russia right column","adjacent","ADJACENT","Правая; seed: что делать гостям на свадьбе","adjacent","","","real Wordstat expansion from seed: что делать гостям на свадьбе"
"делай раз","271745","Arsenkin Wordstat Russia right column","adjacent","ADJACENT","Правая; seed: сервисы для мероприятий","adjacent","","","real Wordstat expansion from seed: сервисы для мероприятий"
"дело было вечером делать было нечего","3427","Arsenkin Wordstat Russia right column","adjacent","ADJACENT","Правая; seed: идеи для ведущего","adjacent","","","real Wordstat expansion from seed: идеи для ведущего"
"дело было вечером делать было нечего","3420","Arsenkin Wordstat Russia right column","adjacent","ADJACENT","Правая; seed: сервисы для мероприятий","adjacent","","","real Wordstat expansion from seed: сервисы для мероприятий"
"демографическая ситуация","26563","Arsenkin Wordstat Russia right column","adjacent","ADJACENT","Правая; seed: идеи для ведущего","adjacent","","","real Wordstat expansion from seed: идеи для ведущего"
"демографическая ситуация это","3433","Arsenkin Wordstat Russia right column","adjacent","ADJACENT","Правая; seed: идеи для ведущего","adjacent","","","real Wordstat expansion from seed: идеи для ведущего"
"е услуги","23859","Arsenkin Wordstat Russia right column","adjacent","ADJACENT","Правая; seed: сервисы для мероприятий","adjacent","","","real Wordstat expansion from seed: сервисы для мероприятий"
"едайли все новости","330","Arsenkin Wordstat Russia right column","adjacent","ADJACENT","Правая; seed: интерактивы для ведущего","adjacent","","","real Wordstat expansion from seed: интерактивы для ведущего"
"едайли все новости","332","Arsenkin Wordstat Russia right column","adjacent","ADJACENT","Правая; seed: идеи для ведущего","adjacent","","","real Wordstat expansion from seed: идеи для ведущего"
"если весело живется делай так","2735","Arsenkin Wordstat Russia right column","adjacent","ADJACENT","Правая; seed: идеи для ведущего","adjacent","","","real Wordstat expansion from seed: идеи для ведущего"
"ивент","240384","Arsenkin Wordstat Russia right column","adjacent","ADJACENT","Правая; seed: сервисы для мероприятий","adjacent","","","real Wordstat expansion from seed: сервисы для мероприятий"
"ивент агентство","8508","Arsenkin Wordstat Russia right column","adjacent","ADJACENT","Правая; seed: сервисы для мероприятий","adjacent","","","real Wordstat expansion from seed: сервисы для мероприятий"
"ивент это","8145","Arsenkin Wordstat Russia right column","adjacent","ADJACENT","Правая; seed: сервисы для мероприятий","adjacent","","","real Wordstat expansion from seed: сервисы для мероприятий"
"интегратор это","2220","Arsenkin Wordstat Russia right column","adjacent","ADJACENT","Правая; seed: интерактивы для ведущего","adjacent","","","real Wordstat expansion from seed: интерактивы для ведущего"
"интерактивная доска должна быть расположена","4778","Arsenkin Wordstat Russia right column","adjacent","ADJACENT","Правая; seed: интерактивы для ведущего","adjacent","","","real Wordstat expansion from seed: интерактивы для ведущего"
"интерактивная доска должна быть расположена гигтест","2868","Arsenkin Wordstat Russia right column","adjacent","ADJACENT","Правая; seed: интерактивы для ведущего","adjacent","","","real Wordstat expansion from seed: интерактивы для ведущего"
"интерактивность это","1279","Arsenkin Wordstat Russia right column","adjacent","ADJACENT","Правая; seed: интерактивы для ведущего","adjacent","","","real Wordstat expansion from seed: интерактивы для ведущего"
"интерактивный портал","9989","Arsenkin Wordstat Russia right column","adjacent","ADJACENT","Правая; seed: интерактивы для ведущего","adjacent","","","real Wordstat expansion from seed: интерактивы для ведущего"
"интеракция это","1378","Arsenkin Wordstat Russia right column","adjacent","ADJACENT","Правая; seed: интерактивы для ведущего","adjacent","","","real Wordstat expansion from seed: интерактивы для ведущего"
"как изменить герцовку монитора","927","Arsenkin Wordstat Russia right column","informational","ADJACENT","Правая; seed: экран для ведущего","adjacent","","","real Wordstat expansion from seed: экран для ведущего"
"как называется сегодняшний праздник","229","Arsenkin Wordstat Russia right column","informational","ADJACENT","Правая; seed: современные свадьбы","adjacent","","","real Wordstat expansion from seed: современные свадьбы"
"как прошел парад","21445","Arsenkin Wordstat Russia right column","informational","ADJACENT","Правая; seed: сервисы для мероприятий","adjacent","","","real Wordstat expansion from seed: сервисы для мероприятий"
"как сделать монитор основным","1160","Arsenkin Wordstat Russia right column","informational","ADJACENT","Правая; seed: экран для ведущего","adjacent","","","real Wordstat expansion from seed: экран для ведущего"
"какие есть праздники","117950","Arsenkin Wordstat Russia right column","adjacent","ADJACENT","Правая; seed: как сделать свадьбу интереснее","adjacent","","","real Wordstat expansion from seed: как сделать свадьбу интереснее"
"какие мониторы используют на турнирах по кс2","68","Arsenkin Wordstat Russia right column","adjacent","ADJACENT","Правая; seed: экран для ведущего","adjacent","","","real Wordstat expansion from seed: экран для ведущего"
"какой должна быть искренняя помощь человеку","1496","Arsenkin Wordstat Russia right column","adjacent","ADJACENT","Правая; seed: что делать гостям на свадьбе","adjacent","","","real Wordstat expansion from seed: что делать гостям на свадьбе"
"какой праздник во вторник","435","Arsenkin Wordstat Russia right column","adjacent","ADJACENT","Правая; seed: как сделать свадьбу интереснее","adjacent","","","real Wordstat expansion from seed: как сделать свадьбу интереснее"
"какой праздник во вторник","441","Arsenkin Wordstat Russia right column","adjacent","ADJACENT","Правая; seed: что делать гостям на свадьбе","adjacent","","","real Wordstat expansion from seed: что делать гостям на свадьбе"
"какой сейчас праздник","10625","Arsenkin Wordstat Russia right column","adjacent","ADJACENT","Правая; seed: современные свадьбы","adjacent","","","real Wordstat expansion from seed: современные свадьбы"
"какой скоро праздник","3098","Arsenkin Wordstat Russia right column","adjacent","ADJACENT","Правая; seed: как сделать свадьбу интереснее","adjacent","","","real Wordstat expansion from seed: как сделать свадьбу интереснее"
"картинка с бракосочетанием","3847","Arsenkin Wordstat Russia right column","adjacent","ADJACENT","Правая; seed: фото гостей на свадьбе","adjacent","","","real Wordstat expansion from seed: фото гостей на свадьбе"
"картинка с бракосочетанием поздравление","842","Arsenkin Wordstat Russia right column","adjacent","ADJACENT","Правая; seed: фото гостей на свадьбе","adjacent","","","real Wordstat expansion from seed: фото гостей на свадьбе"
"картинка с днем бракосочетания","1919","Arsenkin Wordstat Russia right column","adjacent","ADJACENT","Правая; seed: фото гостей на свадьбе","adjacent","","","real Wordstat expansion from seed: фото гостей на свадьбе"
"квартирник это что за мероприятие","115","Arsenkin Wordstat Russia right column","informational","EVENT","Правая; seed: интерактивы на свадьбу","adjacent","","","real Wordstat expansion from seed: интерактивы на свадьбу"
"когда будет новый год","15492","Arsenkin Wordstat Russia right column","adjacent","ADJACENT","Правая; seed: современные свадьбы","adjacent","","","real Wordstat expansion from seed: современные свадьбы"
"когда новый год","56426","Arsenkin Wordstat Russia right column","adjacent","ADJACENT","Правая; seed: современные свадьбы","adjacent","","","real Wordstat expansion from seed: современные свадьбы"
"код ктру","13457","Arsenkin Wordstat Russia right column","adjacent","ADJACENT","Правая; seed: qr код для гостей","adjacent","","","real Wordstat expansion from seed: qr код для гостей"
"кто такой тамада","538","Arsenkin Wordstat Russia right column","host","HOST","Правая; seed: экран для ведущего","adjacent","","","real Wordstat expansion from seed: экран для ведущего"
"монитор это","50209","Arsenkin Wordstat Russia right column","adjacent","ADJACENT","Правая; seed: экран для ведущего","adjacent","","","real Wordstat expansion from seed: экран для ведущего"
"на реальных событиях","589460","Arsenkin Wordstat Russia right column","adjacent","ADJACENT","Правая; seed: идеи для ведущего","adjacent","","","real Wordstat expansion from seed: идеи для ведущего"
"на что влияет герцовка монитора","229","Arsenkin Wordstat Russia right column","informational","ADJACENT","Правая; seed: экран для ведущего","adjacent","","","real Wordstat expansion from seed: экран для ведущего"
"новостной агрегатор сми2 все главные новости","3796","Arsenkin Wordstat Russia right column","adjacent","ADJACENT","Правая; seed: интерактивы для ведущего","adjacent","","","real Wordstat expansion from seed: интерактивы для ведущего"
"новый стиль","60415","Arsenkin Wordstat Russia right column","adjacent","ADJACENT","Правая; seed: современные свадьбы","adjacent","","","real Wordstat expansion from seed: современные свадьбы"
"ооо нпп монитор","311","Arsenkin Wordstat Russia right column","adjacent","ADJACENT","Правая; seed: экран для ведущего","adjacent","","","real Wordstat expansion from seed: экран для ведущего"
"оп давай давай двигай телом отдыхай","657","Arsenkin Wordstat Russia right column","adjacent","ADJACENT","Правая; seed: что делать гостям на свадьбе","adjacent","","","real Wordstat expansion from seed: что делать гостям на свадьбе"
"организация праздников","71444","Arsenkin Wordstat Russia right column","adjacent","ADJACENT","Правая; seed: сервисы для мероприятий","adjacent","","","real Wordstat expansion from seed: сервисы для мероприятий"
"основано на реальных событиях фильм","65310","Arsenkin Wordstat Russia right column","adjacent","ADJACENT","Правая; seed: идеи для ведущего","adjacent","","","real Wordstat expansion from seed: идеи для ведущего"
"перечень событий процессов","54893","Arsenkin Wordstat Russia right column","adjacent","ADJACENT","Правая; seed: идеи для ведущего","adjacent","","","real Wordstat expansion from seed: идеи для ведущего"
"перечень событий процессов","45480","Arsenkin Wordstat Russia right column","adjacent","ADJACENT","Правая; seed: сервисы для мероприятий","adjacent","","","real Wordstat expansion from seed: сервисы для мероприятий"
"портал исполнения контрактов","3521","Arsenkin Wordstat Russia right column","adjacent","ADJACENT","Правая; seed: интерактивы для ведущего","adjacent","","","real Wordstat expansion from seed: интерактивы для ведущего"
"праздник который всегда с тобой","2150","Arsenkin Wordstat Russia right column","adjacent","ADJACENT","Правая; seed: как сделать свадьбу интереснее","adjacent","","","real Wordstat expansion from seed: как сделать свадьбу интереснее"
"праздник мастер","6558","Arsenkin Wordstat Russia right column","adjacent","ADJACENT","Правая; seed: сервисы для мероприятий","adjacent","","","real Wordstat expansion from seed: сервисы для мероприятий"
"праздник это","268158","Arsenkin Wordstat Russia right column","adjacent","ADJACENT","Правая; seed: как сделать свадьбу интереснее","adjacent","","","real Wordstat expansion from seed: как сделать свадьбу интереснее"
"праздники все сезоны","15156","Arsenkin Wordstat Russia right column","adjacent","ADJACENT","Правая; seed: как сделать свадьбу интереснее","adjacent","","","real Wordstat expansion from seed: как сделать свадьбу интереснее"
"развлекалово ком","5456","Arsenkin Wordstat Russia right column","adjacent","ADJACENT","Правая; seed: интерактивы для ведущего","adjacent","","","real Wordstat expansion from seed: интерактивы для ведущего"
"с бракосочетанием картинки","3847","Arsenkin Wordstat Russia right column","adjacent","ADJACENT","Правая; seed: фото гостей на свадьбе","adjacent","","","real Wordstat expansion from seed: фото гостей на свадьбе"
"с праздником вас","19161","Arsenkin Wordstat Russia right column","adjacent","ADJACENT","Правая; seed: как сделать свадьбу интереснее","adjacent","","","real Wordstat expansion from seed: как сделать свадьбу интереснее"
"самая интересная новость дня","1849","Arsenkin Wordstat Russia right column","informational","ADJACENT","Правая; seed: идеи для ведущего","adjacent","","","real Wordstat expansion from seed: идеи для ведущего"
"самые важные новости","11828","Arsenkin Wordstat Russia right column","adjacent","ADJACENT","Правая; seed: идеи для ведущего","adjacent","","","real Wordstat expansion from seed: идеи для ведущего"
"самые честные новости","2983","Arsenkin Wordstat Russia right column","adjacent","ADJACENT","Правая; seed: идеи для ведущего","adjacent","","","real Wordstat expansion from seed: идеи для ведущего"
"свадебная вечеринка","1367","Arsenkin Wordstat Russia right column","adjacent","EVENT","Правая; seed: развлечения для гостей на свадьбе","adjacent","","","real Wordstat expansion from seed: развлечения для гостей на свадьбе"
"сделаем вместе мир возможностей","397","Arsenkin Wordstat Russia right column","adjacent","ADJACENT","Правая; seed: что делать гостям на свадьбе","adjacent","","","real Wordstat expansion from seed: что делать гостям на свадьбе"
"сегодня есть какой нибудь праздник","1579","Arsenkin Wordstat Russia right column","adjacent","ADJACENT","Правая; seed: современные свадьбы","adjacent","","","real Wordstat expansion from seed: современные свадьбы"
"семинар это","7772","Arsenkin Wordstat Russia right column","adjacent","ADJACENT","Правая; seed: сервисы для мероприятий","adjacent","","","real Wordstat expansion from seed: сервисы для мероприятий"
"сми это","24710","Arsenkin Wordstat Russia right column","adjacent","ADJACENT","Правая; seed: интерактивы для ведущего","adjacent","","","real Wordstat expansion from seed: интерактивы для ведущего"
"современность","159211","Arsenkin Wordstat Russia right column","informational","ADJACENT","Правая; seed: современные свадьбы","adjacent","","","real Wordstat expansion from seed: современные свадьбы"
"сфера услуг","163553","Arsenkin Wordstat Russia right column","adjacent","ADJACENT","Правая; seed: сервисы для мероприятий","adjacent","","","real Wordstat expansion from seed: сервисы для мероприятий"
"такие разные праздники","13546","Arsenkin Wordstat Russia right column","adjacent","ADJACENT","Правая; seed: как сделать свадьбу интереснее","adjacent","","","real Wordstat expansion from seed: как сделать свадьбу интереснее"
"тамада","113286","Arsenkin Wordstat Russia right column","host","HOST","Правая; seed: экран для ведущего","adjacent","","","real Wordstat expansion from seed: экран для ведущего"
"телеведущий","283041","Arsenkin Wordstat Russia right column","host","HOST","Правая; seed: экран для ведущего","adjacent","","","real Wordstat expansion from seed: экран для ведущего"
"традиции и современность","6221","Arsenkin Wordstat Russia right column","informational","ADJACENT","Правая; seed: современные свадьбы","adjacent","","","real Wordstat expansion from seed: современные свадьбы"
"услуги организации праздников и мероприятий","6841","Arsenkin Wordstat Russia right column","adjacent","EVENT","Правая; seed: как сделать свадьбу интереснее","adjacent","","","real Wordstat expansion from seed: как сделать свадьбу интереснее"
"услуги по организации праздников","43895","Arsenkin Wordstat Russia right column","adjacent","ADJACENT","Правая; seed: как сделать свадьбу интереснее","adjacent","","","real Wordstat expansion from seed: как сделать свадьбу интереснее"
"фестиваль это","29273","Arsenkin Wordstat Russia right column","adjacent","ADJACENT","Правая; seed: сервисы для мероприятий","adjacent","","","real Wordstat expansion from seed: сервисы для мероприятий"
"фильмы основанные на реальных событиях","65303","Arsenkin Wordstat Russia right column","adjacent","ADJACENT","Правая; seed: идеи для ведущего","adjacent","","","real Wordstat expansion from seed: идеи для ведущего"
"церемония","202650","Arsenkin Wordstat Russia right column","adjacent","ADJACENT","Правая; seed: как сделать свадьбу интереснее","adjacent","","","real Wordstat expansion from seed: как сделать свадьбу интереснее"
"что за праздник","499717","Arsenkin Wordstat Russia right column","informational","ADJACENT","Правая; seed: как сделать свадьбу интереснее","adjacent","","","real Wordstat expansion from seed: как сделать свадьбу интереснее"
"что приготовить на праздничный ужин","1058","Arsenkin Wordstat Russia right column","informational","ADJACENT","Правая; seed: чем удивить гостей на свадьбе","adjacent","","","real Wordstat expansion from seed: чем удивить гостей на свадьбе"
"что такое квартирник мероприятие","68","Arsenkin Wordstat Russia right column","informational","EVENT","Правая; seed: интерактивы на свадьбу","adjacent","","","real Wordstat expansion from seed: интерактивы на свадьбу"
"эвент это","1301","Arsenkin Wordstat Russia right column","adjacent","ADJACENT","Правая; seed: сервисы для мероприятий","adjacent","","","real Wordstat expansion from seed: сервисы для мероприятий"
"я хочу чтобы мой муж умер","466","Arsenkin Wordstat Russia right column","adjacent","ADJACENT","Правая; seed: что делать гостям на свадьбе","adjacent","","","real Wordstat expansion from seed: что делать гостям на свадьбе"
"ascr в мониторе что это","96","Arsenkin Wordstat Russia right column","informational","ADJACENT","Правая; seed: экран для ведущего","adjacent","","","real Wordstat expansion from seed: экран для ведущего"
"events","292528","Arsenkin Wordstat Russia right column","adjacent","EVENT","Правая; seed: сервисы для мероприятий","adjacent","","","real Wordstat expansion from seed: сервисы для мероприятий"
"interfax ru","3678","Arsenkin Wordstat Russia right column","adjacent","ADJACENT","Правая; seed: интерактивы для ведущего","adjacent","","","real Wordstat expansion from seed: интерактивы для ведущего"
"lcd дисплей что это","300","Arsenkin Wordstat Russia right column","informational","ADJACENT","Правая; seed: экран для ведущего","adjacent","","","real Wordstat expansion from seed: экран для ведущего"
"lcd дисплей это","455","Arsenkin Wordstat Russia right column","adjacent","ADJACENT","Правая; seed: экран для ведущего","adjacent","","","real Wordstat expansion from seed: экран для ведущего"
"novosti ru","7018","Arsenkin Wordstat Russia right column","adjacent","ADJACENT","Правая; seed: интерактивы для ведущего","adjacent","","","real Wordstat expansion from seed: интерактивы для ведущего"
"tft дисплей что это","337","Arsenkin Wordstat Russia right column","informational","ADJACENT","Правая; seed: экран для ведущего","adjacent","","","real Wordstat expansion from seed: экран для ведущего"
"vesti ru","7399","Arsenkin Wordstat Russia right column","adjacent","ADJACENT","Правая; seed: интерактивы для ведущего","adjacent","","","real Wordstat expansion from seed: интерактивы для ведущего"
"vrr что это в мониторе","66","Arsenkin Wordstat Russia right column","informational","ADJACENT","Правая; seed: экран для ведущего","adjacent","","","real Wordstat expansion from seed: экран для ведущего"
"wedding","86432","Arsenkin Wordstat Russia right column","adjacent","ADJACENT","Правая; seed: современные свадьбы","adjacent","","","real Wordstat expansion from seed: современные свадьбы"
"wedding","85138","Arsenkin Wordstat Russia right column","adjacent","ADJACENT","Правая; seed: как сделать свадьбу интереснее","adjacent","","","real Wordstat expansion from seed: как сделать свадьбу интереснее"
"wedding day","5604","Arsenkin Wordstat Russia right column","adjacent","ADJACENT","Правая; seed: как сделать свадьбу интереснее","adjacent","","","real Wordstat expansion from seed: как сделать свадьбу интереснее"
"www vesti ru","1125","Arsenkin Wordstat Russia right column","adjacent","ADJACENT","Правая; seed: интерактивы для ведущего","adjacent","","","real Wordstat expansion from seed: интерактивы для ведущего"
"идеи для ведущего","7548","Arsenkin Wordstat seasonality Russia 2025-06..2026-05","host","HOST","seasonality_monthly","adjacent","","","year_sum=7548; peak=2026-03-01:864; low=2025-08-01:305; peak_to_low=2.8"
"интерактивы для ведущего","2021","Arsenkin Wordstat seasonality Russia 2025-06..2026-05","host","HOST","seasonality_monthly","adjacent","ads:0; diverse SERP","TOP10 hosts: eventologia.ru, vk.com, wedding-magazine.ru, prokonkurs.com, kerubini.ru, t.me, porgi.ru, rutube.ru, ...","year_sum=2021; peak=2025-12-01:307; low=2025-08-01:99; peak_to_low=3.1 | possible low/medium competition opportunity"
"как вовлечь гостей","0","Arsenkin Wordstat seasonality Russia 2025-06..2026-05","informational","ADJACENT","seasonality_monthly","adjacent","","","year_sum=0; peak=2025-06-01:0; low=2025-06-01:0; peak_to_low=n/a"
"экран для ведущего","2049","Arsenkin Wordstat seasonality Russia 2025-06..2026-05","host","HOST","seasonality_monthly","adjacent","","","year_sum=2049; peak=2025-12-01:272; low=2025-08-01:118; peak_to_low=2.3"
"digital интерактивы","0","Arsenkin Wordstat seasonality Russia 2025-06..2026-05","adjacent","ADJACENT","seasonality_monthly","adjacent","","","year_sum=0; peak=2025-06-01:0; low=2025-06-01:0; peak_to_low=n/a"
"event интерактивы","0","Arsenkin Wordstat seasonality Russia 2025-06..2026-05","adjacent","EVENT","seasonality_monthly","adjacent","","","year_sum=0; peak=2025-06-01:0; low=2025-06-01:0; peak_to_low=n/a"
"интерактивы для ведущего","","Yandex Suggest direct Russia lr=225","host","HOST","suggest exact; seed: интерактивы для ведущего","adjacent","ads:0; diverse SERP","TOP10 hosts: eventologia.ru, vk.com, wedding-magazine.ru, prokonkurs.com, kerubini.ru, t.me, porgi.ru, rutube.ru, ...","real Yandex suggest for request: интерактивы для ведущего | possible low/medium competition opportunity"
"описание гостей на юбилей для ведущего примеры","","Yandex Suggest direct Russia lr=225","adjacent","EVENT","suggest exact; seed: идеи для ведущего","adjacent","","","real Yandex suggest for request: идеи для ведущего"
"тайминг юбилея для ведущего примеры","","Yandex Suggest direct Russia lr=225","adjacent","EVENT","suggest exact; seed: идеи для ведущего","adjacent","","","real Yandex suggest for request: идеи для ведущего"
"характеристика гостей на юбилей для ведущего примеры","","Yandex Suggest direct Russia lr=225","adjacent","EVENT","suggest exact; seed: идеи для ведущего","adjacent","","","real Yandex suggest for request: идеи для ведущего"
"характеристика гостей на юбилей для ведущего примеры с юмором","","Yandex Suggest direct Russia lr=225","adjacent","EVENT","suggest exact; seed: идеи для ведущего","adjacent","","","real Yandex suggest for request: идеи для ведущего"
"интерактивы для ведущего","","Arsenkin Yandex XML TOP10 Russia","host","HOST","serp_top10","adjacent","ads:0; diverse SERP | ads:0; diverse SERP","TOP10 hosts: eventologia.ru, vk.com, wedding-magazine.ru, prokonkurs.com, kerubini.ru, t.me, porgi.ru, rutube.ru, ... | TOP10 hosts: eventologia.ru, vk.com, wedding-magazine.ru, prokonkurs.com, kerubini.ru, t.me, porgi.ru, rutube.ru, ...","possible low/medium competition opportunity | possible low/medium competition opportunity"
