№	Кластер	Подкластер	Seed query	Тип интента	Близость к FotoLovi	Комментарий
1	Прямой продукт	Сбор фото гостей	сбор фото гостей	product	direct	Прямая продуктовая семантика
2	Прямой продукт	Сбор фото гостей	сбор фотографий гостей	product	direct	Прямая продуктовая семантика
3	Прямой продукт	Сбор фото гостей	сервис сбора фото гостей	product	direct	Прямая продуктовая семантика
4	Прямой продукт	Сбор фото гостей	сервис для сбора фотографий гостей	product	direct	Прямая продуктовая семантика
5	Прямой продукт	Сбор фото гостей	платформа для сбора фото гостей	product	direct	Прямая продуктовая семантика
6	Прямой продукт	Сбор фото гостей	инструмент для сбора фото гостей	product	direct	Прямая продуктовая семантика
7	Прямой продукт	Сбор фото гостей	онлайн сбор фото гостей	product	direct	Прямая продуктовая семантика
8	Прямой продукт	Сбор фото гостей	собрать фото гостей онлайн	product	direct	Прямая продуктовая семантика
9	Прямой продукт	Сбор фото гостей	куда гости могут загрузить фото	product	direct	Прямая продуктовая семантика
10	Прямой продукт	Сбор фото гостей	где собрать фото гостей	product	direct	Прямая продуктовая семантика
11	Прямой продукт	Сбор фото гостей	как собрать фотографии гостей	product	direct	Прямая продуктовая семантика
12	Прямой продукт	Сбор фото гостей	как собрать фото со всех гостей	product	direct	Прямая продуктовая семантика
13	Прямой продукт	Сбор фото гостей	как собрать все фото гостей	product	direct	Прямая продуктовая семантика
14	Прямой продукт	Сбор фото гостей	как получить фото от гостей	product	direct	Прямая продуктовая семантика
15	Прямой продукт	Сбор фото гостей	как не потерять фото гостей	product	direct	Прямая продуктовая семантика
16	Прямой продукт	Сбор фото гостей	загрузка фото гостей без приложения	product	direct	Прямая продуктовая семантика
17	Прямой продукт	Сбор фото гостей	гости загружают фото без приложения	product	direct	Прямая продуктовая семантика
18	Прямой продукт	Сбор фото гостей	фото гостей в одну галерею	product	direct	Прямая продуктовая семантика
19	Прямой продукт	Сбор фото гостей	общая галерея фото гостей	product	direct	Прямая продуктовая семантика
20	Прямой продукт	Сбор фото гостей	единый альбом для фото гостей	product	direct	Прямая продуктовая семантика
21	Прямой продукт	Сбор фото гостей	альбом для загрузки фото гостями	product	direct	Прямая продуктовая семантика
22	Прямой продукт	Сбор фото гостей	сервис где гости загружают фото	product	direct	Прямая продуктовая семантика
23	Прямой продукт	Сбор фото гостей	приложение для фото гостей	product	direct	Прямая продуктовая семантика
24	Прямой продукт	Сбор фото гостей	сайт для фото гостей	product	direct	Прямая продуктовая семантика
25	Прямой продукт	Сбор фото гостей	онлайн альбом для гостей	product	direct	Прямая продуктовая семантика
26	Прямой продукт	Сбор фото гостей	гостевой фотоальбом онлайн	product	direct	Прямая продуктовая семантика
27	Прямой продукт	Сбор фото гостей	фотоальбом мероприятия онлайн	product	direct	Прямая продуктовая семантика
28	Прямой продукт	Сбор фото гостей	галерея мероприятия онлайн	product	direct	Прямая продуктовая семантика
29	Прямой продукт	Сбор фото гостей	фото гостей по ссылке	product	direct	Прямая продуктовая семантика
30	Прямой продукт	Сбор фото гостей	загрузка фото по ссылке для гостей	product	direct	Прямая продуктовая семантика
31	Прямой продукт	Сбор фото гостей	загрузка фото по qr коду	product	direct	Прямая продуктовая семантика
32	Прямой продукт	Сбор фото гостей	сбор фото по qr коду	product	direct	Прямая продуктовая семантика
33	Прямой продукт	Сбор фото гостей	сервис фото по qr коду	product	direct	Прямая продуктовая семантика
34	Прямой продукт	Сбор фото гостей	qr код для загрузки фото	product	direct	Прямая продуктовая семантика
35	Прямой продукт	Сбор фото гостей	qr код чтобы гости загрузили фото	product	direct	Прямая продуктовая семантика
36	Прямой продукт	Сбор фото гостей	qr альбом для гостей	product	direct	Прямая продуктовая семантика
37	Прямой продукт	Сбор фото гостей	qr фотоальбом	product	direct	Прямая продуктовая семантика
38	Прямой продукт	Сбор фото гостей	qr галерея фотографий	product	direct	Прямая продуктовая семантика
39	Прямой продукт	Сбор фото гостей	общий qr альбом	product	direct	Прямая продуктовая семантика
40	Прямой продукт	Сбор фото гостей	фотографии гостей по qr	product	direct	Прямая продуктовая семантика
41	Прямой продукт	Сбор фото гостей	как сделать qr альбом	product	direct	Прямая продуктовая семантика
42	Прямой продукт	Сбор фото гостей	как сделать галерею по qr	product	direct	Прямая продуктовая семантика
43	Прямой продукт	Сбор фото гостей	сервис qr альбом	product	direct	Прямая продуктовая семантика
44	Прямой продукт	Сбор фото гостей	онлайн qr альбом	product	direct	Прямая продуктовая семантика
45	Прямой продукт	Сбор фото гостей	qr альбом без приложения	product	direct	Прямая продуктовая семантика
46	Прямой продукт	Сбор фото гостей	qr галерея без приложения	product	direct	Прямая продуктовая семантика
47	Прямой продукт	Сбор фото гостей	сбор фото без регистрации гостей	product	direct	Прямая продуктовая семантика
48	Прямой продукт	Сбор фото гостей	загрузка фото без регистрации	product	direct	Прямая продуктовая семантика
49	Прямой продукт	Сбор фото гостей	фотоальбом без приложения	product	direct	Прямая продуктовая семантика
50	Прямой продукт	Сбор фото гостей	общий альбом без приложения	product	direct	Прямая продуктовая семантика
51	Прямой продукт	Сбор фото гостей	сервис для фото с мероприятия	product	direct	Прямая продуктовая семантика
52	Прямой продукт	Сбор фото гостей	сервис для фотографий мероприятия	product	direct	Прямая продуктовая семантика
53	Прямой продукт	Сбор фото гостей	платформа фото мероприятия	product	direct	Прямая продуктовая семантика
54	Прямой продукт	Сбор фото гостей	фото с мероприятия в одном месте	product	direct	Прямая продуктовая семантика
55	Прямой продукт	Сбор фото гостей	все фото с мероприятия онлайн	product	direct	Прямая продуктовая семантика
56	Прямой продукт	Сбор фото гостей	общая фотолента мероприятия	product	direct	Прямая продуктовая семантика
57	Прямой продукт	Сбор фото гостей	живая фотолента мероприятия	product	direct	Прямая продуктовая семантика
58	Прямой продукт	Сбор фото гостей	онлайн фотолента гостей	product	direct	Прямая продуктовая семантика
59	Прямой продукт	Сбор фото гостей	фото гостей в реальном времени	product	direct	Прямая продуктовая семантика
60	Прямой продукт	Сбор фото гостей	live фото гостей	product	direct	Прямая продуктовая семантика
61	Прямой продукт	Сбор фото гостей	живые фото с мероприятия	product	direct	Прямая продуктовая семантика
62	Прямой продукт	Сбор фото гостей	фото гостей на экран	product	direct	Прямая продуктовая семантика
63	Прямой продукт	Сбор фото гостей	фото гостей на проектор	product	direct	Прямая продуктовая семантика
64	Прямой продукт	Сбор фото гостей	показ фото гостей на экране	product	direct	Прямая продуктовая семантика
65	Прямой продукт	Сбор фото гостей	показ фото с мероприятия на экране	product	direct	Прямая продуктовая семантика
66	Прямой продукт	Сбор фото гостей	фото на экран по qr	product	direct	Прямая продуктовая семантика
67	Прямой продукт	Сбор фото гостей	фото на проектор по qr	product	direct	Прямая продуктовая семантика
68	Прямой продукт	Сбор фото гостей	гости загружают фото на экран	product	direct	Прямая продуктовая семантика
69	Прямой продукт	Сбор фото гостей	фото появляются на экране мероприятия	product	direct	Прямая продуктовая семантика
70	Прямой продукт	Сбор фото гостей	модерация фото гостей	product	direct	Прямая продуктовая семантика
71	Прямой продукт	Сбор фото гостей	модерация фотографий мероприятия	product	direct	Прямая продуктовая семантика
72	Прямой продукт	Сбор фото гостей	сервис с модерацией фото	product	direct	Прямая продуктовая семантика
73	Прямой продукт	Сбор фото гостей	премодерация фото гостей	product	direct	Прямая продуктовая семантика
74	Прямой продукт	Сбор фото гостей	проверка фото перед показом	product	direct	Прямая продуктовая семантика
75	Прямой продукт	Сбор фото гостей	скачать фото гостей после мероприятия	product	direct	Прямая продуктовая семантика
76	Прямой продукт	Сбор фото гостей	скачать общий альбом	product	direct	Прямая продуктовая семантика
77	Прямой продукт	Сбор фото гостей	скачать альбом гостей	product	direct	Прямая продуктовая семантика
78	Прямой продукт	Сбор фото гостей	архив фото гостей	product	direct	Прямая продуктовая семантика
79	Прямой продукт	Сбор фото гостей	сохранить фото гостей после события	product	direct	Прямая продуктовая семантика
80	Прямой продукт	Сбор фото гостей	галерея после мероприятия	product	direct	Прямая продуктовая семантика
81	Прямой продукт	Сбор фото гостей	альбом после мероприятия онлайн	product	direct	Прямая продуктовая семантика
82	Прямой продукт	По типам событий	сбор фото гостей на свадьбе	product	direct	Свадебный основной сценарий
83	Прямой продукт	По типам событий	сервис сбора фото гостей на свадьбе	product	direct	Свадебный основной сценарий
84	Прямой продукт	По типам событий	как собрать фото гостей на свадьбе	wedding	direct	Свадебный основной сценарий
85	Прямой продукт	По типам событий	куда загрузить фото гостей на свадьбе	wedding	direct	Свадебный основной сценарий
86	Прямой продукт	По типам событий	гостей загружают фото на свадьбе	wedding	direct	Свадебный основной сценарий
87	Прямой продукт	По типам событий	общая галерея для гостей на свадьбе	wedding	direct	Свадебный основной сценарий
88	Прямой продукт	По типам событий	общий альбом фото гостей на свадьбе	wedding	direct	Свадебный основной сценарий
89	Прямой продукт	По типам событий	qr альбом для гостей на свадьбе	qr	direct	Свадебный основной сценарий
90	Прямой продукт	По типам событий	qr код для фото гостей на свадьбе	qr	direct	Свадебный основной сценарий
91	Прямой продукт	По типам событий	фото гостей на экран на свадьбе	screen	direct	Свадебный основной сценарий
92	Прямой продукт	По типам событий	фото гостей на проектор на свадьбе	screen	direct	Свадебный основной сценарий
93	Прямой продукт	По типам событий	загрузка фото без приложения на свадьбе	product	direct	Свадебный основной сценарий
94	Прямой продукт	По типам событий	модерация фото гостей на свадьбе	product	direct	Свадебный основной сценарий
95	Прямой продукт	По типам событий	скачать фото гостей после свадьбы	photo	direct	Свадебный основной сценарий
96	Прямой продукт	По типам событий	галерея после свадьбы	photo	direct	Свадебный основной сценарий
97	Прямой продукт	По типам событий	сбор фото гостей на мероприятии	product	direct	Универсальный event-сценарий
98	Прямой продукт	По типам событий	сервис сбора фото гостей на мероприятии	product	direct	Универсальный event-сценарий
99	Прямой продукт	По типам событий	как собрать фото гостей на мероприятии	event	direct	Универсальный event-сценарий
100	Прямой продукт	По типам событий	куда загрузить фото гостей на мероприятии	event	direct	Универсальный event-сценарий
101	Прямой продукт	По типам событий	гостей загружают фото на мероприятии	event	direct	Универсальный event-сценарий
102	Прямой продукт	По типам событий	общая галерея для гостей на мероприятии	event	direct	Универсальный event-сценарий
103	Прямой продукт	По типам событий	общий альбом фото гостей на мероприятии	event	direct	Универсальный event-сценарий
104	Прямой продукт	По типам событий	qr альбом для гостей на мероприятии	qr	direct	Универсальный event-сценарий
105	Прямой продукт	По типам событий	qr код для фото гостей на мероприятии	qr	direct	Универсальный event-сценарий
106	Прямой продукт	По типам событий	фото гостей на экран на мероприятии	screen	direct	Универсальный event-сценарий
107	Прямой продукт	По типам событий	фото гостей на проектор на мероприятии	screen	direct	Универсальный event-сценарий
108	Прямой продукт	По типам событий	загрузка фото без приложения на мероприятии	product	direct	Универсальный event-сценарий
109	Прямой продукт	По типам событий	модерация фото гостей на мероприятии	product	direct	Универсальный event-сценарий
110	Прямой продукт	По типам событий	сбор фото коллег на корпоративе	product	near	Корпоративный сценарий
111	Прямой продукт	По типам событий	сервис сбора фото коллег на корпоративе	product	near	Корпоративный сценарий
112	Прямой продукт	По типам событий	как собрать фото коллег на корпоративе	event	near	Корпоративный сценарий
113	Прямой продукт	По типам событий	куда загрузить фото коллег на корпоративе	event	near	Корпоративный сценарий
114	Прямой продукт	По типам событий	коллег загружают фото на корпоративе	event	near	Корпоративный сценарий
115	Прямой продукт	По типам событий	общая галерея для коллег на корпоративе	event	near	Корпоративный сценарий
116	Прямой продукт	По типам событий	общий альбом фото коллег на корпоративе	event	near	Корпоративный сценарий
117	Прямой продукт	По типам событий	qr альбом для коллег на корпоративе	qr	near	Корпоративный сценарий
118	Прямой продукт	По типам событий	qr код для фото коллег на корпоративе	qr	near	Корпоративный сценарий
119	Прямой продукт	По типам событий	фото коллег на экран на корпоративе	screen	near	Корпоративный сценарий
120	Прямой продукт	По типам событий	фото коллег на проектор на корпоративе	screen	near	Корпоративный сценарий
121	Прямой продукт	По типам событий	загрузка фото без приложения на корпоративе	product	near	Корпоративный сценарий
122	Прямой продукт	По типам событий	модерация фото коллег на корпоративе	product	near	Корпоративный сценарий
123	Прямой продукт	По типам событий	скачать фото коллег после корпоратива	photo	near	Корпоративный сценарий
124	Прямой продукт	По типам событий	галерея после корпоратива	photo	near	Корпоративный сценарий
125	Прямой продукт	По типам событий	сбор фото гостей на юбилее	product	near	Семейный праздник
126	Прямой продукт	По типам событий	сервис сбора фото гостей на юбилее	product	near	Семейный праздник
127	Прямой продукт	По типам событий	как собрать фото гостей на юбилее	event	near	Семейный праздник
128	Прямой продукт	По типам событий	куда загрузить фото гостей на юбилее	event	near	Семейный праздник
129	Прямой продукт	По типам событий	гостей загружают фото на юбилее	event	near	Семейный праздник
130	Прямой продукт	По типам событий	общая галерея для гостей на юбилее	event	near	Семейный праздник
131	Прямой продукт	По типам событий	общий альбом фото гостей на юбилее	event	near	Семейный праздник
132	Прямой продукт	По типам событий	qr альбом для гостей на юбилее	qr	near	Семейный праздник
133	Прямой продукт	По типам событий	qr код для фото гостей на юбилее	qr	near	Семейный праздник
134	Прямой продукт	По типам событий	фото гостей на экран на юбилее	screen	near	Семейный праздник
135	Прямой продукт	По типам событий	фото гостей на проектор на юбилее	screen	near	Семейный праздник
136	Прямой продукт	По типам событий	загрузка фото без приложения на юбилее	product	near	Семейный праздник
137	Прямой продукт	По типам событий	модерация фото гостей на юбилее	product	near	Семейный праздник
138	Прямой продукт	По типам событий	скачать фото гостей после юбилея	photo	near	Семейный праздник
139	Прямой продукт	По типам событий	галерея после юбилея	photo	near	Семейный праздник
140	Прямой продукт	По типам событий	сбор фото гостей на дне рождения	product	near	День рождения
141	Прямой продукт	По типам событий	сервис сбора фото гостей на дне рождения	product	near	День рождения
142	Прямой продукт	По типам событий	как собрать фото гостей на дне рождения	event	near	День рождения
143	Прямой продукт	По типам событий	куда загрузить фото гостей на дне рождения	event	near	День рождения
144	Прямой продукт	По типам событий	гостей загружают фото на дне рождения	event	near	День рождения
145	Прямой продукт	По типам событий	общая галерея для гостей на дне рождения	event	near	День рождения
146	Прямой продукт	По типам событий	общий альбом фото гостей на дне рождения	event	near	День рождения
147	Прямой продукт	По типам событий	qr альбом для гостей на дне рождения	qr	near	День рождения
148	Прямой продукт	По типам событий	qr код для фото гостей на дне рождения	qr	near	День рождения
149	Прямой продукт	По типам событий	фото гостей на экран на дне рождения	screen	near	День рождения
150	Прямой продукт	По типам событий	фото гостей на проектор на дне рождения	screen	near	День рождения
151	Прямой продукт	По типам событий	загрузка фото без приложения на дне рождения	product	near	День рождения
152	Прямой продукт	По типам событий	модерация фото гостей на дне рождения	product	near	День рождения
153	Прямой продукт	По типам событий	скачать фото гостей после дня рождения	photo	near	День рождения
154	Прямой продукт	По типам событий	галерея после дня рождения	photo	near	День рождения
155	Прямой продукт	По типам событий	сбор фото выпускников и гостей на выпускном	product	near	Выпускной
156	Прямой продукт	По типам событий	сервис сбора фото выпускников и гостей на выпускном	product	near	Выпускной
157	Прямой продукт	По типам событий	как собрать фото выпускников и гостей на выпускном	event	near	Выпускной
158	Прямой продукт	По типам событий	куда загрузить фото выпускников и гостей на выпускном	event	near	Выпускной
159	Прямой продукт	По типам событий	выпускников и гостей загружают фото на выпускном	event	near	Выпускной
160	Прямой продукт	По типам событий	общая галерея для выпускников и гостей на выпускном	event	near	Выпускной
161	Прямой продукт	По типам событий	общий альбом фото выпускников и гостей на выпускном	event	near	Выпускной
162	Прямой продукт	По типам событий	qr альбом для выпускников и гостей на выпускном	qr	near	Выпускной
163	Прямой продукт	По типам событий	qr код для фото выпускников и гостей на выпускном	qr	near	Выпускной
164	Прямой продукт	По типам событий	фото выпускников и гостей на экран на выпускном	screen	near	Выпускной
165	Прямой продукт	По типам событий	фото выпускников и гостей на проектор на выпускном	screen	near	Выпускной
166	Прямой продукт	По типам событий	загрузка фото без приложения на выпускном	product	near	Выпускной
167	Прямой продукт	По типам событий	модерация фото выпускников и гостей на выпускном	product	near	Выпускной
168	Прямой продукт	По типам событий	скачать фото выпускников и гостей после выпускного	photo	near	Выпускной
169	Прямой продукт	По типам событий	галерея после выпускного	photo	near	Выпускной
170	Прямой продукт	По типам событий	сбор фото гостей на вечеринке	product	near	Вечеринка
171	Прямой продукт	По типам событий	сервис сбора фото гостей на вечеринке	product	near	Вечеринка
172	Прямой продукт	По типам событий	как собрать фото гостей на вечеринке	event	near	Вечеринка
173	Прямой продукт	По типам событий	куда загрузить фото гостей на вечеринке	event	near	Вечеринка
174	Прямой продукт	По типам событий	гостей загружают фото на вечеринке	event	near	Вечеринка
175	Прямой продукт	По типам событий	общая галерея для гостей на вечеринке	event	near	Вечеринка
176	Прямой продукт	По типам событий	общий альбом фото гостей на вечеринке	event	near	Вечеринка
177	Прямой продукт	По типам событий	qr альбом для гостей на вечеринке	qr	near	Вечеринка
178	Прямой продукт	По типам событий	qr код для фото гостей на вечеринке	qr	near	Вечеринка
179	Прямой продукт	По типам событий	фото гостей на экран на вечеринке	screen	near	Вечеринка
180	Прямой продукт	По типам событий	фото гостей на проектор на вечеринке	screen	near	Вечеринка
181	Прямой продукт	По типам событий	загрузка фото без приложения на вечеринке	product	near	Вечеринка
182	Прямой продукт	По типам событий	модерация фото гостей на вечеринке	product	near	Вечеринка
183	Прямой продукт	По типам событий	скачать фото гостей после вечеринки	photo	near	Вечеринка
184	Прямой продукт	По типам событий	галерея после вечеринки	photo	near	Вечеринка
185	Прямой продукт	По типам событий	сбор фото участников на конференции	product	adjacent	Деловое мероприятие
186	Прямой продукт	По типам событий	сервис сбора фото участников на конференции	product	adjacent	Деловое мероприятие
187	Прямой продукт	По типам событий	как собрать фото участников на конференции	event	adjacent	Деловое мероприятие
188	Прямой продукт	По типам событий	куда загрузить фото участников на конференции	event	adjacent	Деловое мероприятие
189	Прямой продукт	По типам событий	участников загружают фото на конференции	event	adjacent	Деловое мероприятие
190	Прямой продукт	По типам событий	общая галерея для участников на конференции	event	adjacent	Деловое мероприятие
191	Прямой продукт	По типам событий	общий альбом фото участников на конференции	event	adjacent	Деловое мероприятие
192	Прямой продукт	По типам событий	qr альбом для участников на конференции	qr	adjacent	Деловое мероприятие
193	Прямой продукт	По типам событий	qr код для фото участников на конференции	qr	adjacent	Деловое мероприятие
194	Прямой продукт	По типам событий	фото участников на экран на конференции	screen	adjacent	Деловое мероприятие
195	Прямой продукт	По типам событий	фото участников на проектор на конференции	screen	adjacent	Деловое мероприятие
196	Прямой продукт	По типам событий	загрузка фото без приложения на конференции	product	adjacent	Деловое мероприятие
197	Прямой продукт	По типам событий	модерация фото участников на конференции	product	adjacent	Деловое мероприятие
198	Прямой продукт	По типам событий	скачать фото участников после конференции	photo	adjacent	Деловое мероприятие
199	Прямой продукт	По типам событий	галерея после конференции	photo	adjacent	Деловое мероприятие
200	Прямой продукт	По типам событий	сбор фото участников на презентации	product	adjacent	Деловой event-сценарий
201	Прямой продукт	По типам событий	сервис сбора фото участников на презентации	product	adjacent	Деловой event-сценарий
202	Прямой продукт	По типам событий	как собрать фото участников на презентации	event	adjacent	Деловой event-сценарий
203	Прямой продукт	По типам событий	куда загрузить фото участников на презентации	event	adjacent	Деловой event-сценарий
204	Прямой продукт	По типам событий	участников загружают фото на презентации	event	adjacent	Деловой event-сценарий
205	Прямой продукт	По типам событий	общая галерея для участников на презентации	event	adjacent	Деловой event-сценарий
206	Прямой продукт	По типам событий	общий альбом фото участников на презентации	event	adjacent	Деловой event-сценарий
207	Прямой продукт	По типам событий	qr альбом для участников на презентации	qr	adjacent	Деловой event-сценарий
208	Прямой продукт	По типам событий	qr код для фото участников на презентации	qr	adjacent	Деловой event-сценарий
209	Прямой продукт	По типам событий	фото участников на экран на презентации	screen	adjacent	Деловой event-сценарий
210	Прямой продукт	По типам событий	фото участников на проектор на презентации	screen	adjacent	Деловой event-сценарий
211	Прямой продукт	По типам событий	загрузка фото без приложения на презентации	product	adjacent	Деловой event-сценарий
212	Прямой продукт	По типам событий	модерация фото участников на презентации	product	adjacent	Деловой event-сценарий
213	Прямой продукт	По типам событий	скачать фото участников после презентации	photo	adjacent	Деловой event-сценарий
214	Прямой продукт	По типам событий	галерея после презентации	photo	adjacent	Деловой event-сценарий
215	Прямой продукт	По типам событий	сбор фото гостей на фестивале	product	adjacent	Массовое событие
216	Прямой продукт	По типам событий	сервис сбора фото гостей на фестивале	product	adjacent	Массовое событие
217	Прямой продукт	По типам событий	как собрать фото гостей на фестивале	event	adjacent	Массовое событие
218	Прямой продукт	По типам событий	куда загрузить фото гостей на фестивале	event	adjacent	Массовое событие
219	Прямой продукт	По типам событий	гостей загружают фото на фестивале	event	adjacent	Массовое событие
220	Прямой продукт	По типам событий	общая галерея для гостей на фестивале	event	adjacent	Массовое событие
221	Прямой продукт	По типам событий	общий альбом фото гостей на фестивале	event	adjacent	Массовое событие
222	Прямой продукт	По типам событий	qr альбом для гостей на фестивале	qr	adjacent	Массовое событие
223	Прямой продукт	По типам событий	qr код для фото гостей на фестивале	qr	adjacent	Массовое событие
224	Прямой продукт	По типам событий	фото гостей на экран на фестивале	screen	adjacent	Массовое событие
225	Прямой продукт	По типам событий	фото гостей на проектор на фестивале	screen	adjacent	Массовое событие
226	Прямой продукт	По типам событий	загрузка фото без приложения на фестивале	product	adjacent	Массовое событие
227	Прямой продукт	По типам событий	модерация фото гостей на фестивале	product	adjacent	Массовое событие
228	Прямой продукт	По типам событий	скачать фото гостей после фестиваля	photo	adjacent	Массовое событие
229	Прямой продукт	По типам событий	галерея после фестиваля	photo	adjacent	Массовое событие
230	Прямой продукт	По типам событий	сбор фото гостей на городском празднике	product	adjacent	Массовое событие
231	Прямой продукт	По типам событий	сервис сбора фото гостей на городском празднике	product	adjacent	Массовое событие
232	Прямой продукт	По типам событий	как собрать фото гостей на городском празднике	event	adjacent	Массовое событие
233	Прямой продукт	По типам событий	куда загрузить фото гостей на городском празднике	event	adjacent	Массовое событие
234	Прямой продукт	По типам событий	гостей загружают фото на городском празднике	event	adjacent	Массовое событие
235	Прямой продукт	По типам событий	общая галерея для гостей на городском празднике	event	adjacent	Массовое событие
236	Прямой продукт	По типам событий	общий альбом фото гостей на городском празднике	event	adjacent	Массовое событие
237	Прямой продукт	По типам событий	qr альбом для гостей на городском празднике	qr	adjacent	Массовое событие
238	Прямой продукт	По типам событий	qr код для фото гостей на городском празднике	qr	adjacent	Массовое событие
239	Прямой продукт	По типам событий	фото гостей на экран на городском празднике	screen	adjacent	Массовое событие
240	Прямой продукт	По типам событий	фото гостей на проектор на городском празднике	screen	adjacent	Массовое событие
241	Прямой продукт	По типам событий	загрузка фото без приложения на городском празднике	product	adjacent	Массовое событие
242	Прямой продукт	По типам событий	модерация фото гостей на городском празднике	product	adjacent	Массовое событие
243	Прямой продукт	По типам событий	скачать фото гостей после городского праздника	photo	adjacent	Массовое событие
244	Прямой продукт	По типам событий	галерея после городского праздника	photo	adjacent	Массовое событие
245	Прямой продукт	По типам событий	сбор фото гостей на закрытом мероприятии	product	adjacent	Закрытый event-сценарий
246	Прямой продукт	По типам событий	сервис сбора фото гостей на закрытом мероприятии	product	adjacent	Закрытый event-сценарий
247	Прямой продукт	По типам событий	как собрать фото гостей на закрытом мероприятии	event	adjacent	Закрытый event-сценарий
248	Прямой продукт	По типам событий	куда загрузить фото гостей на закрытом мероприятии	event	adjacent	Закрытый event-сценарий
249	Прямой продукт	По типам событий	гостей загружают фото на закрытом мероприятии	event	adjacent	Закрытый event-сценарий
250	Прямой продукт	По типам событий	общая галерея для гостей на закрытом мероприятии	event	adjacent	Закрытый event-сценарий
251	Прямой продукт	По типам событий	общий альбом фото гостей на закрытом мероприятии	event	adjacent	Закрытый event-сценарий
252	Прямой продукт	По типам событий	qr альбом для гостей на закрытом мероприятии	qr	adjacent	Закрытый event-сценарий
253	Прямой продукт	По типам событий	qr код для фото гостей на закрытом мероприятии	qr	adjacent	Закрытый event-сценарий
254	Прямой продукт	По типам событий	фото гостей на экран на закрытом мероприятии	screen	adjacent	Закрытый event-сценарий
255	Прямой продукт	По типам событий	фото гостей на проектор на закрытом мероприятии	screen	adjacent	Закрытый event-сценарий
256	Прямой продукт	По типам событий	загрузка фото без приложения на закрытом мероприятии	product	adjacent	Закрытый event-сценарий
257	Прямой продукт	По типам событий	модерация фото гостей на закрытом мероприятии	product	adjacent	Закрытый event-сценарий
258	Прямой продукт	По типам событий	скачать фото гостей после закрытого мероприятия	photo	adjacent	Закрытый event-сценарий
259	Прямой продукт	По типам событий	галерея после закрытого мероприятия	photo	adjacent	Закрытый event-сценарий
260	Problem-first	Сбор и потеря фото	как собрать фото от гостей на свадьбе	problem	direct	Свадебный основной сценарий
261	Problem-first	Сбор и потеря фото	как получить фотографии от гостей на свадьбе	problem	direct	Свадебный основной сценарий
262	Problem-first	Сбор и потеря фото	как не потерять фотографии гостей на свадьбе	problem	direct	Свадебный основной сценарий
263	Problem-first	Сбор и потеря фото	куда складывать фото гостей на свадьбе	problem	direct	Свадебный основной сценарий
264	Problem-first	Сбор и потеря фото	куда гости будут загружать фото на свадьбе	problem	direct	Свадебный основной сценарий
265	Problem-first	Сбор и потеря фото	как сделать общий альбом для гостей на свадьбе	problem	direct	Свадебный основной сценарий
266	Problem-first	Сбор и потеря фото	как собрать фото с телефонов гостей на свадьбе	problem	direct	Свадебный основной сценарий
267	Problem-first	Сбор и потеря фото	как быстро собрать фотографии гостей на свадьбе	problem	direct	Свадебный основной сценарий
268	Problem-first	Сбор и потеря фото	как попросить гостей прислать фото на свадьбе	problem	direct	Свадебный основной сценарий
269	Problem-first	Сбор и потеря фото	как сделать чтобы гости делились фото на свадьбе	problem	direct	Свадебный основной сценарий
270	Problem-first	Сбор и потеря фото	как вовлечь гостей через фото на свадьбе	problem	direct	Свадебный основной сценарий
271	Problem-first	Сбор и потеря фото	как сделать чтобы гости фотографировали на свадьбе	problem	direct	Свадебный основной сценарий
272	Problem-first	Сбор и потеря фото	как дать гостям ссылку на альбом на свадьбе	problem	direct	Свадебный основной сценарий
273	Problem-first	Сбор и потеря фото	как сделать общий доступ к фотоальбому на свадьбе	problem	direct	Свадебный основной сценарий
274	Problem-first	Сбор и потеря фото	как собрать живые фото гостей на свадьбе	problem	direct	Свадебный основной сценарий
275	Problem-first	Сбор и потеря фото	как собрать candid фото гостей на свадьбе	problem	direct	Свадебный основной сценарий
276	Problem-first	Сбор и потеря фото	как сделать фотоленту гостей на свадьбе	problem	direct	Свадебный основной сценарий
277	Problem-first	Сбор и потеря фото	как показывать фото гостей во время праздника на свадьбе	problem	direct	Свадебный основной сценарий
278	Problem-first	Сбор и потеря фото	как собрать фото после свадьбы	problem	direct	Свадебный основной сценарий
279	Problem-first	Сбор и потеря фото	как собрать все фото после свадьбы	problem	direct	Свадебный основной сценарий
280	Problem-first	Сбор и потеря фото	куда собрать фото после свадьбы	problem	direct	Свадебный основной сценарий
281	Problem-first	Сбор и потеря фото	как сохранить фото после свадьбы	problem	direct	Свадебный основной сценарий
282	Problem-first	Сбор и потеря фото	что делать с фото гостей после свадьбы	problem	direct	Свадебный основной сценарий
283	Problem-first	Сбор и потеря фото	как скачать общий альбом после свадьбы	problem	direct	Свадебный основной сценарий
284	Problem-first	Сбор и потеря фото	как собрать воспоминания после свадьбы	problem	direct	Свадебный основной сценарий
285	Problem-first	Сбор и потеря фото	как найти все фотографии после свадьбы	problem	direct	Свадебный основной сценарий
286	Problem-first	Сбор и потеря фото	как получить фото от гостей после свадьбы	problem	direct	Свадебный основной сценарий
287	Problem-first	Сбор и потеря фото	как сделать альбом после свадьбы	problem	direct	Свадебный основной сценарий
288	Problem-first	Сбор и потеря фото	как собрать фото без чата на свадьбе	problem	direct	Свадебный основной сценарий
289	Problem-first	Сбор и потеря фото	как собрать фото без телеграм чата на свадьбе	problem	direct	Свадебный основной сценарий
290	Problem-first	Сбор и потеря фото	как собрать фото без ватсап группы на свадьбе	problem	direct	Свадебный основной сценарий
291	Problem-first	Сбор и потеря фото	как собрать фото без гугл диска на свадьбе	problem	direct	Свадебный основной сценарий
292	Problem-first	Сбор и потеря фото	как собрать фото без яндекс диска на свадьбе	problem	direct	Свадебный основной сценарий
293	Problem-first	Сбор и потеря фото	как собрать фото без приложения на свадьбе	problem	direct	Свадебный основной сценарий
294	Problem-first	Сбор и потеря фото	как собрать фото без регистрации на свадьбе	problem	direct	Свадебный основной сценарий
295	Problem-first	Сбор и потеря фото	как собрать фото сразу во время праздника на свадьбе	problem	direct	Свадебный основной сценарий
296	Problem-first	Сбор и потеря фото	как собрать все фото в одном месте на свадьбе	problem	direct	Свадебный основной сценарий
297	Problem-first	Сбор и потеря фото	как сделать альбом куда все загружают фото на свадьбе	problem	direct	Свадебный основной сценарий
298	Problem-first	Сбор и потеря фото	как собрать фото от гостей на мероприятии	problem	direct	Универсальный event-сценарий
299	Problem-first	Сбор и потеря фото	как получить фотографии от гостей на мероприятии	problem	direct	Универсальный event-сценарий
300	Problem-first	Сбор и потеря фото	как не потерять фотографии гостей на мероприятии	problem	direct	Универсальный event-сценарий
301	Problem-first	Сбор и потеря фото	куда складывать фото гостей на мероприятии	problem	direct	Универсальный event-сценарий
302	Problem-first	Сбор и потеря фото	куда гости будут загружать фото на мероприятии	problem	direct	Универсальный event-сценарий
303	Problem-first	Сбор и потеря фото	как сделать общий альбом для гостей на мероприятии	problem	direct	Универсальный event-сценарий
304	Problem-first	Сбор и потеря фото	как собрать фото с телефонов гостей на мероприятии	problem	direct	Универсальный event-сценарий
305	Problem-first	Сбор и потеря фото	как быстро собрать фотографии гостей на мероприятии	problem	direct	Универсальный event-сценарий
306	Problem-first	Сбор и потеря фото	как попросить гостей прислать фото на мероприятии	problem	direct	Универсальный event-сценарий
307	Problem-first	Сбор и потеря фото	как сделать чтобы гости делились фото на мероприятии	problem	direct	Универсальный event-сценарий
308	Problem-first	Сбор и потеря фото	как вовлечь гостей через фото на мероприятии	problem	direct	Универсальный event-сценарий
309	Problem-first	Сбор и потеря фото	как сделать чтобы гости фотографировали на мероприятии	problem	direct	Универсальный event-сценарий
310	Problem-first	Сбор и потеря фото	как дать гостям ссылку на альбом на мероприятии	problem	direct	Универсальный event-сценарий
311	Problem-first	Сбор и потеря фото	как сделать общий доступ к фотоальбому на мероприятии	problem	direct	Универсальный event-сценарий
312	Problem-first	Сбор и потеря фото	как собрать живые фото гостей на мероприятии	problem	direct	Универсальный event-сценарий
313	Problem-first	Сбор и потеря фото	как собрать candid фото гостей на мероприятии	problem	direct	Универсальный event-сценарий
314	Problem-first	Сбор и потеря фото	как сделать фотоленту гостей на мероприятии	problem	direct	Универсальный event-сценарий
315	Problem-first	Сбор и потеря фото	как показывать фото гостей во время праздника на мероприятии	problem	direct	Универсальный event-сценарий
316	Problem-first	Сбор и потеря фото	как собрать фото после мероприятия	problem	direct	Универсальный event-сценарий
317	Problem-first	Сбор и потеря фото	как собрать все фото после мероприятия	problem	direct	Универсальный event-сценарий
318	Problem-first	Сбор и потеря фото	куда собрать фото после мероприятия	problem	direct	Универсальный event-сценарий
319	Problem-first	Сбор и потеря фото	как сохранить фото после мероприятия	problem	direct	Универсальный event-сценарий
320	Problem-first	Сбор и потеря фото	что делать с фото гостей после мероприятия	problem	direct	Универсальный event-сценарий
321	Problem-first	Сбор и потеря фото	как скачать общий альбом после мероприятия	problem	direct	Универсальный event-сценарий
322	Problem-first	Сбор и потеря фото	как собрать воспоминания после мероприятия	problem	direct	Универсальный event-сценарий
323	Problem-first	Сбор и потеря фото	как найти все фотографии после мероприятия	problem	direct	Универсальный event-сценарий
324	Problem-first	Сбор и потеря фото	как получить фото от гостей после мероприятия	problem	direct	Универсальный event-сценарий
325	Problem-first	Сбор и потеря фото	как сделать альбом после мероприятия	problem	direct	Универсальный event-сценарий
326	Problem-first	Сбор и потеря фото	как собрать фото без чата на мероприятии	problem	direct	Универсальный event-сценарий
327	Problem-first	Сбор и потеря фото	как собрать фото без телеграм чата на мероприятии	problem	direct	Универсальный event-сценарий
328	Problem-first	Сбор и потеря фото	как собрать фото без ватсап группы на мероприятии	problem	direct	Универсальный event-сценарий
329	Problem-first	Сбор и потеря фото	как собрать фото без гугл диска на мероприятии	problem	direct	Универсальный event-сценарий
330	Problem-first	Сбор и потеря фото	как собрать фото без яндекс диска на мероприятии	problem	direct	Универсальный event-сценарий
331	Problem-first	Сбор и потеря фото	как собрать фото без приложения на мероприятии	problem	direct	Универсальный event-сценарий
332	Problem-first	Сбор и потеря фото	как собрать фото без регистрации на мероприятии	problem	direct	Универсальный event-сценарий
333	Problem-first	Сбор и потеря фото	как собрать фото сразу во время праздника на мероприятии	problem	direct	Универсальный event-сценарий
334	Problem-first	Сбор и потеря фото	как собрать все фото в одном месте на мероприятии	problem	direct	Универсальный event-сценарий
335	Problem-first	Сбор и потеря фото	как сделать альбом куда все загружают фото на мероприятии	problem	direct	Универсальный event-сценарий
336	Problem-first	Сбор и потеря фото	как собрать фото от коллег на корпоративе	problem	near	Корпоративный сценарий
337	Problem-first	Сбор и потеря фото	как получить фотографии от коллег на корпоративе	problem	near	Корпоративный сценарий
338	Problem-first	Сбор и потеря фото	как не потерять фотографии коллег на корпоративе	problem	near	Корпоративный сценарий
339	Problem-first	Сбор и потеря фото	куда складывать фото коллег на корпоративе	problem	near	Корпоративный сценарий
340	Problem-first	Сбор и потеря фото	куда коллеги будут загружать фото на корпоративе	problem	near	Корпоративный сценарий
341	Problem-first	Сбор и потеря фото	как сделать общий альбом для коллег на корпоративе	problem	near	Корпоративный сценарий
342	Problem-first	Сбор и потеря фото	как собрать фото с телефонов коллег на корпоративе	problem	near	Корпоративный сценарий
343	Problem-first	Сбор и потеря фото	как быстро собрать фотографии коллег на корпоративе	problem	near	Корпоративный сценарий
344	Problem-first	Сбор и потеря фото	как попросить коллег прислать фото на корпоративе	problem	near	Корпоративный сценарий
345	Problem-first	Сбор и потеря фото	как сделать чтобы коллеги делились фото на корпоративе	problem	near	Корпоративный сценарий
346	Problem-first	Сбор и потеря фото	как вовлечь коллег через фото на корпоративе	problem	near	Корпоративный сценарий
347	Problem-first	Сбор и потеря фото	как сделать чтобы гости фотографировали на корпоративе	problem	near	Корпоративный сценарий
348	Problem-first	Сбор и потеря фото	как дать коллегам ссылку на альбом на корпоративе	problem	near	Корпоративный сценарий
349	Problem-first	Сбор и потеря фото	как сделать общий доступ к фотоальбому на корпоративе	problem	near	Корпоративный сценарий
350	Problem-first	Сбор и потеря фото	как собрать живые фото коллег на корпоративе	problem	near	Корпоративный сценарий
351	Problem-first	Сбор и потеря фото	как собрать candid фото коллег на корпоративе	problem	near	Корпоративный сценарий
352	Problem-first	Сбор и потеря фото	как сделать фотоленту коллег на корпоративе	problem	near	Корпоративный сценарий
353	Problem-first	Сбор и потеря фото	как показывать фото коллег во время праздника на корпоративе	problem	near	Корпоративный сценарий
354	Problem-first	Сбор и потеря фото	как собрать фото после корпоратива	problem	near	Корпоративный сценарий
355	Problem-first	Сбор и потеря фото	как собрать все фото после корпоратива	problem	near	Корпоративный сценарий
356	Problem-first	Сбор и потеря фото	куда собрать фото после корпоратива	problem	near	Корпоративный сценарий
357	Problem-first	Сбор и потеря фото	как сохранить фото после корпоратива	problem	near	Корпоративный сценарий
358	Problem-first	Сбор и потеря фото	что делать с фото гостей после корпоратива	problem	near	Корпоративный сценарий
359	Problem-first	Сбор и потеря фото	как скачать общий альбом после корпоратива	problem	near	Корпоративный сценарий
360	Problem-first	Сбор и потеря фото	как собрать воспоминания после корпоратива	problem	near	Корпоративный сценарий
361	Problem-first	Сбор и потеря фото	как найти все фотографии после корпоратива	problem	near	Корпоративный сценарий
362	Problem-first	Сбор и потеря фото	как получить фото от гостей после корпоратива	problem	near	Корпоративный сценарий
363	Problem-first	Сбор и потеря фото	как сделать альбом после корпоратива	problem	near	Корпоративный сценарий
364	Problem-first	Сбор и потеря фото	как собрать фото без чата на корпоративе	problem	near	Корпоративный сценарий
365	Problem-first	Сбор и потеря фото	как собрать фото без телеграм чата на корпоративе	problem	near	Корпоративный сценарий
366	Problem-first	Сбор и потеря фото	как собрать фото без ватсап группы на корпоративе	problem	near	Корпоративный сценарий
367	Problem-first	Сбор и потеря фото	как собрать фото без гугл диска на корпоративе	problem	near	Корпоративный сценарий
368	Problem-first	Сбор и потеря фото	как собрать фото без яндекс диска на корпоративе	problem	near	Корпоративный сценарий
369	Problem-first	Сбор и потеря фото	как собрать фото без приложения на корпоративе	problem	near	Корпоративный сценарий
370	Problem-first	Сбор и потеря фото	как собрать фото без регистрации на корпоративе	problem	near	Корпоративный сценарий
371	Problem-first	Сбор и потеря фото	как собрать фото сразу во время праздника на корпоративе	problem	near	Корпоративный сценарий
372	Problem-first	Сбор и потеря фото	как собрать все фото в одном месте на корпоративе	problem	near	Корпоративный сценарий
373	Problem-first	Сбор и потеря фото	как сделать альбом куда все загружают фото на корпоративе	problem	near	Корпоративный сценарий
374	Problem-first	Сбор и потеря фото	как собрать фото от гостей на юбилее	problem	near	Семейный праздник
375	Problem-first	Сбор и потеря фото	как получить фотографии от гостей на юбилее	problem	near	Семейный праздник
376	Problem-first	Сбор и потеря фото	как не потерять фотографии гостей на юбилее	problem	near	Семейный праздник
377	Problem-first	Сбор и потеря фото	куда складывать фото гостей на юбилее	problem	near	Семейный праздник
378	Problem-first	Сбор и потеря фото	куда гости будут загружать фото на юбилее	problem	near	Семейный праздник
379	Problem-first	Сбор и потеря фото	как сделать общий альбом для гостей на юбилее	problem	near	Семейный праздник
380	Problem-first	Сбор и потеря фото	как собрать фото с телефонов гостей на юбилее	problem	near	Семейный праздник
381	Problem-first	Сбор и потеря фото	как быстро собрать фотографии гостей на юбилее	problem	near	Семейный праздник
382	Problem-first	Сбор и потеря фото	как попросить гостей прислать фото на юбилее	problem	near	Семейный праздник
383	Problem-first	Сбор и потеря фото	как сделать чтобы гости делились фото на юбилее	problem	near	Семейный праздник
384	Problem-first	Сбор и потеря фото	как вовлечь гостей через фото на юбилее	problem	near	Семейный праздник
385	Problem-first	Сбор и потеря фото	как сделать чтобы гости фотографировали на юбилее	problem	near	Семейный праздник
386	Problem-first	Сбор и потеря фото	как дать гостям ссылку на альбом на юбилее	problem	near	Семейный праздник
387	Problem-first	Сбор и потеря фото	как сделать общий доступ к фотоальбому на юбилее	problem	near	Семейный праздник
388	Problem-first	Сбор и потеря фото	как собрать живые фото гостей на юбилее	problem	near	Семейный праздник
389	Problem-first	Сбор и потеря фото	как собрать candid фото гостей на юбилее	problem	near	Семейный праздник
390	Problem-first	Сбор и потеря фото	как сделать фотоленту гостей на юбилее	problem	near	Семейный праздник
391	Problem-first	Сбор и потеря фото	как показывать фото гостей во время праздника на юбилее	problem	near	Семейный праздник
392	Problem-first	Сбор и потеря фото	как собрать фото после юбилея	problem	near	Семейный праздник
393	Problem-first	Сбор и потеря фото	как собрать все фото после юбилея	problem	near	Семейный праздник
394	Problem-first	Сбор и потеря фото	куда собрать фото после юбилея	problem	near	Семейный праздник
395	Problem-first	Сбор и потеря фото	как сохранить фото после юбилея	problem	near	Семейный праздник
396	Problem-first	Сбор и потеря фото	что делать с фото гостей после юбилея	problem	near	Семейный праздник
397	Problem-first	Сбор и потеря фото	как скачать общий альбом после юбилея	problem	near	Семейный праздник
398	Problem-first	Сбор и потеря фото	как собрать воспоминания после юбилея	problem	near	Семейный праздник
399	Problem-first	Сбор и потеря фото	как найти все фотографии после юбилея	problem	near	Семейный праздник
400	Problem-first	Сбор и потеря фото	как получить фото от гостей после юбилея	problem	near	Семейный праздник
401	Problem-first	Сбор и потеря фото	как сделать альбом после юбилея	problem	near	Семейный праздник
402	Problem-first	Сбор и потеря фото	как собрать фото без чата на юбилее	problem	near	Семейный праздник
403	Problem-first	Сбор и потеря фото	как собрать фото без телеграм чата на юбилее	problem	near	Семейный праздник
404	Problem-first	Сбор и потеря фото	как собрать фото без ватсап группы на юбилее	problem	near	Семейный праздник
405	Problem-first	Сбор и потеря фото	как собрать фото без гугл диска на юбилее	problem	near	Семейный праздник
406	Problem-first	Сбор и потеря фото	как собрать фото без яндекс диска на юбилее	problem	near	Семейный праздник
407	Problem-first	Сбор и потеря фото	как собрать фото без приложения на юбилее	problem	near	Семейный праздник
408	Problem-first	Сбор и потеря фото	как собрать фото без регистрации на юбилее	problem	near	Семейный праздник
409	Problem-first	Сбор и потеря фото	как собрать фото сразу во время праздника на юбилее	problem	near	Семейный праздник
410	Problem-first	Сбор и потеря фото	как собрать все фото в одном месте на юбилее	problem	near	Семейный праздник
411	Problem-first	Сбор и потеря фото	как сделать альбом куда все загружают фото на юбилее	problem	near	Семейный праздник
412	Problem-first	Сбор и потеря фото	как собрать фото от гостей на дне рождения	problem	near	День рождения
413	Problem-first	Сбор и потеря фото	как получить фотографии от гостей на дне рождения	problem	near	День рождения
414	Problem-first	Сбор и потеря фото	как не потерять фотографии гостей на дне рождения	problem	near	День рождения
415	Problem-first	Сбор и потеря фото	куда складывать фото гостей на дне рождения	problem	near	День рождения
416	Problem-first	Сбор и потеря фото	куда гости будут загружать фото на дне рождения	problem	near	День рождения
417	Problem-first	Сбор и потеря фото	как сделать общий альбом для гостей на дне рождения	problem	near	День рождения
418	Problem-first	Сбор и потеря фото	как собрать фото с телефонов гостей на дне рождения	problem	near	День рождения
419	Problem-first	Сбор и потеря фото	как быстро собрать фотографии гостей на дне рождения	problem	near	День рождения
420	Problem-first	Сбор и потеря фото	как попросить гостей прислать фото на дне рождения	problem	near	День рождения
421	Problem-first	Сбор и потеря фото	как сделать чтобы гости делились фото на дне рождения	problem	near	День рождения
422	Problem-first	Сбор и потеря фото	как вовлечь гостей через фото на дне рождения	problem	near	День рождения
423	Problem-first	Сбор и потеря фото	как сделать чтобы гости фотографировали на дне рождения	problem	near	День рождения
424	Problem-first	Сбор и потеря фото	как дать гостям ссылку на альбом на дне рождения	problem	near	День рождения
425	Problem-first	Сбор и потеря фото	как сделать общий доступ к фотоальбому на дне рождения	problem	near	День рождения
426	Problem-first	Сбор и потеря фото	как собрать живые фото гостей на дне рождения	problem	near	День рождения
427	Problem-first	Сбор и потеря фото	как собрать candid фото гостей на дне рождения	problem	near	День рождения
428	Problem-first	Сбор и потеря фото	как сделать фотоленту гостей на дне рождения	problem	near	День рождения
429	Problem-first	Сбор и потеря фото	как показывать фото гостей во время праздника на дне рождения	problem	near	День рождения
430	Problem-first	Сбор и потеря фото	как собрать фото после дня рождения	problem	near	День рождения
431	Problem-first	Сбор и потеря фото	как собрать все фото после дня рождения	problem	near	День рождения
432	Problem-first	Сбор и потеря фото	куда собрать фото после дня рождения	problem	near	День рождения
433	Problem-first	Сбор и потеря фото	как сохранить фото после дня рождения	problem	near	День рождения
434	Problem-first	Сбор и потеря фото	что делать с фото гостей после дня рождения	problem	near	День рождения
435	Problem-first	Сбор и потеря фото	как скачать общий альбом после дня рождения	problem	near	День рождения
436	Problem-first	Сбор и потеря фото	как собрать воспоминания после дня рождения	problem	near	День рождения
437	Problem-first	Сбор и потеря фото	как найти все фотографии после дня рождения	problem	near	День рождения
438	Problem-first	Сбор и потеря фото	как получить фото от гостей после дня рождения	problem	near	День рождения
439	Problem-first	Сбор и потеря фото	как сделать альбом после дня рождения	problem	near	День рождения
440	Problem-first	Сбор и потеря фото	как собрать фото без чата на дне рождения	problem	near	День рождения
441	Problem-first	Сбор и потеря фото	как собрать фото без телеграм чата на дне рождения	problem	near	День рождения
442	Problem-first	Сбор и потеря фото	как собрать фото без ватсап группы на дне рождения	problem	near	День рождения
443	Problem-first	Сбор и потеря фото	как собрать фото без гугл диска на дне рождения	problem	near	День рождения
444	Problem-first	Сбор и потеря фото	как собрать фото без яндекс диска на дне рождения	problem	near	День рождения
445	Problem-first	Сбор и потеря фото	как собрать фото без приложения на дне рождения	problem	near	День рождения
446	Problem-first	Сбор и потеря фото	как собрать фото без регистрации на дне рождения	problem	near	День рождения
447	Problem-first	Сбор и потеря фото	как собрать фото сразу во время праздника на дне рождения	problem	near	День рождения
448	Problem-first	Сбор и потеря фото	как собрать все фото в одном месте на дне рождения	problem	near	День рождения
449	Problem-first	Сбор и потеря фото	как сделать альбом куда все загружают фото на дне рождения	problem	near	День рождения
450	Problem-first	Сбор и потеря фото	как собрать фото от выпускников и гостей на выпускном	problem	near	Выпускной
451	Problem-first	Сбор и потеря фото	как получить фотографии от выпускников и гостей на выпускном	problem	near	Выпускной
452	Problem-first	Сбор и потеря фото	как не потерять фотографии выпускников и гостей на выпускном	problem	near	Выпускной
453	Problem-first	Сбор и потеря фото	куда складывать фото выпускников и гостей на выпускном	problem	near	Выпускной
454	Problem-first	Сбор и потеря фото	куда выпускники и гости будут загружать фото на выпускном	problem	near	Выпускной
455	Problem-first	Сбор и потеря фото	как сделать общий альбом для выпускников и гостей на выпускном	problem	near	Выпускной
456	Problem-first	Сбор и потеря фото	как собрать фото с телефонов выпускников и гостей на выпускном	problem	near	Выпускной
457	Problem-first	Сбор и потеря фото	как быстро собрать фотографии выпускников и гостей на выпускном	problem	near	Выпускной
458	Problem-first	Сбор и потеря фото	как попросить выпускников и гостей прислать фото на выпускном	problem	near	Выпускной
459	Problem-first	Сбор и потеря фото	как сделать чтобы выпускники и гости делились фото на выпускном	problem	near	Выпускной
460	Problem-first	Сбор и потеря фото	как вовлечь выпускников и гостей через фото на выпускном	problem	near	Выпускной
461	Problem-first	Сбор и потеря фото	как сделать чтобы гости фотографировали на выпускном	problem	near	Выпускной
462	Problem-first	Сбор и потеря фото	как дать выпускникам и гостям ссылку на альбом на выпускном	problem	near	Выпускной
463	Problem-first	Сбор и потеря фото	как сделать общий доступ к фотоальбому на выпускном	problem	near	Выпускной
464	Problem-first	Сбор и потеря фото	как собрать живые фото выпускников и гостей на выпускном	problem	near	Выпускной
465	Problem-first	Сбор и потеря фото	как собрать candid фото выпускников и гостей на выпускном	problem	near	Выпускной
466	Problem-first	Сбор и потеря фото	как сделать фотоленту выпускников и гостей на выпускном	problem	near	Выпускной
467	Problem-first	Сбор и потеря фото	как показывать фото выпускников и гостей во время праздника на выпускном	problem	near	Выпускной
468	Problem-first	Сбор и потеря фото	как собрать фото после выпускного	problem	near	Выпускной
469	Problem-first	Сбор и потеря фото	как собрать все фото после выпускного	problem	near	Выпускной
470	Problem-first	Сбор и потеря фото	куда собрать фото после выпускного	problem	near	Выпускной
471	Problem-first	Сбор и потеря фото	как сохранить фото после выпускного	problem	near	Выпускной
472	Problem-first	Сбор и потеря фото	что делать с фото гостей после выпускного	problem	near	Выпускной
473	Problem-first	Сбор и потеря фото	как скачать общий альбом после выпускного	problem	near	Выпускной
474	Problem-first	Сбор и потеря фото	как собрать воспоминания после выпускного	problem	near	Выпускной
475	Problem-first	Сбор и потеря фото	как найти все фотографии после выпускного	problem	near	Выпускной
476	Problem-first	Сбор и потеря фото	как получить фото от гостей после выпускного	problem	near	Выпускной
477	Problem-first	Сбор и потеря фото	как сделать альбом после выпускного	problem	near	Выпускной
478	Problem-first	Сбор и потеря фото	как собрать фото без чата на выпускном	problem	near	Выпускной
479	Problem-first	Сбор и потеря фото	как собрать фото без телеграм чата на выпускном	problem	near	Выпускной
480	Problem-first	Сбор и потеря фото	как собрать фото без ватсап группы на выпускном	problem	near	Выпускной
481	Problem-first	Сбор и потеря фото	как собрать фото без гугл диска на выпускном	problem	near	Выпускной
482	Problem-first	Сбор и потеря фото	как собрать фото без яндекс диска на выпускном	problem	near	Выпускной
483	Problem-first	Сбор и потеря фото	как собрать фото без приложения на выпускном	problem	near	Выпускной
484	Problem-first	Сбор и потеря фото	как собрать фото без регистрации на выпускном	problem	near	Выпускной
485	Problem-first	Сбор и потеря фото	как собрать фото сразу во время праздника на выпускном	problem	near	Выпускной
486	Problem-first	Сбор и потеря фото	как собрать все фото в одном месте на выпускном	problem	near	Выпускной
487	Problem-first	Сбор и потеря фото	как сделать альбом куда все загружают фото на выпускном	problem	near	Выпускной
488	Problem-first	Сбор и потеря фото	как собрать фото от гостей на вечеринке	problem	near	Вечеринка
489	Problem-first	Сбор и потеря фото	как получить фотографии от гостей на вечеринке	problem	near	Вечеринка
490	Problem-first	Сбор и потеря фото	как не потерять фотографии гостей на вечеринке	problem	near	Вечеринка
491	Problem-first	Сбор и потеря фото	куда складывать фото гостей на вечеринке	problem	near	Вечеринка
492	Problem-first	Сбор и потеря фото	куда гости будут загружать фото на вечеринке	problem	near	Вечеринка
493	Problem-first	Сбор и потеря фото	как сделать общий альбом для гостей на вечеринке	problem	near	Вечеринка
494	Problem-first	Сбор и потеря фото	как собрать фото с телефонов гостей на вечеринке	problem	near	Вечеринка
495	Problem-first	Сбор и потеря фото	как быстро собрать фотографии гостей на вечеринке	problem	near	Вечеринка
496	Problem-first	Сбор и потеря фото	как попросить гостей прислать фото на вечеринке	problem	near	Вечеринка
497	Problem-first	Сбор и потеря фото	как сделать чтобы гости делились фото на вечеринке	problem	near	Вечеринка
498	Problem-first	Сбор и потеря фото	как вовлечь гостей через фото на вечеринке	problem	near	Вечеринка
499	Problem-first	Сбор и потеря фото	как сделать чтобы гости фотографировали на вечеринке	problem	near	Вечеринка
500	Problem-first	Сбор и потеря фото	как дать гостям ссылку на альбом на вечеринке	problem	near	Вечеринка
501	Problem-first	Сбор и потеря фото	как сделать общий доступ к фотоальбому на вечеринке	problem	near	Вечеринка
502	Problem-first	Сбор и потеря фото	как собрать живые фото гостей на вечеринке	problem	near	Вечеринка
503	Problem-first	Сбор и потеря фото	как собрать candid фото гостей на вечеринке	problem	near	Вечеринка
504	Problem-first	Сбор и потеря фото	как сделать фотоленту гостей на вечеринке	problem	near	Вечеринка
505	Problem-first	Сбор и потеря фото	как показывать фото гостей во время праздника на вечеринке	problem	near	Вечеринка
506	Problem-first	Сбор и потеря фото	как собрать фото после вечеринки	problem	near	Вечеринка
507	Problem-first	Сбор и потеря фото	как собрать все фото после вечеринки	problem	near	Вечеринка
508	Problem-first	Сбор и потеря фото	куда собрать фото после вечеринки	problem	near	Вечеринка
509	Problem-first	Сбор и потеря фото	как сохранить фото после вечеринки	problem	near	Вечеринка
510	Problem-first	Сбор и потеря фото	что делать с фото гостей после вечеринки	problem	near	Вечеринка
511	Problem-first	Сбор и потеря фото	как скачать общий альбом после вечеринки	problem	near	Вечеринка
512	Problem-first	Сбор и потеря фото	как собрать воспоминания после вечеринки	problem	near	Вечеринка
513	Problem-first	Сбор и потеря фото	как найти все фотографии после вечеринки	problem	near	Вечеринка
514	Problem-first	Сбор и потеря фото	как получить фото от гостей после вечеринки	problem	near	Вечеринка
515	Problem-first	Сбор и потеря фото	как сделать альбом после вечеринки	problem	near	Вечеринка
516	Problem-first	Сбор и потеря фото	как собрать фото без чата на вечеринке	problem	near	Вечеринка
517	Problem-first	Сбор и потеря фото	как собрать фото без телеграм чата на вечеринке	problem	near	Вечеринка
518	Problem-first	Сбор и потеря фото	как собрать фото без ватсап группы на вечеринке	problem	near	Вечеринка
519	Problem-first	Сбор и потеря фото	как собрать фото без гугл диска на вечеринке	problem	near	Вечеринка
520	Problem-first	Сбор и потеря фото	как собрать фото без яндекс диска на вечеринке	problem	near	Вечеринка
521	Problem-first	Сбор и потеря фото	как собрать фото без приложения на вечеринке	problem	near	Вечеринка
522	Problem-first	Сбор и потеря фото	как собрать фото без регистрации на вечеринке	problem	near	Вечеринка
523	Problem-first	Сбор и потеря фото	как собрать фото сразу во время праздника на вечеринке	problem	near	Вечеринка
524	Problem-first	Сбор и потеря фото	как собрать все фото в одном месте на вечеринке	problem	near	Вечеринка
525	Problem-first	Сбор и потеря фото	как сделать альбом куда все загружают фото на вечеринке	problem	near	Вечеринка
526	Problem-first	Сбор и потеря фото	как собрать фото от участников на конференции	problem	adjacent	Деловое мероприятие
527	Problem-first	Сбор и потеря фото	как получить фотографии от участников на конференции	problem	adjacent	Деловое мероприятие
528	Problem-first	Сбор и потеря фото	как не потерять фотографии участников на конференции	problem	adjacent	Деловое мероприятие
529	Problem-first	Сбор и потеря фото	куда складывать фото участников на конференции	problem	adjacent	Деловое мероприятие
530	Problem-first	Сбор и потеря фото	куда участники будут загружать фото на конференции	problem	adjacent	Деловое мероприятие
531	Problem-first	Сбор и потеря фото	как сделать общий альбом для участников на конференции	problem	adjacent	Деловое мероприятие
532	Problem-first	Сбор и потеря фото	как собрать фото с телефонов участников на конференции	problem	adjacent	Деловое мероприятие
533	Problem-first	Сбор и потеря фото	как быстро собрать фотографии участников на конференции	problem	adjacent	Деловое мероприятие
534	Problem-first	Сбор и потеря фото	как попросить участников прислать фото на конференции	problem	adjacent	Деловое мероприятие
535	Problem-first	Сбор и потеря фото	как сделать чтобы участники делились фото на конференции	problem	adjacent	Деловое мероприятие
536	Problem-first	Сбор и потеря фото	как вовлечь участников через фото на конференции	problem	adjacent	Деловое мероприятие
537	Problem-first	Сбор и потеря фото	как сделать чтобы гости фотографировали на конференции	problem	adjacent	Деловое мероприятие
538	Problem-first	Сбор и потеря фото	как дать участникам ссылку на альбом на конференции	problem	adjacent	Деловое мероприятие
539	Problem-first	Сбор и потеря фото	как сделать общий доступ к фотоальбому на конференции	problem	adjacent	Деловое мероприятие
540	Problem-first	Сбор и потеря фото	как собрать живые фото участников на конференции	problem	adjacent	Деловое мероприятие
541	Problem-first	Сбор и потеря фото	как собрать candid фото участников на конференции	problem	adjacent	Деловое мероприятие
542	Problem-first	Сбор и потеря фото	как сделать фотоленту участников на конференции	problem	adjacent	Деловое мероприятие
543	Problem-first	Сбор и потеря фото	как показывать фото участников во время праздника на конференции	problem	adjacent	Деловое мероприятие
544	Problem-first	Сбор и потеря фото	как собрать фото после конференции	problem	adjacent	Деловое мероприятие
545	Problem-first	Сбор и потеря фото	как собрать все фото после конференции	problem	adjacent	Деловое мероприятие
546	Problem-first	Сбор и потеря фото	куда собрать фото после конференции	problem	adjacent	Деловое мероприятие
547	Problem-first	Сбор и потеря фото	как сохранить фото после конференции	problem	adjacent	Деловое мероприятие
548	Problem-first	Сбор и потеря фото	что делать с фото гостей после конференции	problem	adjacent	Деловое мероприятие
549	Problem-first	Сбор и потеря фото	как скачать общий альбом после конференции	problem	adjacent	Деловое мероприятие
550	Problem-first	Сбор и потеря фото	как собрать воспоминания после конференции	problem	adjacent	Деловое мероприятие
551	Problem-first	Сбор и потеря фото	как найти все фотографии после конференции	problem	adjacent	Деловое мероприятие
552	Problem-first	Сбор и потеря фото	как получить фото от гостей после конференции	problem	adjacent	Деловое мероприятие
553	Problem-first	Сбор и потеря фото	как сделать альбом после конференции	problem	adjacent	Деловое мероприятие
554	Problem-first	Сбор и потеря фото	как собрать фото без чата на конференции	problem	adjacent	Деловое мероприятие
555	Problem-first	Сбор и потеря фото	как собрать фото без телеграм чата на конференции	problem	adjacent	Деловое мероприятие
556	Problem-first	Сбор и потеря фото	как собрать фото без ватсап группы на конференции	problem	adjacent	Деловое мероприятие
557	Problem-first	Сбор и потеря фото	как собрать фото без гугл диска на конференции	problem	adjacent	Деловое мероприятие
558	Problem-first	Сбор и потеря фото	как собрать фото без яндекс диска на конференции	problem	adjacent	Деловое мероприятие
559	Problem-first	Сбор и потеря фото	как собрать фото без приложения на конференции	problem	adjacent	Деловое мероприятие
560	Problem-first	Сбор и потеря фото	как собрать фото без регистрации на конференции	problem	adjacent	Деловое мероприятие
561	Problem-first	Сбор и потеря фото	как собрать фото сразу во время праздника на конференции	problem	adjacent	Деловое мероприятие
562	Problem-first	Сбор и потеря фото	как собрать все фото в одном месте на конференции	problem	adjacent	Деловое мероприятие
563	Problem-first	Сбор и потеря фото	как сделать альбом куда все загружают фото на конференции	problem	adjacent	Деловое мероприятие
564	Problem-first	Сбор и потеря фото	как собрать фото от участников на презентации	problem	adjacent	Деловой event-сценарий
565	Problem-first	Сбор и потеря фото	как получить фотографии от участников на презентации	problem	adjacent	Деловой event-сценарий
566	Problem-first	Сбор и потеря фото	как не потерять фотографии участников на презентации	problem	adjacent	Деловой event-сценарий
567	Problem-first	Сбор и потеря фото	куда складывать фото участников на презентации	problem	adjacent	Деловой event-сценарий
568	Problem-first	Сбор и потеря фото	куда участники будут загружать фото на презентации	problem	adjacent	Деловой event-сценарий
569	Problem-first	Сбор и потеря фото	как сделать общий альбом для участников на презентации	problem	adjacent	Деловой event-сценарий
570	Problem-first	Сбор и потеря фото	как собрать фото с телефонов участников на презентации	problem	adjacent	Деловой event-сценарий
571	Problem-first	Сбор и потеря фото	как быстро собрать фотографии участников на презентации	problem	adjacent	Деловой event-сценарий
572	Problem-first	Сбор и потеря фото	как попросить участников прислать фото на презентации	problem	adjacent	Деловой event-сценарий
573	Problem-first	Сбор и потеря фото	как сделать чтобы участники делились фото на презентации	problem	adjacent	Деловой event-сценарий
574	Problem-first	Сбор и потеря фото	как вовлечь участников через фото на презентации	problem	adjacent	Деловой event-сценарий
575	Problem-first	Сбор и потеря фото	как сделать чтобы гости фотографировали на презентации	problem	adjacent	Деловой event-сценарий
576	Problem-first	Сбор и потеря фото	как дать участникам ссылку на альбом на презентации	problem	adjacent	Деловой event-сценарий
577	Problem-first	Сбор и потеря фото	как сделать общий доступ к фотоальбому на презентации	problem	adjacent	Деловой event-сценарий
578	Problem-first	Сбор и потеря фото	как собрать живые фото участников на презентации	problem	adjacent	Деловой event-сценарий
579	Problem-first	Сбор и потеря фото	как собрать candid фото участников на презентации	problem	adjacent	Деловой event-сценарий
580	Problem-first	Сбор и потеря фото	как сделать фотоленту участников на презентации	problem	adjacent	Деловой event-сценарий
581	Problem-first	Сбор и потеря фото	как показывать фото участников во время праздника на презентации	problem	adjacent	Деловой event-сценарий
582	Problem-first	Сбор и потеря фото	как собрать фото после презентации	problem	adjacent	Деловой event-сценарий
583	Problem-first	Сбор и потеря фото	как собрать все фото после презентации	problem	adjacent	Деловой event-сценарий
584	Problem-first	Сбор и потеря фото	куда собрать фото после презентации	problem	adjacent	Деловой event-сценарий
585	Problem-first	Сбор и потеря фото	как сохранить фото после презентации	problem	adjacent	Деловой event-сценарий
586	Problem-first	Сбор и потеря фото	что делать с фото гостей после презентации	problem	adjacent	Деловой event-сценарий
587	Problem-first	Сбор и потеря фото	как скачать общий альбом после презентации	problem	adjacent	Деловой event-сценарий
588	Problem-first	Сбор и потеря фото	как собрать воспоминания после презентации	problem	adjacent	Деловой event-сценарий
589	Problem-first	Сбор и потеря фото	как найти все фотографии после презентации	problem	adjacent	Деловой event-сценарий
590	Problem-first	Сбор и потеря фото	как получить фото от гостей после презентации	problem	adjacent	Деловой event-сценарий
591	Problem-first	Сбор и потеря фото	как сделать альбом после презентации	problem	adjacent	Деловой event-сценарий
592	Problem-first	Сбор и потеря фото	как собрать фото без чата на презентации	problem	adjacent	Деловой event-сценарий
593	Problem-first	Сбор и потеря фото	как собрать фото без телеграм чата на презентации	problem	adjacent	Деловой event-сценарий
594	Problem-first	Сбор и потеря фото	как собрать фото без ватсап группы на презентации	problem	adjacent	Деловой event-сценарий
595	Problem-first	Сбор и потеря фото	как собрать фото без гугл диска на презентации	problem	adjacent	Деловой event-сценарий
596	Problem-first	Сбор и потеря фото	как собрать фото без яндекс диска на презентации	problem	adjacent	Деловой event-сценарий
597	Problem-first	Сбор и потеря фото	как собрать фото без приложения на презентации	problem	adjacent	Деловой event-сценарий
598	Problem-first	Сбор и потеря фото	как собрать фото без регистрации на презентации	problem	adjacent	Деловой event-сценарий
599	Problem-first	Сбор и потеря фото	как собрать фото сразу во время праздника на презентации	problem	adjacent	Деловой event-сценарий
600	Problem-first	Сбор и потеря фото	как собрать все фото в одном месте на презентации	problem	adjacent	Деловой event-сценарий
601	Problem-first	Сбор и потеря фото	как сделать альбом куда все загружают фото на презентации	problem	adjacent	Деловой event-сценарий
602	Problem-first	Сбор и потеря фото	как собрать фото от гостей на фестивале	problem	adjacent	Массовое событие
603	Problem-first	Сбор и потеря фото	как получить фотографии от гостей на фестивале	problem	adjacent	Массовое событие
604	Problem-first	Сбор и потеря фото	как не потерять фотографии гостей на фестивале	problem	adjacent	Массовое событие
605	Problem-first	Сбор и потеря фото	куда складывать фото гостей на фестивале	problem	adjacent	Массовое событие
606	Problem-first	Сбор и потеря фото	куда гости будут загружать фото на фестивале	problem	adjacent	Массовое событие
607	Problem-first	Сбор и потеря фото	как сделать общий альбом для гостей на фестивале	problem	adjacent	Массовое событие
608	Problem-first	Сбор и потеря фото	как собрать фото с телефонов гостей на фестивале	problem	adjacent	Массовое событие
609	Problem-first	Сбор и потеря фото	как быстро собрать фотографии гостей на фестивале	problem	adjacent	Массовое событие
610	Problem-first	Сбор и потеря фото	как попросить гостей прислать фото на фестивале	problem	adjacent	Массовое событие
611	Problem-first	Сбор и потеря фото	как сделать чтобы гости делились фото на фестивале	problem	adjacent	Массовое событие
612	Problem-first	Сбор и потеря фото	как вовлечь гостей через фото на фестивале	problem	adjacent	Массовое событие
613	Problem-first	Сбор и потеря фото	как сделать чтобы гости фотографировали на фестивале	problem	adjacent	Массовое событие
614	Problem-first	Сбор и потеря фото	как дать гостям ссылку на альбом на фестивале	problem	adjacent	Массовое событие
615	Problem-first	Сбор и потеря фото	как сделать общий доступ к фотоальбому на фестивале	problem	adjacent	Массовое событие
616	Problem-first	Сбор и потеря фото	как собрать живые фото гостей на фестивале	problem	adjacent	Массовое событие
617	Problem-first	Сбор и потеря фото	как собрать candid фото гостей на фестивале	problem	adjacent	Массовое событие
618	Problem-first	Сбор и потеря фото	как сделать фотоленту гостей на фестивале	problem	adjacent	Массовое событие
619	Problem-first	Сбор и потеря фото	как показывать фото гостей во время праздника на фестивале	problem	adjacent	Массовое событие
620	Problem-first	Сбор и потеря фото	как собрать фото после фестиваля	problem	adjacent	Массовое событие
621	Problem-first	Сбор и потеря фото	как собрать все фото после фестиваля	problem	adjacent	Массовое событие
622	Problem-first	Сбор и потеря фото	куда собрать фото после фестиваля	problem	adjacent	Массовое событие
623	Problem-first	Сбор и потеря фото	как сохранить фото после фестиваля	problem	adjacent	Массовое событие
624	Problem-first	Сбор и потеря фото	что делать с фото гостей после фестиваля	problem	adjacent	Массовое событие
625	Problem-first	Сбор и потеря фото	как скачать общий альбом после фестиваля	problem	adjacent	Массовое событие
626	Problem-first	Сбор и потеря фото	как собрать воспоминания после фестиваля	problem	adjacent	Массовое событие
627	Problem-first	Сбор и потеря фото	как найти все фотографии после фестиваля	problem	adjacent	Массовое событие
628	Problem-first	Сбор и потеря фото	как получить фото от гостей после фестиваля	problem	adjacent	Массовое событие
629	Problem-first	Сбор и потеря фото	как сделать альбом после фестиваля	problem	adjacent	Массовое событие
630	Problem-first	Сбор и потеря фото	как собрать фото без чата на фестивале	problem	adjacent	Массовое событие
631	Problem-first	Сбор и потеря фото	как собрать фото без телеграм чата на фестивале	problem	adjacent	Массовое событие
632	Problem-first	Сбор и потеря фото	как собрать фото без ватсап группы на фестивале	problem	adjacent	Массовое событие
633	Problem-first	Сбор и потеря фото	как собрать фото без гугл диска на фестивале	problem	adjacent	Массовое событие
634	Problem-first	Сбор и потеря фото	как собрать фото без яндекс диска на фестивале	problem	adjacent	Массовое событие
635	Problem-first	Сбор и потеря фото	как собрать фото без приложения на фестивале	problem	adjacent	Массовое событие
636	Problem-first	Сбор и потеря фото	как собрать фото без регистрации на фестивале	problem	adjacent	Массовое событие
637	Problem-first	Сбор и потеря фото	как собрать фото сразу во время праздника на фестивале	problem	adjacent	Массовое событие
638	Problem-first	Сбор и потеря фото	как собрать все фото в одном месте на фестивале	problem	adjacent	Массовое событие
639	Problem-first	Сбор и потеря фото	как сделать альбом куда все загружают фото на фестивале	problem	adjacent	Массовое событие
640	Problem-first	Сбор и потеря фото	как собрать фото от гостей на городском празднике	problem	adjacent	Массовое событие
641	Problem-first	Сбор и потеря фото	как получить фотографии от гостей на городском празднике	problem	adjacent	Массовое событие
642	Problem-first	Сбор и потеря фото	как не потерять фотографии гостей на городском празднике	problem	adjacent	Массовое событие
643	Problem-first	Сбор и потеря фото	куда складывать фото гостей на городском празднике	problem	adjacent	Массовое событие
644	Problem-first	Сбор и потеря фото	куда гости будут загружать фото на городском празднике	problem	adjacent	Массовое событие
645	Problem-first	Сбор и потеря фото	как сделать общий альбом для гостей на городском празднике	problem	adjacent	Массовое событие
646	Problem-first	Сбор и потеря фото	как собрать фото с телефонов гостей на городском празднике	problem	adjacent	Массовое событие
647	Problem-first	Сбор и потеря фото	как быстро собрать фотографии гостей на городском празднике	problem	adjacent	Массовое событие
648	Problem-first	Сбор и потеря фото	как попросить гостей прислать фото на городском празднике	problem	adjacent	Массовое событие
649	Problem-first	Сбор и потеря фото	как сделать чтобы гости делились фото на городском празднике	problem	adjacent	Массовое событие
650	Problem-first	Сбор и потеря фото	как вовлечь гостей через фото на городском празднике	problem	adjacent	Массовое событие
651	Problem-first	Сбор и потеря фото	как сделать чтобы гости фотографировали на городском празднике	problem	adjacent	Массовое событие
652	Problem-first	Сбор и потеря фото	как дать гостям ссылку на альбом на городском празднике	problem	adjacent	Массовое событие
653	Problem-first	Сбор и потеря фото	как сделать общий доступ к фотоальбому на городском празднике	problem	adjacent	Массовое событие
654	Problem-first	Сбор и потеря фото	как собрать живые фото гостей на городском празднике	problem	adjacent	Массовое событие
655	Problem-first	Сбор и потеря фото	как собрать candid фото гостей на городском празднике	problem	adjacent	Массовое событие
656	Problem-first	Сбор и потеря фото	как сделать фотоленту гостей на городском празднике	problem	adjacent	Массовое событие
657	Problem-first	Сбор и потеря фото	как показывать фото гостей во время праздника на городском празднике	problem	adjacent	Массовое событие
658	Problem-first	Сбор и потеря фото	как собрать фото после городского праздника	problem	adjacent	Массовое событие
659	Problem-first	Сбор и потеря фото	как собрать все фото после городского праздника	problem	adjacent	Массовое событие
660	Problem-first	Сбор и потеря фото	куда собрать фото после городского праздника	problem	adjacent	Массовое событие
661	Problem-first	Сбор и потеря фото	как сохранить фото после городского праздника	problem	adjacent	Массовое событие
662	Problem-first	Сбор и потеря фото	что делать с фото гостей после городского праздника	problem	adjacent	Массовое событие
663	Problem-first	Сбор и потеря фото	как скачать общий альбом после городского праздника	problem	adjacent	Массовое событие
664	Problem-first	Сбор и потеря фото	как собрать воспоминания после городского праздника	problem	adjacent	Массовое событие
665	Problem-first	Сбор и потеря фото	как найти все фотографии после городского праздника	problem	adjacent	Массовое событие
666	Problem-first	Сбор и потеря фото	как получить фото от гостей после городского праздника	problem	adjacent	Массовое событие
667	Problem-first	Сбор и потеря фото	как сделать альбом после городского праздника	problem	adjacent	Массовое событие
668	Problem-first	Сбор и потеря фото	как собрать фото без чата на городском празднике	problem	adjacent	Массовое событие
669	Problem-first	Сбор и потеря фото	как собрать фото без телеграм чата на городском празднике	problem	adjacent	Массовое событие
670	Problem-first	Сбор и потеря фото	как собрать фото без ватсап группы на городском празднике	problem	adjacent	Массовое событие
671	Problem-first	Сбор и потеря фото	как собрать фото без гугл диска на городском празднике	problem	adjacent	Массовое событие
672	Problem-first	Сбор и потеря фото	как собрать фото без яндекс диска на городском празднике	problem	adjacent	Массовое событие
673	Problem-first	Сбор и потеря фото	как собрать фото без приложения на городском празднике	problem	adjacent	Массовое событие
674	Problem-first	Сбор и потеря фото	как собрать фото без регистрации на городском празднике	problem	adjacent	Массовое событие
675	Problem-first	Сбор и потеря фото	как собрать фото сразу во время праздника на городском празднике	problem	adjacent	Массовое событие
676	Problem-first	Сбор и потеря фото	как собрать все фото в одном месте на городском празднике	problem	adjacent	Массовое событие
677	Problem-first	Сбор и потеря фото	как сделать альбом куда все загружают фото на городском празднике	problem	adjacent	Массовое событие
678	Problem-first	Сбор и потеря фото	как собрать фото от гостей на закрытом мероприятии	problem	adjacent	Закрытый event-сценарий
679	Problem-first	Сбор и потеря фото	как получить фотографии от гостей на закрытом мероприятии	problem	adjacent	Закрытый event-сценарий
680	Problem-first	Сбор и потеря фото	как не потерять фотографии гостей на закрытом мероприятии	problem	adjacent	Закрытый event-сценарий
681	Problem-first	Сбор и потеря фото	куда складывать фото гостей на закрытом мероприятии	problem	adjacent	Закрытый event-сценарий
682	Problem-first	Сбор и потеря фото	куда гости будут загружать фото на закрытом мероприятии	problem	adjacent	Закрытый event-сценарий
683	Problem-first	Сбор и потеря фото	как сделать общий альбом для гостей на закрытом мероприятии	problem	adjacent	Закрытый event-сценарий
684	Problem-first	Сбор и потеря фото	как собрать фото с телефонов гостей на закрытом мероприятии	problem	adjacent	Закрытый event-сценарий
685	Problem-first	Сбор и потеря фото	как быстро собрать фотографии гостей на закрытом мероприятии	problem	adjacent	Закрытый event-сценарий
686	Problem-first	Сбор и потеря фото	как попросить гостей прислать фото на закрытом мероприятии	problem	adjacent	Закрытый event-сценарий
687	Problem-first	Сбор и потеря фото	как сделать чтобы гости делились фото на закрытом мероприятии	problem	adjacent	Закрытый event-сценарий
688	Problem-first	Сбор и потеря фото	как вовлечь гостей через фото на закрытом мероприятии	problem	adjacent	Закрытый event-сценарий
689	Problem-first	Сбор и потеря фото	как сделать чтобы гости фотографировали на закрытом мероприятии	problem	adjacent	Закрытый event-сценарий
690	Problem-first	Сбор и потеря фото	как дать гостям ссылку на альбом на закрытом мероприятии	problem	adjacent	Закрытый event-сценарий
691	Problem-first	Сбор и потеря фото	как сделать общий доступ к фотоальбому на закрытом мероприятии	problem	adjacent	Закрытый event-сценарий
692	Problem-first	Сбор и потеря фото	как собрать живые фото гостей на закрытом мероприятии	problem	adjacent	Закрытый event-сценарий
693	Problem-first	Сбор и потеря фото	как собрать candid фото гостей на закрытом мероприятии	problem	adjacent	Закрытый event-сценарий
694	Problem-first	Сбор и потеря фото	как сделать фотоленту гостей на закрытом мероприятии	problem	adjacent	Закрытый event-сценарий
695	Problem-first	Сбор и потеря фото	как показывать фото гостей во время праздника на закрытом мероприятии	problem	adjacent	Закрытый event-сценарий
696	Problem-first	Сбор и потеря фото	как собрать фото после закрытого мероприятия	problem	adjacent	Закрытый event-сценарий
697	Problem-first	Сбор и потеря фото	как собрать все фото после закрытого мероприятия	problem	adjacent	Закрытый event-сценарий
698	Problem-first	Сбор и потеря фото	куда собрать фото после закрытого мероприятия	problem	adjacent	Закрытый event-сценарий
699	Problem-first	Сбор и потеря фото	как сохранить фото после закрытого мероприятия	problem	adjacent	Закрытый event-сценарий
700	Problem-first	Сбор и потеря фото	что делать с фото гостей после закрытого мероприятия	problem	adjacent	Закрытый event-сценарий
701	Problem-first	Сбор и потеря фото	как скачать общий альбом после закрытого мероприятия	problem	adjacent	Закрытый event-сценарий
702	Problem-first	Сбор и потеря фото	как собрать воспоминания после закрытого мероприятия	problem	adjacent	Закрытый event-сценарий
703	Problem-first	Сбор и потеря фото	как найти все фотографии после закрытого мероприятия	problem	adjacent	Закрытый event-сценарий
704	Problem-first	Сбор и потеря фото	как получить фото от гостей после закрытого мероприятия	problem	adjacent	Закрытый event-сценарий
705	Problem-first	Сбор и потеря фото	как сделать альбом после закрытого мероприятия	problem	adjacent	Закрытый event-сценарий
706	Problem-first	Сбор и потеря фото	как собрать фото без чата на закрытом мероприятии	problem	adjacent	Закрытый event-сценарий
707	Problem-first	Сбор и потеря фото	как собрать фото без телеграм чата на закрытом мероприятии	problem	adjacent	Закрытый event-сценарий
708	Problem-first	Сбор и потеря фото	как собрать фото без ватсап группы на закрытом мероприятии	problem	adjacent	Закрытый event-сценарий
709	Problem-first	Сбор и потеря фото	как собрать фото без гугл диска на закрытом мероприятии	problem	adjacent	Закрытый event-сценарий
710	Problem-first	Сбор и потеря фото	как собрать фото без яндекс диска на закрытом мероприятии	problem	adjacent	Закрытый event-сценарий
711	Problem-first	Сбор и потеря фото	как собрать фото без приложения на закрытом мероприятии	problem	adjacent	Закрытый event-сценарий
712	Problem-first	Сбор и потеря фото	как собрать фото без регистрации на закрытом мероприятии	problem	adjacent	Закрытый event-сценарий
713	Problem-first	Сбор и потеря фото	как собрать фото сразу во время праздника на закрытом мероприятии	problem	adjacent	Закрытый event-сценарий
714	Problem-first	Сбор и потеря фото	как собрать все фото в одном месте на закрытом мероприятии	problem	adjacent	Закрытый event-сценарий
715	Problem-first	Сбор и потеря фото	как сделать альбом куда все загружают фото на закрытом мероприятии	problem	adjacent	Закрытый event-сценарий
716	Свадьба	Идеи и интерактивы	идеи для свадьбы	wedding	near	Свадебный спрос и верх воронки
717	Свадьба	Идеи и интерактивы	идеи для современной свадьбы	wedding	near	Свадебный спрос и верх воронки
718	Свадьба	Идеи и интерактивы	интересные идеи для свадьбы	wedding	near	Свадебный спрос и верх воронки
719	Свадьба	Идеи и интерактивы	необычные идеи для свадьбы	wedding	near	Свадебный спрос и верх воронки
720	Свадьба	Идеи и интерактивы	фишки для свадьбы	wedding	near	Свадебный спрос и верх воронки
721	Свадьба	Идеи и интерактивы	свадебные фишки для гостей	wedding	near	Свадебный спрос и верх воронки
722	Свадьба	Идеи и интерактивы	что придумать на свадьбу	wedding	near	Свадебный спрос и верх воронки
723	Свадьба	Идеи и интерактивы	что добавить на свадьбу	wedding	near	Свадебный спрос и верх воронки
724	Свадьба	Идеи и интерактивы	чем удивить гостей на свадьбе	wedding	near	Свадебный спрос и верх воронки
725	Свадьба	Идеи и интерактивы	как удивить гостей на свадьбе	wedding	near	Свадебный спрос и верх воронки
726	Свадьба	Идеи и интерактивы	как сделать свадьбу запоминающейся	wedding	near	Свадебный спрос и верх воронки
727	Свадьба	Идеи и интерактивы	как сделать свадьбу современной	wedding	near	Свадебный спрос и верх воронки
728	Свадьба	Идеи и интерактивы	как сделать свадьбу живой	wedding	near	Свадебный спрос и верх воронки
729	Свадьба	Идеи и интерактивы	как сделать свадьбу не скучной	wedding	near	Свадебный спрос и верх воронки
730	Свадьба	Идеи и интерактивы	как сделать свадьбу без кринжа	wedding	near	Свадебный спрос и верх воронки
731	Свадьба	Идеи и интерактивы	как сделать свадьбу без банальных конкурсов	wedding	near	Свадебный спрос и верх воронки
732	Свадьба	Идеи и интерактивы	свадьба без конкурсов	wedding	near	Свадебный спрос и верх воронки
733	Свадьба	Идеи и интерактивы	свадьба без пошлых конкурсов	wedding	near	Свадебный спрос и верх воронки
734	Свадьба	Идеи и интерактивы	свадьба без тамады идеи	wedding	near	Свадебный спрос и верх воронки
735	Свадьба	Идеи и интерактивы	свадьба без скучных конкурсов	wedding	near	Свадебный спрос и верх воронки
736	Свадьба	Идеи и интерактивы	камерная свадьба идеи	wedding	near	Свадебный спрос и верх воронки
737	Свадьба	Идеи и интерактивы	молодежная свадьба идеи	wedding	near	Свадебный спрос и верх воронки
738	Свадьба	Идеи и интерактивы	стильная свадьба идеи	wedding	near	Свадебный спрос и верх воронки
739	Свадьба	Идеи и интерактивы	уютная свадьба идеи	wedding	near	Свадебный спрос и верх воронки
740	Свадьба	Идеи и интерактивы	digital свадьба	wedding	near	Свадебный спрос и верх воронки
741	Свадьба	Идеи и интерактивы	цифровая свадьба	wedding	near	Свадебный спрос и верх воронки
742	Свадьба	Идеи и интерактивы	интерактивы на свадьбу	wedding	near	Свадебный спрос и верх воронки
743	Свадьба	Идеи и интерактивы	интерактивы для гостей на свадьбе	wedding	near	Свадебный спрос и верх воронки
744	Свадьба	Идеи и интерактивы	современные интерактивы на свадьбу	wedding	near	Свадебный спрос и верх воронки
745	Свадьба	Идеи и интерактивы	необычные интерактивы на свадьбу	wedding	near	Свадебный спрос и верх воронки
746	Свадьба	Идеи и интерактивы	интерактивы без кринжа на свадьбу	wedding	near	Свадебный спрос и верх воронки
747	Свадьба	Идеи и интерактивы	идеи интерактивов на свадьбу	wedding	near	Свадебный спрос и верх воронки
748	Свадьба	Идеи и интерактивы	развлечения для гостей на свадьбе	wedding	near	Свадебный спрос и верх воронки
749	Свадьба	Идеи и интерактивы	чем занять гостей на свадьбе	wedding	near	Свадебный спрос и верх воронки
750	Свадьба	Идеи и интерактивы	как развлечь гостей на свадьбе	wedding	near	Свадебный спрос и верх воронки
751	Свадьба	Идеи и интерактивы	как вовлечь гостей на свадьбе	wedding	near	Свадебный спрос и верх воронки
752	Свадьба	Идеи и интерактивы	что делать гостям на свадьбе	wedding	near	Свадебный спрос и верх воронки
753	Свадьба	Идеи и интерактивы	активности для гостей на свадьбе	wedding	near	Свадебный спрос и верх воронки
754	Свадьба	Идеи и интерактивы	современные развлечения на свадьбу	wedding	near	Свадебный спрос и верх воронки
755	Свадьба	Идеи и интерактивы	развлечения на свадьбу без конкурсов	wedding	near	Свадебный спрос и верх воронки
756	Свадьба	Идеи и интерактивы	интерактивная свадьба	wedding	near	Свадебный спрос и верх воронки
757	Свадьба	Идеи и интерактивы	свадебные активности для гостей	wedding	near	Свадебный спрос и верх воронки
758	Свадьба	Идеи и интерактивы	зона активности на свадьбе	wedding	near	Свадебный спрос и верх воронки
759	Свадьба	Идеи и интерактивы	welcome зона на свадьбе идеи	wedding	near	Свадебный спрос и верх воронки
760	Свадьба	Идеи и интерактивы	что поставить на welcome зоне	wedding	near	Свадебный спрос и верх воронки
761	Свадьба	Идеи и интерактивы	интерактив на welcome зоне	wedding	near	Свадебный спрос и верх воронки
762	Свадьба	Идеи и интерактивы	qr код на welcome зоне свадьбы	wedding	near	Свадебный спрос и верх воронки
763	Свадьба	Идеи и интерактивы	фото зона на welcome зоне	wedding	near	Свадебный спрос и верх воронки
764	Свадьба	Идеи и интерактивы	гостевая зона на свадьбе	wedding	near	Свадебный спрос и верх воронки
765	Свадьба	Идеи и интерактивы	идеи для гостей до банкета	wedding	near	Свадебный спрос и верх воронки
766	Свадьба	Идеи и интерактивы	чем занять гостей до банкета	wedding	near	Свадебный спрос и верх воронки
767	Свадьба	Идеи и интерактивы	чем занять гостей пока ждут молодых	wedding	near	Свадебный спрос и верх воронки
768	Свадьба	Идеи и интерактивы	что показать гостям на свадьбе	wedding	near	Свадебный спрос и верх воронки
769	Свадьба	Идеи и интерактивы	что показать на проекторе на свадьбе	wedding	near	Свадебный спрос и верх воронки
770	Свадьба	Идеи и интерактивы	что показывать на экране на свадьбе	wedding	near	Свадебный спрос и верх воронки
771	Свадьба	Идеи и интерактивы	экран на свадьбе идеи	wedding	near	Свадебный спрос и верх воронки
772	Свадьба	Идеи и интерактивы	проектор на свадьбе идеи	wedding	near	Свадебный спрос и верх воронки
773	Свадьба	Идеи и интерактивы	контент для экрана на свадьбе	wedding	near	Свадебный спрос и верх воронки
774	Свадьба	Идеи и интерактивы	фото гостей на свадьбе на экране	wedding	near	Свадебный спрос и верх воронки
775	Свадьба	Идеи и интерактивы	слайдшоу на свадьбу идеи	wedding	near	Свадебный спрос и верх воронки
776	Свадьба	Идеи и интерактивы	заставка на экран свадьба	wedding	near	Свадебный спрос и верх воронки
777	Свадьба	Идеи и интерактивы	свадебный экран заставка	wedding	near	Свадебный спрос и верх воронки
778	Свадьба	Идеи и интерактивы	программа вечера свадьбы идеи	wedding	near	Свадебный спрос и верх воронки
779	Свадьба	Идеи и интерактивы	тайминг свадьбы с интерактивами	wedding	near	Свадебный спрос и верх воронки
780	Свадьба	Идеи и интерактивы	как сделать свадьбу интерактивной	wedding	near	Свадебный спрос и верх воронки
781	Свадьба	Идеи и интерактивы	онлайн интерактив на свадьбу	wedding	near	Свадебный спрос и верх воронки
782	Свадьба	Идеи и интерактивы	сервис для интерактива на свадьбу	wedding	near	Свадебный спрос и верх воронки
783	Свадьба	Идеи и интерактивы	свадебные сервисы онлайн	wedding	near	Свадебный спрос и верх воронки
784	Свадьба	Идеи и интерактивы	приложение для гостей свадьбы	wedding	near	Свадебный спрос и верх воронки
785	Свадьба	Идеи и интерактивы	сайт для гостей свадьбы	wedding	near	Свадебный спрос и верх воронки
786	Свадьба	Идеи и интерактивы	цифровые фишки для свадьбы	wedding	near	Свадебный спрос и верх воронки
787	Свадьба	Идеи и интерактивы	технологии на свадьбе	wedding	near	Свадебный спрос и верх воронки
788	Свадьба	Идеи и интерактивы	мультимедийная свадьба	wedding	near	Свадебный спрос и верх воронки
789	Свадьба	Идеи и интерактивы	свадьба с экраном	wedding	near	Свадебный спрос и верх воронки
790	Свадьба	Идеи и интерактивы	свадьба с проектором	wedding	near	Свадебный спрос и верх воронки
791	Свадьба	Идеи и интерактивы	свадьба с led экраном	wedding	near	Свадебный спрос и верх воронки
792	Свадьба	Идеи и интерактивы	идеи для свадьбы с проектором	wedding	near	Свадебный спрос и верх воронки
793	Свадьба	Идеи и интерактивы	идеи для свадьбы с экраном	wedding	near	Свадебный спрос и верх воронки
794	Ведущий	Интерактивы ведущего	идеи для ведущего на свадьбу	host	near	Семантика ведущих и МС
795	Ведущий	Интерактивы ведущего	интерактивы для ведущего на свадьбу	host	near	Семантика ведущих и МС
796	Ведущий	Интерактивы ведущего	современные интерактивы для ведущего	host	near	Семантика ведущих и МС
797	Ведущий	Интерактивы ведущего	фишки для ведущего свадьбы	host	near	Семантика ведущих и МС
798	Ведущий	Интерактивы ведущего	что предложить ведущему на свадьбу	host	near	Семантика ведущих и МС
799	Ведущий	Интерактивы ведущего	идеи ведущему для гостей	host	near	Семантика ведущих и МС
800	Ведущий	Интерактивы ведущего	как ведущему вовлечь гостей	host	near	Семантика ведущих и МС
801	Ведущий	Интерактивы ведущего	как ведущему раскачать зал	host	near	Семантика ведущих и МС
802	Ведущий	Интерактивы ведущего	как раскачать зал на свадьбе	host	near	Семантика ведущих и МС
803	Ведущий	Интерактивы ведущего	как расшевелить гостей на свадьбе	host	near	Семантика ведущих и МС
804	Ведущий	Интерактивы ведущего	как вовлечь зал без конкурсов	host	near	Семантика ведущих и МС
805	Ведущий	Интерактивы ведущего	конкурсы без кринжа на свадьбу	host	near	Семантика ведущих и МС
806	Ведущий	Интерактивы ведущего	современные конкурсы на свадьбу	host	near	Семантика ведущих и МС
807	Ведущий	Интерактивы ведущего	интерактивы без пошлости	host	near	Семантика ведущих и МС
808	Ведущий	Интерактивы ведущего	конкурсы для свадьбы без пошлости	host	near	Семантика ведущих и МС
809	Ведущий	Интерактивы ведущего	идеи конкурсов без кринжа	host	near	Семантика ведущих и МС
810	Ведущий	Интерактивы ведущего	сценарии интерактивов для ведущего	host	near	Семантика ведущих и МС
811	Ведущий	Интерактивы ведущего	интерактив с экраном для ведущего	host	near	Семантика ведущих и МС
812	Ведущий	Интерактивы ведущего	интерактив с проектором для ведущего	host	near	Семантика ведущих и МС
813	Ведущий	Интерактивы ведущего	что показать на экране ведущему	host	near	Семантика ведущих и МС
814	Ведущий	Интерактивы ведущего	экран для ведущего на свадьбе	host	near	Семантика ведущих и МС
815	Ведущий	Интерактивы ведущего	фото интерактив для ведущего	host	near	Семантика ведущих и МС
816	Ведущий	Интерактивы ведущего	интерактив с фото гостей	host	near	Семантика ведущих и МС
817	Ведущий	Интерактивы ведущего	игра с фото гостей на свадьбе	host	near	Семантика ведущих и МС
818	Ведущий	Интерактивы ведущего	сбор фото гостей для ведущего	host	near	Семантика ведущих и МС
819	Ведущий	Интерактивы ведущего	ведущий показывает фото гостей	host	near	Семантика ведущих и МС
820	Ведущий	Интерактивы ведущего	ведущий с экраном на свадьбе	host	near	Семантика ведущих и МС
821	Ведущий	Интерактивы ведущего	мультимедиа для ведущего	host	near	Семантика ведущих и МС
822	Ведущий	Интерактивы ведущего	диджей экран свадьба фото	host	near	Семантика ведущих и МС
823	Ведущий	Интерактивы ведущего	идеи для ведущего корпоратива	host	near	Семантика ведущих и МС
824	Ведущий	Интерактивы ведущего	интерактивы для ведущего корпоратива	host	near	Семантика ведущих и МС
825	Ведущий	Интерактивы ведущего	как раскачать зал на корпоративе	host	near	Семантика ведущих и МС
826	Ведущий	Интерактивы ведущего	конкурсы на корпоратив без кринжа	host	near	Семантика ведущих и МС
827	Ведущий	Интерактивы ведущего	интерактивы с экраном на корпоратив	host	near	Семантика ведущих и МС
828	Ведущий	Интерактивы ведущего	фишки ведущего на корпоратив	host	near	Семантика ведущих и МС
829	Ведущий	Интерактивы ведущего	идеи для ведущего юбилея	host	near	Семантика ведущих и МС
830	Ведущий	Интерактивы ведущего	интерактивы для ведущего юбилея	host	near	Семантика ведущих и МС
831	Ведущий	Интерактивы ведущего	ведущий юбилей идеи для гостей	host	near	Семантика ведущих и МС
832	Ведущий	Интерактивы ведущего	фото интерактив на юбилей	host	near	Семантика ведущих и МС
833	Ведущий	Интерактивы ведущего	идеи для ведущего выпускного	host	near	Семантика ведущих и МС
834	Ведущий	Интерактивы ведущего	интерактивы для выпускного ведущему	host	near	Семантика ведущих и МС
835	Ведущий	Интерактивы ведущего	экран на выпускном для ведущего	host	near	Семантика ведущих и МС
836	Ведущий	Интерактивы ведущего	фото гостей на экране ведущий	host	near	Семантика ведущих и МС
837	Ведущий	Ведущий по типам событий	идеи интерактивов на свадьбе	wedding	near	Запросы ведущих по событиям
838	Ведущий	Ведущий по типам событий	современные конкурсы на свадьбе	wedding	near	Запросы ведущих по событиям
839	Ведущий	Ведущий по типам событий	интерактивы с экраном на свадьбе	wedding	near	Запросы ведущих по событиям
840	Ведущий	Ведущий по типам событий	интерактивы с фото на свадьбе	wedding	near	Запросы ведущих по событиям
841	Ведущий	Ведущий по типам событий	фишки для ведущего на свадьбе	wedding	near	Запросы ведущих по событиям
842	Ведущий	Ведущий по типам событий	сценарии для ведущего на свадьбе	wedding	near	Запросы ведущих по событиям
843	Ведущий	Ведущий по типам событий	что показать на экране на свадьбе	wedding	near	Запросы ведущих по событиям
844	Ведущий	Ведущий по типам событий	идеи интерактивов на корпоративе	event	near	Запросы ведущих по событиям
845	Ведущий	Ведущий по типам событий	современные конкурсы на корпоративе	event	near	Запросы ведущих по событиям
846	Ведущий	Ведущий по типам событий	интерактивы с экраном на корпоративе	event	near	Запросы ведущих по событиям
847	Ведущий	Ведущий по типам событий	интерактивы с фото на корпоративе	event	near	Запросы ведущих по событиям
848	Ведущий	Ведущий по типам событий	фишки для ведущего на корпоративе	event	near	Запросы ведущих по событиям
849	Ведущий	Ведущий по типам событий	сценарии для ведущего на корпоративе	event	near	Запросы ведущих по событиям
850	Ведущий	Ведущий по типам событий	активности для гостей на корпоративе	event	near	Запросы ведущих по событиям
851	Ведущий	Ведущий по типам событий	как вовлечь гостей на корпоративе	event	near	Запросы ведущих по событиям
852	Ведущий	Ведущий по типам событий	что показать на экране на корпоративе	event	near	Запросы ведущих по событиям
853	Ведущий	Ведущий по типам событий	идеи интерактивов на юбилее	event	near	Запросы ведущих по событиям
854	Ведущий	Ведущий по типам событий	современные конкурсы на юбилее	event	near	Запросы ведущих по событиям
855	Ведущий	Ведущий по типам событий	интерактивы с экраном на юбилее	event	near	Запросы ведущих по событиям
856	Ведущий	Ведущий по типам событий	интерактивы с фото на юбилее	event	near	Запросы ведущих по событиям
857	Ведущий	Ведущий по типам событий	фишки для ведущего на юбилее	event	near	Запросы ведущих по событиям
858	Ведущий	Ведущий по типам событий	сценарии для ведущего на юбилее	event	near	Запросы ведущих по событиям
859	Ведущий	Ведущий по типам событий	активности для гостей на юбилее	event	near	Запросы ведущих по событиям
860	Ведущий	Ведущий по типам событий	как вовлечь гостей на юбилее	event	near	Запросы ведущих по событиям
861	Ведущий	Ведущий по типам событий	как раскачать зал на юбилее	event	near	Запросы ведущих по событиям
862	Ведущий	Ведущий по типам событий	что показать на экране на юбилее	event	near	Запросы ведущих по событиям
863	Ведущий	Ведущий по типам событий	идеи интерактивов на дне рождения	event	near	Запросы ведущих по событиям
864	Ведущий	Ведущий по типам событий	современные конкурсы на дне рождения	event	near	Запросы ведущих по событиям
865	Ведущий	Ведущий по типам событий	интерактивы с экраном на дне рождения	event	near	Запросы ведущих по событиям
866	Ведущий	Ведущий по типам событий	интерактивы с фото на дне рождения	event	near	Запросы ведущих по событиям
867	Ведущий	Ведущий по типам событий	фишки для ведущего на дне рождения	event	near	Запросы ведущих по событиям
868	Ведущий	Ведущий по типам событий	сценарии для ведущего на дне рождения	event	near	Запросы ведущих по событиям
869	Ведущий	Ведущий по типам событий	активности для гостей на дне рождения	event	near	Запросы ведущих по событиям
870	Ведущий	Ведущий по типам событий	как вовлечь гостей на дне рождения	event	near	Запросы ведущих по событиям
871	Ведущий	Ведущий по типам событий	как раскачать зал на дне рождения	event	near	Запросы ведущих по событиям
872	Ведущий	Ведущий по типам событий	что показать на экране на дне рождения	event	near	Запросы ведущих по событиям
873	Ведущий	Ведущий по типам событий	идеи интерактивов на выпускном	event	near	Запросы ведущих по событиям
874	Ведущий	Ведущий по типам событий	современные конкурсы на выпускном	event	near	Запросы ведущих по событиям
875	Ведущий	Ведущий по типам событий	интерактивы с экраном на выпускном	event	near	Запросы ведущих по событиям
876	Ведущий	Ведущий по типам событий	интерактивы с фото на выпускном	event	near	Запросы ведущих по событиям
877	Ведущий	Ведущий по типам событий	фишки для ведущего на выпускном	event	near	Запросы ведущих по событиям
878	Ведущий	Ведущий по типам событий	сценарии для ведущего на выпускном	event	near	Запросы ведущих по событиям
879	Ведущий	Ведущий по типам событий	активности для гостей на выпускном	event	near	Запросы ведущих по событиям
880	Ведущий	Ведущий по типам событий	как вовлечь гостей на выпускном	event	near	Запросы ведущих по событиям
881	Ведущий	Ведущий по типам событий	как раскачать зал на выпускном	event	near	Запросы ведущих по событиям
882	Ведущий	Ведущий по типам событий	что показать на экране на выпускном	event	near	Запросы ведущих по событиям
883	Ведущий	Ведущий по типам событий	идеи интерактивов на вечеринке	event	near	Запросы ведущих по событиям
884	Ведущий	Ведущий по типам событий	современные конкурсы на вечеринке	event	near	Запросы ведущих по событиям
885	Ведущий	Ведущий по типам событий	интерактивы с экраном на вечеринке	event	near	Запросы ведущих по событиям
886	Ведущий	Ведущий по типам событий	интерактивы с фото на вечеринке	event	near	Запросы ведущих по событиям
887	Ведущий	Ведущий по типам событий	фишки для ведущего на вечеринке	event	near	Запросы ведущих по событиям
888	Ведущий	Ведущий по типам событий	сценарии для ведущего на вечеринке	event	near	Запросы ведущих по событиям
889	Ведущий	Ведущий по типам событий	активности для гостей на вечеринке	event	near	Запросы ведущих по событиям
890	Ведущий	Ведущий по типам событий	как вовлечь гостей на вечеринке	event	near	Запросы ведущих по событиям
891	Ведущий	Ведущий по типам событий	как раскачать зал на вечеринке	event	near	Запросы ведущих по событиям
892	Ведущий	Ведущий по типам событий	что показать на экране на вечеринке	event	near	Запросы ведущих по событиям
893	Экран / проектор	Контент на экран	что показывать на проекторе	screen	near	Экран, проектор и live-показ
894	Экран / проектор	Контент на экран	что показать на проекторе	screen	near	Экран, проектор и live-показ
895	Экран / проектор	Контент на экран	что показывать на экране мероприятия	screen	near	Экран, проектор и live-показ
896	Экран / проектор	Контент на экран	что показать на экране мероприятия	screen	near	Экран, проектор и live-показ
897	Экран / проектор	Контент на экран	контент для экрана на мероприятии	screen	near	Экран, проектор и live-показ
898	Экран / проектор	Контент на экран	контент для led экрана на мероприятии	screen	near	Экран, проектор и live-показ
899	Экран / проектор	Контент на экран	идеи для экрана на мероприятии	screen	near	Экран, проектор и live-показ
900	Экран / проектор	Контент на экран	идеи для проектора на мероприятии	screen	near	Экран, проектор и live-показ
901	Экран / проектор	Контент на экран	фото на экране мероприятия	screen	near	Экран, проектор и live-показ
902	Экран / проектор	Контент на экран	фото на проекторе мероприятия	screen	near	Экран, проектор и live-показ
903	Экран / проектор	Контент на экран	фотографии гостей на экране	screen	near	Экран, проектор и live-показ
904	Экран / проектор	Контент на экран	фотографии гостей на проекторе	screen	near	Экран, проектор и live-показ
905	Экран / проектор	Контент на экран	живые фото на экране	screen	near	Экран, проектор и live-показ
906	Экран / проектор	Контент на экран	live фото на экране	screen	near	Экран, проектор и live-показ
907	Экран / проектор	Контент на экран	фото на экран в реальном времени	screen	near	Экран, проектор и live-показ
908	Экран / проектор	Контент на экран	фотолента на экране	screen	near	Экран, проектор и live-показ
909	Экран / проектор	Контент на экран	живая фотолента на проекторе	screen	near	Экран, проектор и live-показ
910	Экран / проектор	Контент на экран	социальная стена на мероприятии	screen	near	Экран, проектор и live-показ
911	Экран / проектор	Контент на экран	photo wall на мероприятие	screen	near	Экран, проектор и live-показ
912	Экран / проектор	Контент на экран	интерактивная фотостена	screen	near	Экран, проектор и live-показ
913	Экран / проектор	Контент на экран	цифровая фотостена	screen	near	Экран, проектор и live-показ
914	Экран / проектор	Контент на экран	экран с фото гостей	screen	near	Экран, проектор и live-показ
915	Экран / проектор	Контент на экран	проектор с фото гостей	screen	near	Экран, проектор и live-показ
916	Экран / проектор	Контент на экран	led экран фото гостей	screen	near	Экран, проектор и live-показ
917	Экран / проектор	Контент на экран	как вывести фото на экран	screen	near	Экран, проектор и live-показ
918	Экран / проектор	Контент на экран	как вывести фото на проектор	screen	near	Экран, проектор и live-показ
919	Экран / проектор	Контент на экран	как показывать фото гостей на экране	screen	near	Экран, проектор и live-показ
920	Экран / проектор	Контент на экран	как показывать фото с телефона на проекторе	screen	near	Экран, проектор и live-показ
921	Экран / проектор	Контент на экран	как сделать фотоленту на экране	screen	near	Экран, проектор и live-показ
922	Экран / проектор	Контент на экран	как сделать фото стену на экране	screen	near	Экран, проектор и live-показ
923	Экран / проектор	Контент на экран	заставка на экран мероприятия	screen	near	Экран, проектор и live-показ
924	Экран / проектор	Контент на экран	welcome screen мероприятие	screen	near	Экран, проектор и live-показ
925	Экран / проектор	Контент на экран	экран приветствия на мероприятии	screen	near	Экран, проектор и live-показ
926	Экран / проектор	Контент на экран	экран регистрации мероприятия	screen	near	Экран, проектор и live-показ
927	Экран / проектор	Контент на экран	экран на welcome зоне	screen	near	Экран, проектор и live-показ
928	Экран / проектор	Контент на экран	слайдшоу на мероприятие	screen	near	Экран, проектор и live-показ
929	Экран / проектор	Контент на экран	слайдшоу из фото гостей	screen	near	Экран, проектор и live-показ
930	Экран / проектор	Контент на экран	слайдшоу в реальном времени	screen	near	Экран, проектор и live-показ
931	Экран / проектор	Контент на экран	слайдшоу на проектор	screen	near	Экран, проектор и live-показ
932	Экран / проектор	Контент на экран	показ слайдов на свадьбе	screen	near	Экран, проектор и live-показ
933	Экран / проектор	Контент на экран	показ фото на led экране	screen	near	Экран, проектор и live-показ
934	Экран / проектор	Контент на экран	фото на телевизор на мероприятии	screen	near	Экран, проектор и live-показ
935	Экран / проектор	Контент на экран	фото на экран телевизора мероприятие	screen	near	Экран, проектор и live-показ
936	Экран / проектор	Контент на экран	что крутить на экране мероприятия	screen	near	Экран, проектор и live-показ
937	Экран / проектор	Контент на экран	что поставить на экран мероприятия	screen	near	Экран, проектор и live-показ
938	Экран / проектор	Контент на экран	идеи заставки для мероприятия	screen	near	Экран, проектор и live-показ
939	Экран / проектор	Контент на экран	медиа экран на мероприятии	screen	near	Экран, проектор и live-показ
940	Экран / проектор	Контент на экран	мультимедиа на мероприятии	screen	near	Экран, проектор и live-показ
941	Экран / проектор	По типам событий	что показывать на проекторе на свадьбе	screen	direct	Свадебный основной сценарий
942	Экран / проектор	По типам событий	экран идеи на свадьбе	screen	direct	Свадебный основной сценарий
943	Экран / проектор	По типам событий	проектор идеи на свадьбе	screen	direct	Свадебный основной сценарий
944	Экран / проектор	По типам событий	фото на экране на свадьбе	screen	direct	Свадебный основной сценарий
945	Экран / проектор	По типам событий	фото гостей на проекторе на свадьбе	screen	direct	Свадебный основной сценарий
946	Экран / проектор	По типам событий	живая фотолента на свадьбе	screen	direct	Свадебный основной сценарий
947	Экран / проектор	По типам событий	слайдшоу на свадьбе	screen	direct	Свадебный основной сценарий
948	Экран / проектор	По типам событий	welcome screen на свадьбе	screen	direct	Свадебный основной сценарий
949	Экран / проектор	По типам событий	заставка на экран на свадьбе	screen	direct	Свадебный основной сценарий
950	Экран / проектор	По типам событий	led экран на свадьбе	screen	direct	Свадебный основной сценарий
951	Экран / проектор	По типам событий	что крутить на экране на свадьбе	screen	direct	Свадебный основной сценарий
952	Экран / проектор	По типам событий	интерактив с экраном на свадьбе	screen	direct	Свадебный основной сценарий
953	Экран / проектор	По типам событий	фото интерактив на экране на свадьбе	screen	direct	Свадебный основной сценарий
954	Экран / проектор	По типам событий	что показывать на проекторе на мероприятии	screen	direct	Универсальный event-сценарий
955	Экран / проектор	По типам событий	что показать на экране на мероприятии	screen	direct	Универсальный event-сценарий
956	Экран / проектор	По типам событий	экран идеи на мероприятии	screen	direct	Универсальный event-сценарий
957	Экран / проектор	По типам событий	проектор идеи на мероприятии	screen	direct	Универсальный event-сценарий
958	Экран / проектор	По типам событий	фото на экране на мероприятии	screen	direct	Универсальный event-сценарий
959	Экран / проектор	По типам событий	фото гостей на проекторе на мероприятии	screen	direct	Универсальный event-сценарий
960	Экран / проектор	По типам событий	живая фотолента на мероприятии	screen	direct	Универсальный event-сценарий
961	Экран / проектор	По типам событий	слайдшоу на мероприятии	screen	direct	Универсальный event-сценарий
962	Экран / проектор	По типам событий	welcome screen на мероприятии	screen	direct	Универсальный event-сценарий
963	Экран / проектор	По типам событий	заставка на экран на мероприятии	screen	direct	Универсальный event-сценарий
964	Экран / проектор	По типам событий	led экран на мероприятии	screen	direct	Универсальный event-сценарий
965	Экран / проектор	По типам событий	что крутить на экране на мероприятии	screen	direct	Универсальный event-сценарий
966	Экран / проектор	По типам событий	интерактив с экраном на мероприятии	screen	direct	Универсальный event-сценарий
967	Экран / проектор	По типам событий	фото интерактив на экране на мероприятии	screen	direct	Универсальный event-сценарий
968	Экран / проектор	По типам событий	что показывать на проекторе на корпоративе	screen	near	Корпоративный сценарий
969	Экран / проектор	По типам событий	экран идеи на корпоративе	screen	near	Корпоративный сценарий
970	Экран / проектор	По типам событий	проектор идеи на корпоративе	screen	near	Корпоративный сценарий
971	Экран / проектор	По типам событий	контент для экрана на корпоративе	screen	near	Корпоративный сценарий
972	Экран / проектор	По типам событий	фото на экране на корпоративе	screen	near	Корпоративный сценарий
973	Экран / проектор	По типам событий	фото гостей на проекторе на корпоративе	screen	near	Корпоративный сценарий
974	Экран / проектор	По типам событий	живая фотолента на корпоративе	screen	near	Корпоративный сценарий
975	Экран / проектор	По типам событий	слайдшоу на корпоративе	screen	near	Корпоративный сценарий
976	Экран / проектор	По типам событий	welcome screen на корпоративе	screen	near	Корпоративный сценарий
977	Экран / проектор	По типам событий	заставка на экран на корпоративе	screen	near	Корпоративный сценарий
978	Экран / проектор	По типам событий	led экран на корпоративе	screen	near	Корпоративный сценарий
979	Экран / проектор	По типам событий	что крутить на экране на корпоративе	screen	near	Корпоративный сценарий
980	Экран / проектор	По типам событий	интерактив с экраном на корпоративе	screen	near	Корпоративный сценарий
981	Экран / проектор	По типам событий	фото интерактив на экране на корпоративе	screen	near	Корпоративный сценарий
982	Экран / проектор	По типам событий	что показывать на проекторе на юбилее	screen	near	Семейный праздник
983	Экран / проектор	По типам событий	экран идеи на юбилее	screen	near	Семейный праздник
984	Экран / проектор	По типам событий	проектор идеи на юбилее	screen	near	Семейный праздник
985	Экран / проектор	По типам событий	контент для экрана на юбилее	screen	near	Семейный праздник
986	Экран / проектор	По типам событий	фото на экране на юбилее	screen	near	Семейный праздник
987	Экран / проектор	По типам событий	фото гостей на проекторе на юбилее	screen	near	Семейный праздник
988	Экран / проектор	По типам событий	живая фотолента на юбилее	screen	near	Семейный праздник
989	Экран / проектор	По типам событий	слайдшоу на юбилее	screen	near	Семейный праздник
990	Экран / проектор	По типам событий	welcome screen на юбилее	screen	near	Семейный праздник
991	Экран / проектор	По типам событий	заставка на экран на юбилее	screen	near	Семейный праздник
992	Экран / проектор	По типам событий	led экран на юбилее	screen	near	Семейный праздник
993	Экран / проектор	По типам событий	что крутить на экране на юбилее	screen	near	Семейный праздник
994	Экран / проектор	По типам событий	интерактив с экраном на юбилее	screen	near	Семейный праздник
995	Экран / проектор	По типам событий	фото интерактив на экране на юбилее	screen	near	Семейный праздник
996	Экран / проектор	По типам событий	что показывать на проекторе на дне рождения	screen	near	День рождения
997	Экран / проектор	По типам событий	экран идеи на дне рождения	screen	near	День рождения
998	Экран / проектор	По типам событий	проектор идеи на дне рождения	screen	near	День рождения
999	Экран / проектор	По типам событий	контент для экрана на дне рождения	screen	near	День рождения
1000	Экран / проектор	По типам событий	фото на экране на дне рождения	screen	near	День рождения
1001	Экран / проектор	По типам событий	фото гостей на проекторе на дне рождения	screen	near	День рождения
1002	Экран / проектор	По типам событий	живая фотолента на дне рождения	screen	near	День рождения
1003	Экран / проектор	По типам событий	слайдшоу на дне рождения	screen	near	День рождения
1004	Экран / проектор	По типам событий	welcome screen на дне рождения	screen	near	День рождения
1005	Экран / проектор	По типам событий	заставка на экран на дне рождения	screen	near	День рождения
1006	Экран / проектор	По типам событий	led экран на дне рождения	screen	near	День рождения
1007	Экран / проектор	По типам событий	что крутить на экране на дне рождения	screen	near	День рождения
1008	Экран / проектор	По типам событий	интерактив с экраном на дне рождения	screen	near	День рождения
1009	Экран / проектор	По типам событий	фото интерактив на экране на дне рождения	screen	near	День рождения
1010	Экран / проектор	По типам событий	что показывать на проекторе на выпускном	screen	near	Выпускной
1011	Экран / проектор	По типам событий	экран идеи на выпускном	screen	near	Выпускной
1012	Экран / проектор	По типам событий	проектор идеи на выпускном	screen	near	Выпускной
1013	Экран / проектор	По типам событий	контент для экрана на выпускном	screen	near	Выпускной
1014	Экран / проектор	По типам событий	фото на экране на выпускном	screen	near	Выпускной
1015	Экран / проектор	По типам событий	фото гостей на проекторе на выпускном	screen	near	Выпускной
1016	Экран / проектор	По типам событий	живая фотолента на выпускном	screen	near	Выпускной
1017	Экран / проектор	По типам событий	слайдшоу на выпускном	screen	near	Выпускной
1018	Экран / проектор	По типам событий	welcome screen на выпускном	screen	near	Выпускной
1019	Экран / проектор	По типам событий	заставка на экран на выпускном	screen	near	Выпускной
1020	Экран / проектор	По типам событий	led экран на выпускном	screen	near	Выпускной
1021	Экран / проектор	По типам событий	что крутить на экране на выпускном	screen	near	Выпускной
1022	Экран / проектор	По типам событий	интерактив с экраном на выпускном	screen	near	Выпускной
1023	Экран / проектор	По типам событий	фото интерактив на экране на выпускном	screen	near	Выпускной
1024	Экран / проектор	По типам событий	что показывать на проекторе на вечеринке	screen	near	Вечеринка
1025	Экран / проектор	По типам событий	экран идеи на вечеринке	screen	near	Вечеринка
1026	Экран / проектор	По типам событий	проектор идеи на вечеринке	screen	near	Вечеринка
1027	Экран / проектор	По типам событий	контент для экрана на вечеринке	screen	near	Вечеринка
1028	Экран / проектор	По типам событий	фото на экране на вечеринке	screen	near	Вечеринка
1029	Экран / проектор	По типам событий	фото гостей на проекторе на вечеринке	screen	near	Вечеринка
1030	Экран / проектор	По типам событий	живая фотолента на вечеринке	screen	near	Вечеринка
1031	Экран / проектор	По типам событий	слайдшоу на вечеринке	screen	near	Вечеринка
1032	Экран / проектор	По типам событий	welcome screen на вечеринке	screen	near	Вечеринка
1033	Экран / проектор	По типам событий	заставка на экран на вечеринке	screen	near	Вечеринка
1034	Экран / проектор	По типам событий	led экран на вечеринке	screen	near	Вечеринка
1035	Экран / проектор	По типам событий	что крутить на экране на вечеринке	screen	near	Вечеринка
1036	Экран / проектор	По типам событий	интерактив с экраном на вечеринке	screen	near	Вечеринка
1037	Экран / проектор	По типам событий	фото интерактив на экране на вечеринке	screen	near	Вечеринка
1038	Экран / проектор	По типам событий	что показывать на проекторе на конференции	screen	adjacent	Деловое мероприятие
1039	Экран / проектор	По типам событий	что показать на экране на конференции	screen	adjacent	Деловое мероприятие
1040	Экран / проектор	По типам событий	экран идеи на конференции	screen	adjacent	Деловое мероприятие
1041	Экран / проектор	По типам событий	проектор идеи на конференции	screen	adjacent	Деловое мероприятие
1042	Экран / проектор	По типам событий	контент для экрана на конференции	screen	adjacent	Деловое мероприятие
1043	Экран / проектор	По типам событий	фото на экране на конференции	screen	adjacent	Деловое мероприятие
1044	Экран / проектор	По типам событий	фото гостей на проекторе на конференции	screen	adjacent	Деловое мероприятие
1045	Экран / проектор	По типам событий	живая фотолента на конференции	screen	adjacent	Деловое мероприятие
1046	Экран / проектор	По типам событий	слайдшоу на конференции	screen	adjacent	Деловое мероприятие
1047	Экран / проектор	По типам событий	welcome screen на конференции	screen	adjacent	Деловое мероприятие
1048	Экран / проектор	По типам событий	заставка на экран на конференции	screen	adjacent	Деловое мероприятие
1049	Экран / проектор	По типам событий	led экран на конференции	screen	adjacent	Деловое мероприятие
1050	Экран / проектор	По типам событий	что крутить на экране на конференции	screen	adjacent	Деловое мероприятие
1051	Экран / проектор	По типам событий	интерактив с экраном на конференции	screen	adjacent	Деловое мероприятие
1052	Экран / проектор	По типам событий	фото интерактив на экране на конференции	screen	adjacent	Деловое мероприятие
1053	Экран / проектор	По типам событий	что показывать на проекторе на презентации	screen	adjacent	Деловой event-сценарий
1054	Экран / проектор	По типам событий	что показать на экране на презентации	screen	adjacent	Деловой event-сценарий
1055	Экран / проектор	По типам событий	экран идеи на презентации	screen	adjacent	Деловой event-сценарий
1056	Экран / проектор	По типам событий	проектор идеи на презентации	screen	adjacent	Деловой event-сценарий
1057	Экран / проектор	По типам событий	контент для экрана на презентации	screen	adjacent	Деловой event-сценарий
1058	Экран / проектор	По типам событий	фото на экране на презентации	screen	adjacent	Деловой event-сценарий
1059	Экран / проектор	По типам событий	фото гостей на проекторе на презентации	screen	adjacent	Деловой event-сценарий
1060	Экран / проектор	По типам событий	живая фотолента на презентации	screen	adjacent	Деловой event-сценарий
1061	Экран / проектор	По типам событий	слайдшоу на презентации	screen	adjacent	Деловой event-сценарий
1062	Экран / проектор	По типам событий	welcome screen на презентации	screen	adjacent	Деловой event-сценарий
1063	Экран / проектор	По типам событий	заставка на экран на презентации	screen	adjacent	Деловой event-сценарий
1064	Экран / проектор	По типам событий	led экран на презентации	screen	adjacent	Деловой event-сценарий
1065	Экран / проектор	По типам событий	что крутить на экране на презентации	screen	adjacent	Деловой event-сценарий
1066	Экран / проектор	По типам событий	интерактив с экраном на презентации	screen	adjacent	Деловой event-сценарий
1067	Экран / проектор	По типам событий	фото интерактив на экране на презентации	screen	adjacent	Деловой event-сценарий
1068	Экран / проектор	По типам событий	что показывать на проекторе на фестивале	screen	adjacent	Массовое событие
1069	Экран / проектор	По типам событий	что показать на экране на фестивале	screen	adjacent	Массовое событие
1070	Экран / проектор	По типам событий	экран идеи на фестивале	screen	adjacent	Массовое событие
1071	Экран / проектор	По типам событий	проектор идеи на фестивале	screen	adjacent	Массовое событие
1072	Экран / проектор	По типам событий	контент для экрана на фестивале	screen	adjacent	Массовое событие
1073	Экран / проектор	По типам событий	фото на экране на фестивале	screen	adjacent	Массовое событие
1074	Экран / проектор	По типам событий	фото гостей на проекторе на фестивале	screen	adjacent	Массовое событие
1075	Экран / проектор	По типам событий	живая фотолента на фестивале	screen	adjacent	Массовое событие
1076	Экран / проектор	По типам событий	слайдшоу на фестивале	screen	adjacent	Массовое событие
1077	Экран / проектор	По типам событий	welcome screen на фестивале	screen	adjacent	Массовое событие
1078	Экран / проектор	По типам событий	заставка на экран на фестивале	screen	adjacent	Массовое событие
1079	Экран / проектор	По типам событий	led экран на фестивале	screen	adjacent	Массовое событие
1080	Экран / проектор	По типам событий	что крутить на экране на фестивале	screen	adjacent	Массовое событие
1081	Экран / проектор	По типам событий	интерактив с экраном на фестивале	screen	adjacent	Массовое событие
1082	Экран / проектор	По типам событий	фото интерактив на экране на фестивале	screen	adjacent	Массовое событие
1083	Экран / проектор	По типам событий	что показывать на проекторе на городском празднике	screen	adjacent	Массовое событие
1084	Экран / проектор	По типам событий	что показать на экране на городском празднике	screen	adjacent	Массовое событие
1085	Экран / проектор	По типам событий	экран идеи на городском празднике	screen	adjacent	Массовое событие
1086	Экран / проектор	По типам событий	проектор идеи на городском празднике	screen	adjacent	Массовое событие
1087	Экран / проектор	По типам событий	контент для экрана на городском празднике	screen	adjacent	Массовое событие
1088	Экран / проектор	По типам событий	фото на экране на городском празднике	screen	adjacent	Массовое событие
1089	Экран / проектор	По типам событий	фото гостей на проекторе на городском празднике	screen	adjacent	Массовое событие
1090	Экран / проектор	По типам событий	живая фотолента на городском празднике	screen	adjacent	Массовое событие
1091	Экран / проектор	По типам событий	слайдшоу на городском празднике	screen	adjacent	Массовое событие
1092	Экран / проектор	По типам событий	welcome screen на городском празднике	screen	adjacent	Массовое событие
1093	Экран / проектор	По типам событий	заставка на экран на городском празднике	screen	adjacent	Массовое событие
1094	Экран / проектор	По типам событий	led экран на городском празднике	screen	adjacent	Массовое событие
1095	Экран / проектор	По типам событий	что крутить на экране на городском празднике	screen	adjacent	Массовое событие
1096	Экран / проектор	По типам событий	интерактив с экраном на городском празднике	screen	adjacent	Массовое событие
1097	Экран / проектор	По типам событий	фото интерактив на экране на городском празднике	screen	adjacent	Массовое событие
1098	Экран / проектор	По типам событий	что показывать на проекторе на закрытом мероприятии	screen	adjacent	Закрытый event-сценарий
1099	Экран / проектор	По типам событий	что показать на экране на закрытом мероприятии	screen	adjacent	Закрытый event-сценарий
1100	Экран / проектор	По типам событий	экран идеи на закрытом мероприятии	screen	adjacent	Закрытый event-сценарий
1101	Экран / проектор	По типам событий	проектор идеи на закрытом мероприятии	screen	adjacent	Закрытый event-сценарий
1102	Экран / проектор	По типам событий	контент для экрана на закрытом мероприятии	screen	adjacent	Закрытый event-сценарий
1103	Экран / проектор	По типам событий	фото на экране на закрытом мероприятии	screen	adjacent	Закрытый event-сценарий
1104	Экран / проектор	По типам событий	фото гостей на проекторе на закрытом мероприятии	screen	adjacent	Закрытый event-сценарий
1105	Экран / проектор	По типам событий	живая фотолента на закрытом мероприятии	screen	adjacent	Закрытый event-сценарий
1106	Экран / проектор	По типам событий	слайдшоу на закрытом мероприятии	screen	adjacent	Закрытый event-сценарий
1107	Экран / проектор	По типам событий	welcome screen на закрытом мероприятии	screen	adjacent	Закрытый event-сценарий
1108	Экран / проектор	По типам событий	заставка на экран на закрытом мероприятии	screen	adjacent	Закрытый event-сценарий
1109	Экран / проектор	По типам событий	led экран на закрытом мероприятии	screen	adjacent	Закрытый event-сценарий
1110	Экран / проектор	По типам событий	что крутить на экране на закрытом мероприятии	screen	adjacent	Закрытый event-сценарий
1111	Экран / проектор	По типам событий	интерактив с экраном на закрытом мероприятии	screen	adjacent	Закрытый event-сценарий
1112	Экран / проектор	По типам событий	фото интерактив на экране на закрытом мероприятии	screen	adjacent	Закрытый event-сценарий
1113	QR	QR для гостей	qr код на свадьбу	qr	direct	QR-семантика
1114	QR	QR для гостей	qr код для гостей свадьбы	qr	direct	QR-семантика
1115	QR	QR для гостей	qr код для фото на свадьбе	qr	direct	QR-семантика
1116	QR	QR для гостей	qr код для альбома свадьбы	qr	direct	QR-семантика
1117	QR	QR для гостей	qr альбом на свадьбу	qr	direct	QR-семантика
1118	QR	QR для гостей	qr галерея на свадьбу	qr	direct	QR-семантика
1119	QR	QR для гостей	qr код для загрузки фото гостями	qr	direct	QR-семантика
1120	QR	QR для гостей	qr код для сбора фото гостей	qr	direct	QR-семантика
1121	QR	QR для гостей	qr на welcome зоне	qr	direct	QR-семантика
1122	QR	QR для гостей	qr активности на свадьбе	qr	direct	QR-семантика
1123	QR	QR для гостей	qr интерактив на свадьбе	qr	direct	QR-семантика
1124	QR	QR для гостей	qr книга пожеланий	qr	direct	QR-семантика
1125	QR	QR для гостей	qr книга пожеланий на свадьбу	qr	direct	QR-семантика
1126	QR	QR для гостей	qr приглашение на свадьбу	qr	direct	QR-семантика
1127	QR	QR для гостей	qr меню на свадьбу	qr	direct	QR-семантика
1128	QR	QR для гостей	qr код для свадебного сайта	qr	direct	QR-семантика
1129	QR	QR для гостей	qr код на карточке гостя	qr	direct	QR-семантика
1130	QR	QR для гостей	qr код на рассадке гостей	qr	direct	QR-семантика
1131	QR	QR для гостей	qr код на табличке свадьба	qr	direct	QR-семантика
1132	QR	QR для гостей	qr код на банкетном столе	qr	direct	QR-семантика
1133	QR	QR для гостей	qr код на приглашении для фото	qr	direct	QR-семантика
1134	QR	QR для гостей	qr код на фотозоне	qr	direct	QR-семантика
1135	QR	QR для гостей	qr для фотозоны	qr	direct	QR-семантика
1136	QR	QR для гостей	куар код на свадьбу	qr	direct	QR-семантика
1137	QR	QR для гостей	куар код для гостей	qr	direct	QR-семантика
1138	QR	QR для гостей	куар код для фото гостей	qr	direct	QR-семантика
1139	QR	QR для гостей	кьюар код на свадьбу	qr	direct	QR-семантика
1140	QR	QR для гостей	кьюар код для фото	qr	direct	QR-семантика
1141	QR	QR для гостей	как сделать qr код на свадьбу	qr	direct	QR-семантика
1142	QR	QR для гостей	как сделать qr код для гостей	qr	direct	QR-семантика
1143	QR	QR для гостей	как сделать qr код для фото	qr	direct	QR-семантика
1144	QR	QR для гостей	как сделать qr код для альбома	qr	direct	QR-семантика
1145	QR	QR для гостей	как сделать qr код на welcome зоне	qr	direct	QR-семантика
1146	QR	QR для гостей	как гости загружают фото по qr	qr	direct	QR-семантика
1147	QR	QR для гостей	фото по qr коду свадьба	qr	direct	QR-семантика
1148	QR	QR для гостей	свадебный qr код для фото	qr	direct	QR-семантика
1149	QR	QR для гостей	общий альбом по qr свадьба	qr	direct	QR-семантика
1150	QR	QR для гостей	qr код для фотоальбома	qr	direct	QR-семантика
1151	QR	QR для гостей	qr код для галереи фото	qr	direct	QR-семантика
1152	QR	QR для гостей	qr код для загрузки фото без приложения	qr	direct	QR-семантика
1153	QR	QR для гостей	qr код для мероприятия	qr	direct	QR-семантика
1154	QR	QR для гостей	qr код для гостей мероприятия	qr	direct	QR-семантика
1155	QR	QR для гостей	qr код для фото мероприятия	qr	direct	QR-семантика
1156	QR	QR для гостей	qr галерея мероприятия	qr	direct	QR-семантика
1157	QR	QR для гостей	qr альбом мероприятия	qr	direct	QR-семантика
1158	QR	QR для гостей	qr код для корпоратива	qr	direct	QR-семантика
1159	QR	QR для гостей	qr код для фото на корпоративе	qr	direct	QR-семантика
1160	QR	QR для гостей	qr код для юбилея	qr	direct	QR-семантика
1161	QR	QR для гостей	qr код для фото на юбилее	qr	direct	QR-семантика
1162	QR	QR для гостей	qr код для выпускного	qr	direct	QR-семантика
1163	QR	QR для гостей	qr код для фото выпускной	qr	direct	QR-семантика
1164	QR	QR для гостей	qr код на конференции	qr	direct	QR-семантика
1165	QR	QR для гостей	qr код для участников конференции	qr	direct	QR-семантика
1166	QR	QR для гостей	qr код для вечеринки	qr	direct	QR-семантика
1167	QR	QR для гостей	qr код для фото на вечеринке	qr	direct	QR-семантика
1168	QR	QR по объектам	qr код для фото на свадьбу	qr	direct	Свадебный основной сценарий
1169	QR	QR по объектам	qr код для альбома на свадьбу	qr	direct	Свадебный основной сценарий
1170	QR	QR по объектам	qr код для галереи на свадьбу	qr	direct	Свадебный основной сценарий
1171	QR	QR по объектам	qr код для пожеланий на свадьбу	wedding	adjacent	Свадебный основной сценарий
1172	QR	QR по объектам	qr код для приглашения на свадьбу	wedding	adjacent	Свадебный основной сценарий
1173	QR	QR по объектам	qr код для меню на свадьбу	wedding	adjacent	Свадебный основной сценарий
1174	QR	QR по объектам	qr код для welcome зоны на свадьбу	wedding	adjacent	Свадебный основной сценарий
1175	QR	QR по объектам	qr код для фотозоны на свадьбу	wedding	adjacent	Свадебный основной сценарий
1176	QR	QR по объектам	qr код для рассадки на свадьбу	wedding	adjacent	Свадебный основной сценарий
1177	QR	QR по объектам	qr код для программы вечера на свадьбу	wedding	adjacent	Свадебный основной сценарий
1178	QR	QR по объектам	qr код для активности на свадьбу	wedding	adjacent	Свадебный основной сценарий
1179	QR	QR по объектам	qr код для опроса гостей на свадьбу	wedding	adjacent	Свадебный основной сценарий
1180	QR	QR по объектам	qr код для фото на мероприятие	qr	direct	Универсальный event-сценарий
1181	QR	QR по объектам	qr код для альбома на мероприятие	qr	direct	Универсальный event-сценарий
1182	QR	QR по объектам	qr код для галереи на мероприятие	qr	direct	Универсальный event-сценарий
1183	QR	QR по объектам	qr код для пожеланий на мероприятие	event	adjacent	Универсальный event-сценарий
1184	QR	QR по объектам	qr код для приглашения на мероприятие	event	adjacent	Универсальный event-сценарий
1185	QR	QR по объектам	qr код для меню на мероприятие	event	adjacent	Универсальный event-сценарий
1186	QR	QR по объектам	qr код для welcome зоны на мероприятие	event	adjacent	Универсальный event-сценарий
1187	QR	QR по объектам	qr код для фотозоны на мероприятие	event	adjacent	Универсальный event-сценарий
1188	QR	QR по объектам	qr код для рассадки на мероприятие	event	adjacent	Универсальный event-сценарий
1189	QR	QR по объектам	qr код для программы вечера на мероприятие	event	adjacent	Универсальный event-сценарий
1190	QR	QR по объектам	qr код для активности на мероприятие	event	adjacent	Универсальный event-сценарий
1191	QR	QR по объектам	qr код для опроса гостей на мероприятие	event	adjacent	Универсальный event-сценарий
1192	QR	QR по объектам	qr код для фото на корпоратив	qr	near	Корпоративный сценарий
1193	QR	QR по объектам	qr код для альбома на корпоратив	qr	near	Корпоративный сценарий
1194	QR	QR по объектам	qr код для галереи на корпоратив	qr	near	Корпоративный сценарий
1195	QR	QR по объектам	qr код для пожеланий на корпоратив	event	adjacent	Корпоративный сценарий
1196	QR	QR по объектам	qr код для приглашения на корпоратив	event	adjacent	Корпоративный сценарий
1197	QR	QR по объектам	qr код для меню на корпоратив	event	adjacent	Корпоративный сценарий
1198	QR	QR по объектам	qr код для welcome зоны на корпоратив	event	adjacent	Корпоративный сценарий
1199	QR	QR по объектам	qr код для фотозоны на корпоратив	event	adjacent	Корпоративный сценарий
1200	QR	QR по объектам	qr код для рассадки на корпоратив	event	adjacent	Корпоративный сценарий
1201	QR	QR по объектам	qr код для программы вечера на корпоратив	event	adjacent	Корпоративный сценарий
1202	QR	QR по объектам	qr код для активности на корпоратив	event	adjacent	Корпоративный сценарий
1203	QR	QR по объектам	qr код для опроса гостей на корпоратив	event	adjacent	Корпоративный сценарий
1204	QR	QR по объектам	qr код для фото на юбилей	qr	near	Семейный праздник
1205	QR	QR по объектам	qr код для альбома на юбилей	qr	near	Семейный праздник
1206	QR	QR по объектам	qr код для галереи на юбилей	qr	near	Семейный праздник
1207	QR	QR по объектам	qr код для пожеланий на юбилей	event	adjacent	Семейный праздник
1208	QR	QR по объектам	qr код для приглашения на юбилей	event	adjacent	Семейный праздник
1209	QR	QR по объектам	qr код для меню на юбилей	event	adjacent	Семейный праздник
1210	QR	QR по объектам	qr код для welcome зоны на юбилей	event	adjacent	Семейный праздник
1211	QR	QR по объектам	qr код для фотозоны на юбилей	event	adjacent	Семейный праздник
1212	QR	QR по объектам	qr код для рассадки на юбилей	event	adjacent	Семейный праздник
1213	QR	QR по объектам	qr код для программы вечера на юбилей	event	adjacent	Семейный праздник
1214	QR	QR по объектам	qr код для активности на юбилей	event	adjacent	Семейный праздник
1215	QR	QR по объектам	qr код для опроса гостей на юбилей	event	adjacent	Семейный праздник
1216	QR	QR по объектам	qr код для фото на день рождения	qr	near	День рождения
1217	QR	QR по объектам	qr код для альбома на день рождения	qr	near	День рождения
1218	QR	QR по объектам	qr код для галереи на день рождения	qr	near	День рождения
1219	QR	QR по объектам	qr код для пожеланий на день рождения	event	adjacent	День рождения
1220	QR	QR по объектам	qr код для приглашения на день рождения	event	adjacent	День рождения
1221	QR	QR по объектам	qr код для меню на день рождения	event	adjacent	День рождения
1222	QR	QR по объектам	qr код для welcome зоны на день рождения	event	adjacent	День рождения
1223	QR	QR по объектам	qr код для фотозоны на день рождения	event	adjacent	День рождения
1224	QR	QR по объектам	qr код для рассадки на день рождения	event	adjacent	День рождения
1225	QR	QR по объектам	qr код для программы вечера на день рождения	event	adjacent	День рождения
1226	QR	QR по объектам	qr код для активности на день рождения	event	adjacent	День рождения
1227	QR	QR по объектам	qr код для опроса гостей на день рождения	event	adjacent	День рождения
1228	QR	QR по объектам	qr код для фото на выпускной	qr	near	Выпускной
1229	QR	QR по объектам	qr код для альбома на выпускной	qr	near	Выпускной
1230	QR	QR по объектам	qr код для галереи на выпускной	qr	near	Выпускной
1231	QR	QR по объектам	qr код для пожеланий на выпускной	event	adjacent	Выпускной
1232	QR	QR по объектам	qr код для приглашения на выпускной	event	adjacent	Выпускной
1233	QR	QR по объектам	qr код для меню на выпускной	event	adjacent	Выпускной
1234	QR	QR по объектам	qr код для welcome зоны на выпускной	event	adjacent	Выпускной
1235	QR	QR по объектам	qr код для фотозоны на выпускной	event	adjacent	Выпускной
1236	QR	QR по объектам	qr код для рассадки на выпускной	event	adjacent	Выпускной
1237	QR	QR по объектам	qr код для программы вечера на выпускной	event	adjacent	Выпускной
1238	QR	QR по объектам	qr код для активности на выпускной	event	adjacent	Выпускной
1239	QR	QR по объектам	qr код для опроса гостей на выпускной	event	adjacent	Выпускной
1240	QR	QR по объектам	qr код для фото на вечеринку	qr	near	Вечеринка
1241	QR	QR по объектам	qr код для альбома на вечеринку	qr	near	Вечеринка
1242	QR	QR по объектам	qr код для галереи на вечеринку	qr	near	Вечеринка
1243	QR	QR по объектам	qr код для пожеланий на вечеринку	event	adjacent	Вечеринка
1244	QR	QR по объектам	qr код для приглашения на вечеринку	event	adjacent	Вечеринка
1245	QR	QR по объектам	qr код для меню на вечеринку	event	adjacent	Вечеринка
1246	QR	QR по объектам	qr код для welcome зоны на вечеринку	event	adjacent	Вечеринка
1247	QR	QR по объектам	qr код для фотозоны на вечеринку	event	adjacent	Вечеринка
1248	QR	QR по объектам	qr код для рассадки на вечеринку	event	adjacent	Вечеринка
1249	QR	QR по объектам	qr код для программы вечера на вечеринку	event	adjacent	Вечеринка
1250	QR	QR по объектам	qr код для активности на вечеринку	event	adjacent	Вечеринка
1251	QR	QR по объектам	qr код для опроса гостей на вечеринку	event	adjacent	Вечеринка
1252	QR	QR по объектам	qr код для фото на конференцию	qr	adjacent	Деловое мероприятие
1253	QR	QR по объектам	qr код для альбома на конференцию	qr	adjacent	Деловое мероприятие
1254	QR	QR по объектам	qr код для галереи на конференцию	qr	adjacent	Деловое мероприятие
1255	QR	QR по объектам	qr код для пожеланий на конференцию	event	adjacent	Деловое мероприятие
1256	QR	QR по объектам	qr код для приглашения на конференцию	event	adjacent	Деловое мероприятие
1257	QR	QR по объектам	qr код для меню на конференцию	event	adjacent	Деловое мероприятие
1258	QR	QR по объектам	qr код для welcome зоны на конференцию	event	adjacent	Деловое мероприятие
1259	QR	QR по объектам	qr код для фотозоны на конференцию	event	adjacent	Деловое мероприятие
1260	QR	QR по объектам	qr код для рассадки на конференцию	event	adjacent	Деловое мероприятие
1261	QR	QR по объектам	qr код для программы вечера на конференцию	event	adjacent	Деловое мероприятие
1262	QR	QR по объектам	qr код для активности на конференцию	event	adjacent	Деловое мероприятие
1263	QR	QR по объектам	qr код для опроса гостей на конференцию	event	adjacent	Деловое мероприятие
1264	QR	QR по объектам	qr код для фото на презентацию	qr	adjacent	Деловой event-сценарий
1265	QR	QR по объектам	qr код для альбома на презентацию	qr	adjacent	Деловой event-сценарий
1266	QR	QR по объектам	qr код для галереи на презентацию	qr	adjacent	Деловой event-сценарий
1267	QR	QR по объектам	qr код для пожеланий на презентацию	event	adjacent	Деловой event-сценарий
1268	QR	QR по объектам	qr код для приглашения на презентацию	event	adjacent	Деловой event-сценарий
1269	QR	QR по объектам	qr код для меню на презентацию	event	adjacent	Деловой event-сценарий
1270	QR	QR по объектам	qr код для welcome зоны на презентацию	event	adjacent	Деловой event-сценарий
1271	QR	QR по объектам	qr код для фотозоны на презентацию	event	adjacent	Деловой event-сценарий
1272	QR	QR по объектам	qr код для рассадки на презентацию	event	adjacent	Деловой event-сценарий
1273	QR	QR по объектам	qr код для программы вечера на презентацию	event	adjacent	Деловой event-сценарий
1274	QR	QR по объектам	qr код для активности на презентацию	event	adjacent	Деловой event-сценарий
1275	QR	QR по объектам	qr код для опроса гостей на презентацию	event	adjacent	Деловой event-сценарий
1276	QR	QR по объектам	qr код для фото на фестиваль	qr	adjacent	Массовое событие
1277	QR	QR по объектам	qr код для альбома на фестиваль	qr	adjacent	Массовое событие
1278	QR	QR по объектам	qr код для галереи на фестиваль	qr	adjacent	Массовое событие
1279	QR	QR по объектам	qr код для пожеланий на фестиваль	event	adjacent	Массовое событие
1280	QR	QR по объектам	qr код для приглашения на фестиваль	event	adjacent	Массовое событие
1281	QR	QR по объектам	qr код для меню на фестиваль	event	adjacent	Массовое событие
1282	QR	QR по объектам	qr код для welcome зоны на фестиваль	event	adjacent	Массовое событие
1283	QR	QR по объектам	qr код для фотозоны на фестиваль	event	adjacent	Массовое событие
1284	QR	QR по объектам	qr код для рассадки на фестиваль	event	adjacent	Массовое событие
1285	QR	QR по объектам	qr код для программы вечера на фестиваль	event	adjacent	Массовое событие
1286	QR	QR по объектам	qr код для активности на фестиваль	event	adjacent	Массовое событие
1287	QR	QR по объектам	qr код для опроса гостей на фестиваль	event	adjacent	Массовое событие
1288	QR	QR по объектам	qr код для фото на городской праздник	qr	adjacent	Массовое событие
1289	QR	QR по объектам	qr код для альбома на городской праздник	qr	adjacent	Массовое событие
1290	QR	QR по объектам	qr код для галереи на городской праздник	qr	adjacent	Массовое событие
1291	QR	QR по объектам	qr код для пожеланий на городской праздник	event	adjacent	Массовое событие
1292	QR	QR по объектам	qr код для приглашения на городской праздник	event	adjacent	Массовое событие
1293	QR	QR по объектам	qr код для меню на городской праздник	event	adjacent	Массовое событие
1294	QR	QR по объектам	qr код для welcome зоны на городской праздник	event	adjacent	Массовое событие
1295	QR	QR по объектам	qr код для фотозоны на городской праздник	event	adjacent	Массовое событие
1296	QR	QR по объектам	qr код для рассадки на городской праздник	event	adjacent	Массовое событие
1297	QR	QR по объектам	qr код для программы вечера на городской праздник	event	adjacent	Массовое событие
1298	QR	QR по объектам	qr код для активности на городской праздник	event	adjacent	Массовое событие
1299	QR	QR по объектам	qr код для опроса гостей на городской праздник	event	adjacent	Массовое событие
1300	QR	QR по объектам	qr код для фото на закрытое мероприятие	qr	adjacent	Закрытый event-сценарий
1301	QR	QR по объектам	qr код для альбома на закрытое мероприятие	qr	adjacent	Закрытый event-сценарий
1302	QR	QR по объектам	qr код для галереи на закрытое мероприятие	qr	adjacent	Закрытый event-сценарий
1303	QR	QR по объектам	qr код для пожеланий на закрытое мероприятие	event	adjacent	Закрытый event-сценарий
1304	QR	QR по объектам	qr код для приглашения на закрытое мероприятие	event	adjacent	Закрытый event-сценарий
1305	QR	QR по объектам	qr код для меню на закрытое мероприятие	event	adjacent	Закрытый event-сценарий
1306	QR	QR по объектам	qr код для welcome зоны на закрытое мероприятие	event	adjacent	Закрытый event-сценарий
1307	QR	QR по объектам	qr код для фотозоны на закрытое мероприятие	event	adjacent	Закрытый event-сценарий
1308	QR	QR по объектам	qr код для рассадки на закрытое мероприятие	event	adjacent	Закрытый event-сценарий
1309	QR	QR по объектам	qr код для программы вечера на закрытое мероприятие	event	adjacent	Закрытый event-сценарий
1310	QR	QR по объектам	qr код для активности на закрытое мероприятие	event	adjacent	Закрытый event-сценарий
1311	QR	QR по объектам	qr код для опроса гостей на закрытое мероприятие	event	adjacent	Закрытый event-сценарий
1312	Фото / альбом	Воспоминания и альбомы	фото гостей на свадьбе	photo	near	Фото, память и общие альбомы
1313	Фото / альбом	Воспоминания и альбомы	фотографии гостей на свадьбе	photo	near	Фото, память и общие альбомы
1314	Фото / альбом	Воспоминания и альбомы	живые фото гостей	photo	near	Фото, память и общие альбомы
1315	Фото / альбом	Воспоминания и альбомы	живые фото со свадьбы	photo	near	Фото, память и общие альбомы
1316	Фото / альбом	Воспоминания и альбомы	фото глазами гостей	photo	near	Фото, память и общие альбомы
1317	Фото / альбом	Воспоминания и альбомы	свадьба глазами гостей	photo	near	Фото, память и общие альбомы
1318	Фото / альбом	Воспоминания и альбомы	candid фото свадьба	photo	near	Фото, память и общие альбомы
1319	Фото / альбом	Воспоминания и альбомы	репортажные фото гостей свадьба	photo	near	Фото, память и общие альбомы
1320	Фото / альбом	Воспоминания и альбомы	общий альбом свадьбы	photo	near	Фото, память и общие альбомы
1321	Фото / альбом	Воспоминания и альбомы	свадебный альбом для гостей	photo	near	Фото, память и общие альбомы
1322	Фото / альбом	Воспоминания и альбомы	альбом после свадьбы	photo	near	Фото, память и общие альбомы
1323	Фото / альбом	Воспоминания и альбомы	фото после свадьбы от гостей	photo	near	Фото, память и общие альбомы
1324	Фото / альбом	Воспоминания и альбомы	фотографии гостей после свадьбы	photo	near	Фото, память и общие альбомы
1325	Фото / альбом	Воспоминания и альбомы	фото со свадьбы в одном месте	photo	near	Фото, память и общие альбомы
1326	Фото / альбом	Воспоминания и альбомы	облачный альбом свадьба	photo	near	Фото, память и общие альбомы
1327	Фото / альбом	Воспоминания и альбомы	онлайн альбом свадьба	photo	near	Фото, память и общие альбомы
1328	Фото / альбом	Воспоминания и альбомы	галерея свадьбы онлайн	photo	near	Фото, память и общие альбомы
1329	Фото / альбом	Воспоминания и альбомы	ссылка на свадебный альбом	photo	near	Фото, память и общие альбомы
1330	Фото / альбом	Воспоминания и альбомы	альбом для гостей свадьбы онлайн	photo	near	Фото, память и общие альбомы
1331	Фото / альбом	Воспоминания и альбомы	где хранить фото со свадьбы	photo	near	Фото, память и общие альбомы
1332	Фото / альбом	Воспоминания и альбомы	как сохранить воспоминания о свадьбе	photo	near	Фото, память и общие альбомы
1333	Фото / альбом	Воспоминания и альбомы	воспоминания со свадьбы фото	photo	near	Фото, память и общие альбомы
1334	Фото / альбом	Воспоминания и альбомы	моменты свадьбы от гостей	photo	near	Фото, память и общие альбомы
1335	Фото / альбом	Воспоминания и альбомы	непостановочные фото гостей	photo	near	Фото, память и общие альбомы
1336	Фото / альбом	Воспоминания и альбомы	смешные фото гостей свадьба	photo	near	Фото, память и общие альбомы
1337	Фото / альбом	Воспоминания и альбомы	искренние фото гостей свадьба	photo	near	Фото, память и общие альбомы
1338	Фото / альбом	Воспоминания и альбомы	фото с банкета от гостей	photo	near	Фото, память и общие альбомы
1339	Фото / альбом	Воспоминания и альбомы	фото с танцпола свадьба	photo	near	Фото, память и общие альбомы
1340	Фото / альбом	Воспоминания и альбомы	фото с welcome зоны свадьба	photo	near	Фото, память и общие альбомы
1341	Фото / альбом	Воспоминания и альбомы	фото гостей во время банкета	photo	near	Фото, память и общие альбомы
1342	Фото / альбом	Воспоминания и альбомы	общий альбом мероприятия	photo	near	Фото, память и общие альбомы
1343	Фото / альбом	Воспоминания и альбомы	облачный альбом мероприятия	photo	near	Фото, память и общие альбомы
1344	Фото / альбом	Воспоминания и альбомы	онлайн галерея мероприятия	photo	near	Фото, память и общие альбомы
1345	Фото / альбом	Воспоминания и альбомы	фото участников мероприятия	photo	near	Фото, память и общие альбомы
1346	Фото / альбом	Воспоминания и альбомы	фото с мероприятия от гостей	photo	near	Фото, память и общие альбомы
1347	Фото / альбом	Воспоминания и альбомы	как собрать фото с мероприятия	photo	near	Фото, память и общие альбомы
1348	Фото / альбом	Воспоминания и альбомы	куда загрузить фото с мероприятия	photo	near	Фото, память и общие альбомы
1349	Фото / альбом	Воспоминания и альбомы	фотографии после мероприятия	photo	near	Фото, память и общие альбомы
1350	Фото / альбом	Воспоминания и альбомы	архив фото мероприятия	photo	near	Фото, память и общие альбомы
1351	Фото / альбом	Воспоминания и альбомы	память о мероприятии фото	photo	near	Фото, память и общие альбомы
1352	Фото / альбом	Воспоминания и альбомы	воспоминания с мероприятия	photo	near	Фото, память и общие альбомы
1353	Фото / альбом	Воспоминания и альбомы	галерея после события	photo	near	Фото, память и общие альбомы
1354	Фото / альбом	Воспоминания и альбомы	альбом после события	photo	near	Фото, память и общие альбомы
1355	Фото / альбом	Воспоминания и альбомы	общая галерея праздника	photo	near	Фото, память и общие альбомы
1356	Фото / альбом	Воспоминания и альбомы	фотоальбом праздника онлайн	photo	near	Фото, память и общие альбомы
1357	Фото / альбом	После события	общий альбом после свадьбы	photo	near	Семантика альбома после события
1358	Фото / альбом	После события	онлайн галерея после свадьбы	photo	near	Семантика альбома после события
1359	Фото / альбом	После события	фото гостей после свадьбы	photo	near	Семантика альбома после события
1360	Фото / альбом	После события	где хранить фото после свадьбы	photo	near	Семантика альбома после события
1361	Фото / альбом	После события	куда загрузить фото после свадьбы	photo	near	Семантика альбома после события
1362	Фото / альбом	После события	фото глазами гостей после свадьбы	photo	near	Семантика альбома после события
1363	Фото / альбом	После события	живые фото после свадьбы	photo	near	Семантика альбома после события
1364	Фото / альбом	После события	архив фото после свадьбы	photo	near	Семантика альбома после события
1365	Фото / альбом	После события	ссылка на альбом после свадьбы	photo	near	Семантика альбома после события
1366	Фото / альбом	После события	облачный альбом после свадьбы	photo	near	Семантика альбома после события
1367	Фото / альбом	После события	галерея для участников после свадьбы	photo	near	Семантика альбома после события
1368	Фото / альбом	После события	общий альбом после мероприятия	photo	near	Семантика альбома после события
1369	Фото / альбом	После события	онлайн галерея после мероприятия	photo	near	Семантика альбома после события
1370	Фото / альбом	После события	фото гостей после мероприятия	photo	near	Семантика альбома после события
1371	Фото / альбом	После события	где хранить фото после мероприятия	photo	near	Семантика альбома после события
1372	Фото / альбом	После события	куда загрузить фото после мероприятия	photo	near	Семантика альбома после события
1373	Фото / альбом	После события	фото глазами гостей после мероприятия	photo	near	Семантика альбома после события
1374	Фото / альбом	После события	живые фото после мероприятия	photo	near	Семантика альбома после события
1375	Фото / альбом	После события	архив фото после мероприятия	photo	near	Семантика альбома после события
1376	Фото / альбом	После события	ссылка на альбом после мероприятия	photo	near	Семантика альбома после события
1377	Фото / альбом	После события	облачный альбом после мероприятия	photo	near	Семантика альбома после события
1378	Фото / альбом	После события	галерея для участников после мероприятия	photo	near	Семантика альбома после события
1379	Фото / альбом	После события	общий альбом после корпоратива	photo	near	Семантика альбома после события
1380	Фото / альбом	После события	онлайн галерея после корпоратива	photo	near	Семантика альбома после события
1381	Фото / альбом	После события	фото гостей после корпоратива	photo	near	Семантика альбома после события
1382	Фото / альбом	После события	где хранить фото после корпоратива	photo	near	Семантика альбома после события
1383	Фото / альбом	После события	куда загрузить фото после корпоратива	photo	near	Семантика альбома после события
1384	Фото / альбом	После события	фото глазами гостей после корпоратива	photo	near	Семантика альбома после события
1385	Фото / альбом	После события	живые фото после корпоратива	photo	near	Семантика альбома после события
1386	Фото / альбом	После события	архив фото после корпоратива	photo	near	Семантика альбома после события
1387	Фото / альбом	После события	ссылка на альбом после корпоратива	photo	near	Семантика альбома после события
1388	Фото / альбом	После события	облачный альбом после корпоратива	photo	near	Семантика альбома после события
1389	Фото / альбом	После события	галерея для участников после корпоратива	photo	near	Семантика альбома после события
1390	Фото / альбом	После события	общий альбом после юбилея	photo	near	Семантика альбома после события
1391	Фото / альбом	После события	онлайн галерея после юбилея	photo	near	Семантика альбома после события
1392	Фото / альбом	После события	фото гостей после юбилея	photo	near	Семантика альбома после события
1393	Фото / альбом	После события	где хранить фото после юбилея	photo	near	Семантика альбома после события
1394	Фото / альбом	После события	куда загрузить фото после юбилея	photo	near	Семантика альбома после события
1395	Фото / альбом	После события	фото глазами гостей после юбилея	photo	near	Семантика альбома после события
1396	Фото / альбом	После события	живые фото после юбилея	photo	near	Семантика альбома после события
1397	Фото / альбом	После события	архив фото после юбилея	photo	near	Семантика альбома после события
1398	Фото / альбом	После события	ссылка на альбом после юбилея	photo	near	Семантика альбома после события
1399	Фото / альбом	После события	облачный альбом после юбилея	photo	near	Семантика альбома после события
1400	Фото / альбом	После события	галерея для участников после юбилея	photo	near	Семантика альбома после события
1401	Фото / альбом	После события	общий альбом после дня рождения	photo	near	Семантика альбома после события
1402	Фото / альбом	После события	онлайн галерея после дня рождения	photo	near	Семантика альбома после события
1403	Фото / альбом	После события	фото гостей после дня рождения	photo	near	Семантика альбома после события
1404	Фото / альбом	После события	где хранить фото после дня рождения	photo	near	Семантика альбома после события
1405	Фото / альбом	После события	куда загрузить фото после дня рождения	photo	near	Семантика альбома после события
1406	Фото / альбом	После события	фото глазами гостей после дня рождения	photo	near	Семантика альбома после события
1407	Фото / альбом	После события	живые фото после дня рождения	photo	near	Семантика альбома после события
1408	Фото / альбом	После события	архив фото после дня рождения	photo	near	Семантика альбома после события
1409	Фото / альбом	После события	ссылка на альбом после дня рождения	photo	near	Семантика альбома после события
1410	Фото / альбом	После события	облачный альбом после дня рождения	photo	near	Семантика альбома после события
1411	Фото / альбом	После события	галерея для участников после дня рождения	photo	near	Семантика альбома после события
1412	Фото / альбом	После события	общий альбом после выпускного	photo	near	Семантика альбома после события
1413	Фото / альбом	После события	онлайн галерея после выпускного	photo	near	Семантика альбома после события
1414	Фото / альбом	После события	фото гостей после выпускного	photo	near	Семантика альбома после события
1415	Фото / альбом	После события	где хранить фото после выпускного	photo	near	Семантика альбома после события
1416	Фото / альбом	После события	куда загрузить фото после выпускного	photo	near	Семантика альбома после события
1417	Фото / альбом	После события	фото глазами гостей после выпускного	photo	near	Семантика альбома после события
1418	Фото / альбом	После события	живые фото после выпускного	photo	near	Семантика альбома после события
1419	Фото / альбом	После события	архив фото после выпускного	photo	near	Семантика альбома после события
1420	Фото / альбом	После события	ссылка на альбом после выпускного	photo	near	Семантика альбома после события
1421	Фото / альбом	После события	облачный альбом после выпускного	photo	near	Семантика альбома после события
1422	Фото / альбом	После события	галерея для участников после выпускного	photo	near	Семантика альбома после события
1423	Фото / альбом	После события	общий альбом после вечеринки	photo	near	Семантика альбома после события
1424	Фото / альбом	После события	онлайн галерея после вечеринки	photo	near	Семантика альбома после события
1425	Фото / альбом	После события	фото гостей после вечеринки	photo	near	Семантика альбома после события
1426	Фото / альбом	После события	где хранить фото после вечеринки	photo	near	Семантика альбома после события
1427	Фото / альбом	После события	куда загрузить фото после вечеринки	photo	near	Семантика альбома после события
1428	Фото / альбом	После события	фото глазами гостей после вечеринки	photo	near	Семантика альбома после события
1429	Фото / альбом	После события	живые фото после вечеринки	photo	near	Семантика альбома после события
1430	Фото / альбом	После события	архив фото после вечеринки	photo	near	Семантика альбома после события
1431	Фото / альбом	После события	ссылка на альбом после вечеринки	photo	near	Семантика альбома после события
1432	Фото / альбом	После события	облачный альбом после вечеринки	photo	near	Семантика альбома после события
1433	Фото / альбом	После события	галерея для участников после вечеринки	photo	near	Семантика альбома после события
1434	Фото / альбом	После события	общий альбом после конференции	photo	adjacent	Семантика альбома после события
1435	Фото / альбом	После события	онлайн галерея после конференции	photo	adjacent	Семантика альбома после события
1436	Фото / альбом	После события	фото гостей после конференции	photo	adjacent	Семантика альбома после события
1437	Фото / альбом	После события	где хранить фото после конференции	photo	adjacent	Семантика альбома после события
1438	Фото / альбом	После события	куда загрузить фото после конференции	photo	adjacent	Семантика альбома после события
1439	Фото / альбом	После события	фото глазами гостей после конференции	photo	adjacent	Семантика альбома после события
1440	Фото / альбом	После события	живые фото после конференции	photo	adjacent	Семантика альбома после события
1441	Фото / альбом	После события	архив фото после конференции	photo	adjacent	Семантика альбома после события
1442	Фото / альбом	После события	ссылка на альбом после конференции	photo	adjacent	Семантика альбома после события
1443	Фото / альбом	После события	облачный альбом после конференции	photo	adjacent	Семантика альбома после события
1444	Фото / альбом	После события	галерея для участников после конференции	photo	adjacent	Семантика альбома после события
1445	Фото / альбом	После события	общий альбом после презентации	photo	adjacent	Семантика альбома после события
1446	Фото / альбом	После события	онлайн галерея после презентации	photo	adjacent	Семантика альбома после события
1447	Фото / альбом	После события	фото гостей после презентации	photo	adjacent	Семантика альбома после события
1448	Фото / альбом	После события	где хранить фото после презентации	photo	adjacent	Семантика альбома после события
1449	Фото / альбом	После события	куда загрузить фото после презентации	photo	adjacent	Семантика альбома после события
1450	Фото / альбом	После события	фото глазами гостей после презентации	photo	adjacent	Семантика альбома после события
1451	Фото / альбом	После события	живые фото после презентации	photo	adjacent	Семантика альбома после события
1452	Фото / альбом	После события	архив фото после презентации	photo	adjacent	Семантика альбома после события
1453	Фото / альбом	После события	ссылка на альбом после презентации	photo	adjacent	Семантика альбома после события
1454	Фото / альбом	После события	облачный альбом после презентации	photo	adjacent	Семантика альбома после события
1455	Фото / альбом	После события	галерея для участников после презентации	photo	adjacent	Семантика альбома после события
1456	Фото / альбом	После события	общий альбом после фестиваля	photo	adjacent	Семантика альбома после события
1457	Фото / альбом	После события	онлайн галерея после фестиваля	photo	adjacent	Семантика альбома после события
1458	Фото / альбом	После события	фото гостей после фестиваля	photo	adjacent	Семантика альбома после события
1459	Фото / альбом	После события	где хранить фото после фестиваля	photo	adjacent	Семантика альбома после события
1460	Фото / альбом	После события	куда загрузить фото после фестиваля	photo	adjacent	Семантика альбома после события
1461	Фото / альбом	После события	фото глазами гостей после фестиваля	photo	adjacent	Семантика альбома после события
1462	Фото / альбом	После события	живые фото после фестиваля	photo	adjacent	Семантика альбома после события
1463	Фото / альбом	После события	архив фото после фестиваля	photo	adjacent	Семантика альбома после события
1464	Фото / альбом	После события	ссылка на альбом после фестиваля	photo	adjacent	Семантика альбома после события
1465	Фото / альбом	После события	облачный альбом после фестиваля	photo	adjacent	Семантика альбома после события
1466	Фото / альбом	После события	галерея для участников после фестиваля	photo	adjacent	Семантика альбома после события
1467	Альтернативы	Замены и сравнения	чем заменить фотобудку на свадьбе	comparison	near	Альтернативы и замены
1468	Альтернативы	Замены и сравнения	альтернатива фотобудке на свадьбе	comparison	near	Альтернативы и замены
1469	Альтернативы	Замены и сравнения	фотобудка или фотозона на свадьбу	comparison	near	Альтернативы и замены
1470	Альтернативы	Замены и сравнения	фотобудка на свадьбу альтернатива	comparison	near	Альтернативы и замены
1471	Альтернативы	Замены и сравнения	фотобудка без печати фото	comparison	near	Альтернативы и замены
1472	Альтернативы	Замены и сравнения	цифровая фотобудка на свадьбу	comparison	near	Альтернативы и замены
1473	Альтернативы	Замены и сравнения	онлайн фотобудка на свадьбу	comparison	near	Альтернативы и замены
1474	Альтернативы	Замены и сравнения	фотозона или фотобудка	comparison	near	Альтернативы и замены
1475	Альтернативы	Замены и сравнения	чем заменить фотозону	comparison	near	Альтернативы и замены
1476	Альтернативы	Замены и сравнения	альтернатива фотозоне	comparison	near	Альтернативы и замены
1477	Альтернативы	Замены и сравнения	фотостена на свадьбу	comparison	near	Альтернативы и замены
1478	Альтернативы	Замены и сравнения	digital фотостена	comparison	near	Альтернативы и замены
1479	Альтернативы	Замены и сравнения	интерактивная фотостена на свадьбу	comparison	near	Альтернативы и замены
1480	Альтернативы	Замены и сравнения	photo wall на свадьбу	comparison	near	Альтернативы и замены
1481	Альтернативы	Замены и сравнения	социальная стена на свадьбу	comparison	near	Альтернативы и замены
1482	Альтернативы	Замены и сравнения	моментальная печать фото на свадьбе	comparison	near	Альтернативы и замены
1483	Альтернативы	Замены и сравнения	polaroid на свадьбу идеи	comparison	near	Альтернативы и замены
1484	Альтернативы	Замены и сравнения	instax на свадьбу идеи	comparison	near	Альтернативы и замены
1485	Альтернативы	Замены и сравнения	полароид на свадьбе идеи	comparison	near	Альтернативы и замены
1486	Альтернативы	Замены и сравнения	инстакс на свадьбе идеи	comparison	near	Альтернативы и замены
1487	Альтернативы	Замены и сравнения	альтернатива polaroid на свадьбе	comparison	near	Альтернативы и замены
1488	Альтернативы	Замены и сравнения	альтернатива instax на свадьбе	comparison	near	Альтернативы и замены
1489	Альтернативы	Замены и сравнения	telegram чат для фото свадьбы	comparison	near	Альтернативы и замены
1490	Альтернативы	Замены и сравнения	телеграм чат для фото гостей	comparison	near	Альтернативы и замены
1491	Альтернативы	Замены и сравнения	как собрать фото гостей в телеграм	comparison	near	Альтернативы и замены
1492	Альтернативы	Замены и сравнения	whatsapp группа для фото свадьбы	comparison	near	Альтернативы и замены
1493	Альтернативы	Замены и сравнения	ватсап группа для фото гостей	comparison	near	Альтернативы и замены
1494	Альтернативы	Замены и сравнения	собрать фото гостей в whatsapp	comparison	near	Альтернативы и замены
1495	Альтернативы	Замены и сравнения	google drive для фото свадьбы	comparison	near	Альтернативы и замены
1496	Альтернативы	Замены и сравнения	гугл диск для фото свадьбы	comparison	near	Альтернативы и замены
1497	Альтернативы	Замены и сравнения	яндекс диск для фото свадьбы	comparison	near	Альтернативы и замены
1498	Альтернативы	Замены и сравнения	google фото для свадьбы	comparison	near	Альтернативы и замены
1499	Альтернативы	Замены и сравнения	облако для фото гостей свадьба	comparison	near	Альтернативы и замены
1500	Альтернативы	Замены и сравнения	общий диск для фото гостей	comparison	near	Альтернативы и замены
1501	Альтернативы	Замены и сравнения	почему неудобно собирать фото в чате	comparison	near	Альтернативы и замены
1502	Альтернативы	Замены и сравнения	как собрать фото гостей без чата	comparison	near	Альтернативы и замены
1503	Альтернативы	Замены и сравнения	как собрать фото без google drive	comparison	near	Альтернативы и замены
1504	Альтернативы	Замены и сравнения	как собрать фото без яндекс диска	comparison	near	Альтернативы и замены
1505	Альтернативы	Замены и сравнения	сервис вместо гугл диска для фото	comparison	near	Альтернативы и замены
1506	Альтернативы	Замены и сравнения	сервис вместо телеграм чата для фото	comparison	near	Альтернативы и замены
1507	Альтернативы	Замены и сравнения	альтернатива google drive для мероприятий	comparison	near	Альтернативы и замены
1508	Альтернативы	Замены и сравнения	альтернатива яндекс диску для фото гостей	comparison	near	Альтернативы и замены
1509	Альтернативы	Замены и сравнения	что лучше фотобудка или онлайн альбом	comparison	near	Альтернативы и замены
1510	Альтернативы	Замены и сравнения	что лучше фотозона или фотоальбом гостей	comparison	near	Альтернативы и замены
1511	Альтернативы	Замены и сравнения	фотобудка или qr альбом	comparison	near	Альтернативы и замены
1512	Альтернативы	Замены и сравнения	qr альбом вместо фотобудки	comparison	near	Альтернативы и замены
1513	Альтернативы	Замены и сравнения	фото гостей вместо фотобудки	comparison	near	Альтернативы и замены
1514	Альтернативы	Замены и сравнения	цифровая альтернатива фотобудке	comparison	near	Альтернативы и замены
1515	Альтернативы	По типам событий	альтернатива фотозоне на свадьбе	wedding	near	Свадебный основной сценарий
1516	Альтернативы	По типам событий	альтернатива моментальной печати на свадьбе	wedding	adjacent	Свадебный основной сценарий
1517	Альтернативы	По типам событий	альтернатива telegram чату на свадьбе	wedding	adjacent	Свадебный основной сценарий
1518	Альтернативы	По типам событий	альтернатива whatsapp группе на свадьбе	wedding	adjacent	Свадебный основной сценарий
1519	Альтернативы	По типам событий	альтернатива google drive на свадьбе	wedding	adjacent	Свадебный основной сценарий
1520	Альтернативы	По типам событий	альтернатива яндекс диску на свадьбе	wedding	adjacent	Свадебный основной сценарий
1521	Альтернативы	По типам событий	альтернатива google фото на свадьбе	wedding	adjacent	Свадебный основной сценарий
1522	Альтернативы	По типам событий	альтернатива общему чату на свадьбе	wedding	adjacent	Свадебный основной сценарий
1523	Альтернативы	По типам событий	альтернатива облачному диску на свадьбе	wedding	adjacent	Свадебный основной сценарий
1524	Альтернативы	По типам событий	альтернатива фотобудке на мероприятии	event	near	Универсальный event-сценарий
1525	Альтернативы	По типам событий	альтернатива фотозоне на мероприятии	event	near	Универсальный event-сценарий
1526	Альтернативы	По типам событий	альтернатива моментальной печати на мероприятии	event	adjacent	Универсальный event-сценарий
1527	Альтернативы	По типам событий	альтернатива polaroid на мероприятии	event	adjacent	Универсальный event-сценарий
1528	Альтернативы	По типам событий	альтернатива instax на мероприятии	event	adjacent	Универсальный event-сценарий
1529	Альтернативы	По типам событий	альтернатива telegram чату на мероприятии	event	adjacent	Универсальный event-сценарий
1530	Альтернативы	По типам событий	альтернатива whatsapp группе на мероприятии	event	adjacent	Универсальный event-сценарий
1531	Альтернативы	По типам событий	альтернатива google drive на мероприятии	event	adjacent	Универсальный event-сценарий
1532	Альтернативы	По типам событий	альтернатива яндекс диску на мероприятии	event	adjacent	Универсальный event-сценарий
1533	Альтернативы	По типам событий	альтернатива google фото на мероприятии	event	adjacent	Универсальный event-сценарий
1534	Альтернативы	По типам событий	альтернатива общему чату на мероприятии	event	adjacent	Универсальный event-сценарий
1535	Альтернативы	По типам событий	альтернатива облачному диску на мероприятии	event	adjacent	Универсальный event-сценарий
1536	Альтернативы	По типам событий	альтернатива фотобудке на корпоративе	event	near	Корпоративный сценарий
1537	Альтернативы	По типам событий	альтернатива фотозоне на корпоративе	event	near	Корпоративный сценарий
1538	Альтернативы	По типам событий	альтернатива моментальной печати на корпоративе	event	adjacent	Корпоративный сценарий
1539	Альтернативы	По типам событий	альтернатива polaroid на корпоративе	event	adjacent	Корпоративный сценарий
1540	Альтернативы	По типам событий	альтернатива instax на корпоративе	event	adjacent	Корпоративный сценарий
1541	Альтернативы	По типам событий	альтернатива telegram чату на корпоративе	event	adjacent	Корпоративный сценарий
1542	Альтернативы	По типам событий	альтернатива whatsapp группе на корпоративе	event	adjacent	Корпоративный сценарий
1543	Альтернативы	По типам событий	альтернатива google drive на корпоративе	event	adjacent	Корпоративный сценарий
1544	Альтернативы	По типам событий	альтернатива яндекс диску на корпоративе	event	adjacent	Корпоративный сценарий
1545	Альтернативы	По типам событий	альтернатива google фото на корпоративе	event	adjacent	Корпоративный сценарий
1546	Альтернативы	По типам событий	альтернатива общему чату на корпоративе	event	adjacent	Корпоративный сценарий
1547	Альтернативы	По типам событий	альтернатива облачному диску на корпоративе	event	adjacent	Корпоративный сценарий
1548	Альтернативы	По типам событий	альтернатива фотобудке на юбилее	event	near	Семейный праздник
1549	Альтернативы	По типам событий	альтернатива фотозоне на юбилее	event	near	Семейный праздник
1550	Альтернативы	По типам событий	альтернатива моментальной печати на юбилее	event	adjacent	Семейный праздник
1551	Альтернативы	По типам событий	альтернатива polaroid на юбилее	event	adjacent	Семейный праздник
1552	Альтернативы	По типам событий	альтернатива instax на юбилее	event	adjacent	Семейный праздник
1553	Альтернативы	По типам событий	альтернатива telegram чату на юбилее	event	adjacent	Семейный праздник
1554	Альтернативы	По типам событий	альтернатива whatsapp группе на юбилее	event	adjacent	Семейный праздник
1555	Альтернативы	По типам событий	альтернатива google drive на юбилее	event	adjacent	Семейный праздник
1556	Альтернативы	По типам событий	альтернатива яндекс диску на юбилее	event	adjacent	Семейный праздник
1557	Альтернативы	По типам событий	альтернатива google фото на юбилее	event	adjacent	Семейный праздник
1558	Альтернативы	По типам событий	альтернатива общему чату на юбилее	event	adjacent	Семейный праздник
1559	Альтернативы	По типам событий	альтернатива облачному диску на юбилее	event	adjacent	Семейный праздник
1560	Альтернативы	По типам событий	альтернатива фотобудке на дне рождения	event	near	День рождения
1561	Альтернативы	По типам событий	альтернатива фотозоне на дне рождения	event	near	День рождения
1562	Альтернативы	По типам событий	альтернатива моментальной печати на дне рождения	event	adjacent	День рождения
1563	Альтернативы	По типам событий	альтернатива polaroid на дне рождения	event	adjacent	День рождения
1564	Альтернативы	По типам событий	альтернатива instax на дне рождения	event	adjacent	День рождения
1565	Альтернативы	По типам событий	альтернатива telegram чату на дне рождения	event	adjacent	День рождения
1566	Альтернативы	По типам событий	альтернатива whatsapp группе на дне рождения	event	adjacent	День рождения
1567	Альтернативы	По типам событий	альтернатива google drive на дне рождения	event	adjacent	День рождения
1568	Альтернативы	По типам событий	альтернатива яндекс диску на дне рождения	event	adjacent	День рождения
1569	Альтернативы	По типам событий	альтернатива google фото на дне рождения	event	adjacent	День рождения
1570	Альтернативы	По типам событий	альтернатива общему чату на дне рождения	event	adjacent	День рождения
1571	Альтернативы	По типам событий	альтернатива облачному диску на дне рождения	event	adjacent	День рождения
1572	Альтернативы	По типам событий	альтернатива фотобудке на выпускном	event	near	Выпускной
1573	Альтернативы	По типам событий	альтернатива фотозоне на выпускном	event	near	Выпускной
1574	Альтернативы	По типам событий	альтернатива моментальной печати на выпускном	event	adjacent	Выпускной
1575	Альтернативы	По типам событий	альтернатива polaroid на выпускном	event	adjacent	Выпускной
1576	Альтернативы	По типам событий	альтернатива instax на выпускном	event	adjacent	Выпускной
1577	Альтернативы	По типам событий	альтернатива telegram чату на выпускном	event	adjacent	Выпускной
1578	Альтернативы	По типам событий	альтернатива whatsapp группе на выпускном	event	adjacent	Выпускной
1579	Альтернативы	По типам событий	альтернатива google drive на выпускном	event	adjacent	Выпускной
1580	Альтернативы	По типам событий	альтернатива яндекс диску на выпускном	event	adjacent	Выпускной
1581	Альтернативы	По типам событий	альтернатива google фото на выпускном	event	adjacent	Выпускной
1582	Альтернативы	По типам событий	альтернатива общему чату на выпускном	event	adjacent	Выпускной
1583	Альтернативы	По типам событий	альтернатива облачному диску на выпускном	event	adjacent	Выпускной
1584	Альтернативы	По типам событий	альтернатива фотобудке на вечеринке	event	near	Вечеринка
1585	Альтернативы	По типам событий	альтернатива фотозоне на вечеринке	event	near	Вечеринка
1586	Альтернативы	По типам событий	альтернатива моментальной печати на вечеринке	event	adjacent	Вечеринка
1587	Альтернативы	По типам событий	альтернатива polaroid на вечеринке	event	adjacent	Вечеринка
1588	Альтернативы	По типам событий	альтернатива instax на вечеринке	event	adjacent	Вечеринка
1589	Альтернативы	По типам событий	альтернатива telegram чату на вечеринке	event	adjacent	Вечеринка
1590	Альтернативы	По типам событий	альтернатива whatsapp группе на вечеринке	event	adjacent	Вечеринка
1591	Альтернативы	По типам событий	альтернатива google drive на вечеринке	event	adjacent	Вечеринка
1592	Альтернативы	По типам событий	альтернатива яндекс диску на вечеринке	event	adjacent	Вечеринка
1593	Альтернативы	По типам событий	альтернатива google фото на вечеринке	event	adjacent	Вечеринка
1594	Альтернативы	По типам событий	альтернатива общему чату на вечеринке	event	adjacent	Вечеринка
1595	Альтернативы	По типам событий	альтернатива облачному диску на вечеринке	event	adjacent	Вечеринка
1596	Альтернативы	По типам событий	альтернатива фотобудке на конференции	event	near	Деловое мероприятие
1597	Альтернативы	По типам событий	альтернатива фотозоне на конференции	event	near	Деловое мероприятие
1598	Альтернативы	По типам событий	альтернатива моментальной печати на конференции	event	adjacent	Деловое мероприятие
1599	Альтернативы	По типам событий	альтернатива polaroid на конференции	event	adjacent	Деловое мероприятие
1600	Альтернативы	По типам событий	альтернатива instax на конференции	event	adjacent	Деловое мероприятие
1601	Альтернативы	По типам событий	альтернатива telegram чату на конференции	event	adjacent	Деловое мероприятие
1602	Альтернативы	По типам событий	альтернатива whatsapp группе на конференции	event	adjacent	Деловое мероприятие
1603	Альтернативы	По типам событий	альтернатива google drive на конференции	event	adjacent	Деловое мероприятие
1604	Альтернативы	По типам событий	альтернатива яндекс диску на конференции	event	adjacent	Деловое мероприятие
1605	Альтернативы	По типам событий	альтернатива google фото на конференции	event	adjacent	Деловое мероприятие
1606	Альтернативы	По типам событий	альтернатива общему чату на конференции	event	adjacent	Деловое мероприятие
1607	Альтернативы	По типам событий	альтернатива облачному диску на конференции	event	adjacent	Деловое мероприятие
1608	Альтернативы	По типам событий	альтернатива фотобудке на презентации	event	near	Деловой event-сценарий
1609	Альтернативы	По типам событий	альтернатива фотозоне на презентации	event	near	Деловой event-сценарий
1610	Альтернативы	По типам событий	альтернатива моментальной печати на презентации	event	adjacent	Деловой event-сценарий
1611	Альтернативы	По типам событий	альтернатива polaroid на презентации	event	adjacent	Деловой event-сценарий
1612	Альтернативы	По типам событий	альтернатива instax на презентации	event	adjacent	Деловой event-сценарий
1613	Альтернативы	По типам событий	альтернатива telegram чату на презентации	event	adjacent	Деловой event-сценарий
1614	Альтернативы	По типам событий	альтернатива whatsapp группе на презентации	event	adjacent	Деловой event-сценарий
1615	Альтернативы	По типам событий	альтернатива google drive на презентации	event	adjacent	Деловой event-сценарий
1616	Альтернативы	По типам событий	альтернатива яндекс диску на презентации	event	adjacent	Деловой event-сценарий
1617	Альтернативы	По типам событий	альтернатива google фото на презентации	event	adjacent	Деловой event-сценарий
1618	Альтернативы	По типам событий	альтернатива общему чату на презентации	event	adjacent	Деловой event-сценарий
1619	Альтернативы	По типам событий	альтернатива облачному диску на презентации	event	adjacent	Деловой event-сценарий
1620	Организация свадьбы	Планирование и гости	как организовать свадьбу	organizer	adjacent	Планирование свадьбы и организаторы
1621	Организация свадьбы	Планирование и гости	план свадьбы	organizer	adjacent	Планирование свадьбы и организаторы
1622	Организация свадьбы	Планирование и гости	чек лист свадьбы	organizer	adjacent	Планирование свадьбы и организаторы
1623	Организация свадьбы	Планирование и гости	тайминг свадьбы	organizer	adjacent	Планирование свадьбы и организаторы
1624	Организация свадьбы	Планирование и гости	программа свадьбы	organizer	adjacent	Планирование свадьбы и организаторы
1625	Организация свадьбы	Планирование и гости	программа свадебного вечера	organizer	adjacent	Планирование свадьбы и организаторы
1626	Организация свадьбы	Планирование и гости	структура свадебного вечера	organizer	adjacent	Планирование свадьбы и организаторы
1627	Организация свадьбы	Планирование и гости	сценарий свадебного вечера	organizer	adjacent	Планирование свадьбы и организаторы
1628	Организация свадьбы	Планирование и гости	чем занять гостей на welcome	organizer	adjacent	Планирование свадьбы и организаторы
1629	Организация свадьбы	Планирование и гости	чем занять гостей до церемонии	organizer	adjacent	Планирование свадьбы и организаторы
1630	Организация свадьбы	Планирование и гости	чем занять гостей между церемонией и банкетом	organizer	adjacent	Планирование свадьбы и организаторы
1631	Организация свадьбы	Планирование и гости	чем занять гостей во время фотосессии	organizer	adjacent	Планирование свадьбы и организаторы
1632	Организация свадьбы	Планирование и гости	welcome зона свадьба идеи	organizer	adjacent	Планирование свадьбы и организаторы
1633	Организация свадьбы	Планирование и гости	welcome зона для гостей	organizer	adjacent	Планирование свадьбы и организаторы
1634	Организация свадьбы	Планирование и гости	идеи welcome зоны на свадьбу	organizer	adjacent	Планирование свадьбы и организаторы
1635	Организация свадьбы	Планирование и гости	что должно быть на welcome зоне	organizer	adjacent	Планирование свадьбы и организаторы
1636	Организация свадьбы	Планирование и гости	интерактивная welcome зона	organizer	adjacent	Планирование свадьбы и организаторы
1637	Организация свадьбы	Планирование и гости	цифровая welcome зона	organizer	adjacent	Планирование свадьбы и организаторы
1638	Организация свадьбы	Планирование и гости	рассадка гостей свадьба идеи	organizer	adjacent	Планирование свадьбы и организаторы
1639	Организация свадьбы	Планирование и гости	карточки рассадки с qr кодом	organizer	adjacent	Планирование свадьбы и организаторы
1640	Организация свадьбы	Планирование и гости	план рассадки с qr кодом	organizer	adjacent	Планирование свадьбы и организаторы
1641	Организация свадьбы	Планирование и гости	программа вечера с qr кодом	organizer	adjacent	Планирование свадьбы и организаторы
1642	Организация свадьбы	Планирование и гости	свадебный сайт для гостей	organizer	adjacent	Планирование свадьбы и организаторы
1643	Организация свадьбы	Планирование и гости	сайт свадьбы для гостей	organizer	adjacent	Планирование свадьбы и организаторы
1644	Организация свадьбы	Планирование и гости	онлайн сервисы для свадьбы	organizer	adjacent	Планирование свадьбы и организаторы
1645	Организация свадьбы	Планирование и гости	сервисы для организации свадьбы	organizer	adjacent	Планирование свадьбы и организаторы
1646	Организация свадьбы	Планирование и гости	свадебные приложения для гостей	organizer	adjacent	Планирование свадьбы и организаторы
1647	Организация свадьбы	Планирование и гости	инструменты свадебного организатора	organizer	adjacent	Планирование свадьбы и организаторы
1648	Организация свадьбы	Планирование и гости	сервисы для свадебного организатора	organizer	adjacent	Планирование свадьбы и организаторы
1649	Организация свадьбы	Планирование и гости	идеи для свадебного организатора	organizer	adjacent	Планирование свадьбы и организаторы
1650	Организация свадьбы	Планирование и гости	фишки для свадебного организатора	organizer	adjacent	Планирование свадьбы и организаторы
1651	Организация свадьбы	Планирование и гости	digital инструменты для свадьбы	organizer	adjacent	Планирование свадьбы и организаторы
1652	Организация свадьбы	Планирование и гости	как сделать свадьбу удобной для гостей	organizer	adjacent	Планирование свадьбы и организаторы
1653	Организация свадьбы	Планирование и гости	как организовать гостей на свадьбе	organizer	adjacent	Планирование свадьбы и организаторы
1654	Организация свадьбы	Планирование и гости	как собрать контакты гостей свадьба	organizer	adjacent	Планирование свадьбы и организаторы
1655	Организация свадьбы	Планирование и гости	как общаться с гостями до свадьбы	organizer	adjacent	Планирование свадьбы и организаторы
1656	Организация свадьбы	Планирование и гости	как отправить гостям информацию о свадьбе	organizer	adjacent	Планирование свадьбы и организаторы
1657	Организация свадьбы	Планирование и гости	свадебный координатор чек лист	organizer	adjacent	Планирование свадьбы и организаторы
1658	Организация свадьбы	Планирование и гости	чек лист для координатора свадьбы	organizer	adjacent	Планирование свадьбы и организаторы
1659	Организация свадьбы	Планирование и гости	что подготовить для гостей на свадьбе	organizer	adjacent	Планирование свадьбы и организаторы
1660	Организация свадьбы	Планирование и гости	свадебные активности в тайминге	organizer	adjacent	Планирование свадьбы и организаторы
1661	Организация свадьбы	Планирование и гости	как выбрать ведущего на свадьбу	organizer	adjacent	Планирование свадьбы и организаторы
1662	Организация свадьбы	Планирование и гости	как выбрать фотографа на свадьбу	organizer	adjacent	Планирование свадьбы и организаторы
1663	Организация свадьбы	Планирование и гости	как выбрать площадку для свадьбы	organizer	adjacent	Планирование свадьбы и организаторы
1664	Организация свадьбы	Планирование и гости	услуги для свадьбы список	organizer	adjacent	Планирование свадьбы и организаторы
1665	Организация свадьбы	Планирование и гости	свадебные подрядчики список	organizer	adjacent	Планирование свадьбы и организаторы
1666	Организация свадьбы	Планирование и гости	идеи для свадебного агентства	organizer	adjacent	Планирование свадьбы и организаторы
1667	Организация свадьбы	Планирование и гости	фишки для свадебного агентства	organizer	adjacent	Планирование свадьбы и организаторы
1668	Организация свадьбы	Планирование и гости	что предложить молодоженам организатору	organizer	adjacent	Планирование свадьбы и организаторы
1669	Организация свадьбы	Планирование и гости	как организатору удивить клиента	organizer	adjacent	Планирование свадьбы и организаторы
1670	Организация свадьбы	Планирование и гости	свадебные сервисы для агентств	organizer	adjacent	Планирование свадьбы и организаторы
1671	Организатор	Профессиональные роли	инструменты для свадебного организатора	organizer	adjacent	Профессиональная event-аудитория
1672	Организатор	Профессиональные роли	digital решения для свадебного организатора	organizer	adjacent	Профессиональная event-аудитория
1673	Организатор	Профессиональные роли	чек лист для свадебного организатора	organizer	adjacent	Профессиональная event-аудитория
1674	Организатор	Профессиональные роли	что предложить клиенту для свадебного организатора	organizer	adjacent	Профессиональная event-аудитория
1675	Организатор	Профессиональные роли	интерактивы для свадебного организатора	organizer	adjacent	Профессиональная event-аудитория
1676	Организатор	Профессиональные роли	идеи для свадебного координатора	organizer	adjacent	Профессиональная event-аудитория
1677	Организатор	Профессиональные роли	инструменты для свадебного координатора	organizer	adjacent	Профессиональная event-аудитория
1678	Организатор	Профессиональные роли	сервисы для свадебного координатора	organizer	adjacent	Профессиональная event-аудитория
1679	Организатор	Профессиональные роли	digital решения для свадебного координатора	organizer	adjacent	Профессиональная event-аудитория
1680	Организатор	Профессиональные роли	фишки для свадебного координатора	organizer	adjacent	Профессиональная event-аудитория
1681	Организатор	Профессиональные роли	чек лист для свадебного координатора	organizer	adjacent	Профессиональная event-аудитория
1682	Организатор	Профессиональные роли	что предложить клиенту для свадебного координатора	organizer	adjacent	Профессиональная event-аудитория
1683	Организатор	Профессиональные роли	интерактивы для свадебного координатора	organizer	adjacent	Профессиональная event-аудитория
1684	Организатор	Профессиональные роли	идеи для event менеджера	organizer	adjacent	Профессиональная event-аудитория
1685	Организатор	Профессиональные роли	инструменты для event менеджера	organizer	adjacent	Профессиональная event-аудитория
1686	Организатор	Профессиональные роли	сервисы для event менеджера	organizer	adjacent	Профессиональная event-аудитория
1687	Организатор	Профессиональные роли	digital решения для event менеджера	organizer	adjacent	Профессиональная event-аудитория
1688	Организатор	Профессиональные роли	фишки для event менеджера	organizer	adjacent	Профессиональная event-аудитория
1689	Организатор	Профессиональные роли	чек лист для event менеджера	organizer	adjacent	Профессиональная event-аудитория
1690	Организатор	Профессиональные роли	что предложить клиенту для event менеджера	organizer	adjacent	Профессиональная event-аудитория
1691	Организатор	Профессиональные роли	интерактивы для event менеджера	organizer	adjacent	Профессиональная event-аудитория
1692	Организатор	Профессиональные роли	идеи для банкетной площадки	organizer	adjacent	Профессиональная event-аудитория
1693	Организатор	Профессиональные роли	инструменты для банкетной площадки	organizer	adjacent	Профессиональная event-аудитория
1694	Организатор	Профессиональные роли	сервисы для банкетной площадки	organizer	adjacent	Профессиональная event-аудитория
1695	Организатор	Профессиональные роли	digital решения для банкетной площадки	organizer	adjacent	Профессиональная event-аудитория
1696	Организатор	Профессиональные роли	фишки для банкетной площадки	organizer	adjacent	Профессиональная event-аудитория
1697	Организатор	Профессиональные роли	чек лист для банкетной площадки	organizer	adjacent	Профессиональная event-аудитория
1698	Организатор	Профессиональные роли	что предложить клиенту для банкетной площадки	organizer	adjacent	Профессиональная event-аудитория
1699	Организатор	Профессиональные роли	интерактивы для банкетной площадки	organizer	adjacent	Профессиональная event-аудитория
1700	Организатор	Профессиональные роли	инструменты для свадебного агентства	organizer	adjacent	Профессиональная event-аудитория
1701	Организатор	Профессиональные роли	сервисы для свадебного агентства	organizer	adjacent	Профессиональная event-аудитория
1702	Организатор	Профессиональные роли	digital решения для свадебного агентства	organizer	adjacent	Профессиональная event-аудитория
1703	Организатор	Профессиональные роли	чек лист для свадебного агентства	organizer	adjacent	Профессиональная event-аудитория
1704	Организатор	Профессиональные роли	что предложить клиенту для свадебного агентства	organizer	adjacent	Профессиональная event-аудитория
1705	Организатор	Профессиональные роли	интерактивы для свадебного агентства	organizer	adjacent	Профессиональная event-аудитория
1706	Организатор	Профессиональные роли	идеи для ведущего	organizer	near	Профессиональная event-аудитория
1707	Организатор	Профессиональные роли	инструменты для ведущего	organizer	near	Профессиональная event-аудитория
1708	Организатор	Профессиональные роли	сервисы для ведущего	organizer	near	Профессиональная event-аудитория
1709	Организатор	Профессиональные роли	digital решения для ведущего	organizer	near	Профессиональная event-аудитория
1710	Организатор	Профессиональные роли	фишки для ведущего	organizer	near	Профессиональная event-аудитория
1711	Организатор	Профессиональные роли	чек лист для ведущего	organizer	near	Профессиональная event-аудитория
1712	Организатор	Профессиональные роли	что предложить клиенту для ведущего	organizer	near	Профессиональная event-аудитория
1713	Организатор	Профессиональные роли	интерактивы для ведущего	organizer	near	Профессиональная event-аудитория
1714	Организатор	Профессиональные роли	идеи для диджея	organizer	near	Профессиональная event-аудитория
1715	Организатор	Профессиональные роли	инструменты для диджея	organizer	near	Профессиональная event-аудитория
1716	Организатор	Профессиональные роли	сервисы для диджея	organizer	near	Профессиональная event-аудитория
1717	Организатор	Профессиональные роли	digital решения для диджея	organizer	near	Профессиональная event-аудитория
1718	Организатор	Профессиональные роли	фишки для диджея	organizer	near	Профессиональная event-аудитория
1719	Организатор	Профессиональные роли	чек лист для диджея	organizer	near	Профессиональная event-аудитория
1720	Организатор	Профессиональные роли	что предложить клиенту для диджея	organizer	near	Профессиональная event-аудитория
1721	Организатор	Профессиональные роли	интерактивы для диджея	organizer	near	Профессиональная event-аудитория
1722	Другие мероприятия	Event по типам	идеи на свадьбе	wedding	direct	Свадебный основной сценарий
1723	Другие мероприятия	Event по типам	интерактивы на свадьбе	wedding	direct	Свадебный основной сценарий
1724	Другие мероприятия	Event по типам	фото гостей на экране на свадьбе	wedding	direct	Свадебный основной сценарий
1725	Другие мероприятия	Event по типам	qr код для гостей на свадьбе	wedding	direct	Свадебный основной сценарий
1726	Другие мероприятия	Event по типам	общий альбом на свадьбе	wedding	direct	Свадебный основной сценарий
1727	Другие мероприятия	Event по типам	фотозона идеи на свадьбе	wedding	direct	Свадебный основной сценарий
1728	Другие мероприятия	Event по типам	современные фишки на свадьбе	wedding	direct	Свадебный основной сценарий
1729	Другие мероприятия	Event по типам	digital интерактив на свадьбе	wedding	direct	Свадебный основной сценарий
1730	Другие мероприятия	Event по типам	сервис для фото на свадьбе	wedding	direct	Свадебный основной сценарий
1731	Другие мероприятия	Event по типам	онлайн галерея на свадьбе	wedding	direct	Свадебный основной сценарий
1732	Другие мероприятия	Event по типам	живые фото на свадьбе	wedding	direct	Свадебный основной сценарий
1733	Другие мероприятия	Event по типам	экран с фото на свадьбе	wedding	direct	Свадебный основной сценарий
1734	Другие мероприятия	Event по типам	ведущий интерактивы на свадьбе	wedding	direct	Свадебный основной сценарий
1735	Другие мероприятия	Event по типам	активности для участников на свадьбе	wedding	direct	Свадебный основной сценарий
1736	Другие мероприятия	Event по типам	идеи на мероприятии	event	direct	Универсальный event-сценарий
1737	Другие мероприятия	Event по типам	интерактивы на мероприятии	event	direct	Универсальный event-сценарий
1738	Другие мероприятия	Event по типам	развлечения для гостей на мероприятии	event	direct	Универсальный event-сценарий
1739	Другие мероприятия	Event по типам	чем занять гостей на мероприятии	event	direct	Универсальный event-сценарий
1740	Другие мероприятия	Event по типам	фото гостей на экране на мероприятии	event	direct	Универсальный event-сценарий
1741	Другие мероприятия	Event по типам	qr код для гостей на мероприятии	event	direct	Универсальный event-сценарий
1742	Другие мероприятия	Event по типам	общий альбом на мероприятии	event	direct	Универсальный event-сценарий
1743	Другие мероприятия	Event по типам	фотозона идеи на мероприятии	event	direct	Универсальный event-сценарий
1744	Другие мероприятия	Event по типам	современные фишки на мероприятии	event	direct	Универсальный event-сценарий
1745	Другие мероприятия	Event по типам	digital интерактив на мероприятии	event	direct	Универсальный event-сценарий
1746	Другие мероприятия	Event по типам	сервис для фото на мероприятии	event	direct	Универсальный event-сценарий
1747	Другие мероприятия	Event по типам	онлайн галерея на мероприятии	event	direct	Универсальный event-сценарий
1748	Другие мероприятия	Event по типам	живые фото на мероприятии	event	direct	Универсальный event-сценарий
1749	Другие мероприятия	Event по типам	экран с фото на мероприятии	event	direct	Универсальный event-сценарий
1750	Другие мероприятия	Event по типам	ведущий интерактивы на мероприятии	event	direct	Универсальный event-сценарий
1751	Другие мероприятия	Event по типам	активности для участников на мероприятии	event	direct	Универсальный event-сценарий
1752	Другие мероприятия	Event по типам	идеи на корпоративе	event	near	Корпоративный сценарий
1753	Другие мероприятия	Event по типам	интерактивы на корпоративе	event	near	Корпоративный сценарий
1754	Другие мероприятия	Event по типам	развлечения для гостей на корпоративе	event	near	Корпоративный сценарий
1755	Другие мероприятия	Event по типам	чем занять гостей на корпоративе	event	near	Корпоративный сценарий
1756	Другие мероприятия	Event по типам	фото гостей на экране на корпоративе	event	near	Корпоративный сценарий
1757	Другие мероприятия	Event по типам	qr код для гостей на корпоративе	event	near	Корпоративный сценарий
1758	Другие мероприятия	Event по типам	общий альбом на корпоративе	event	near	Корпоративный сценарий
1759	Другие мероприятия	Event по типам	как собрать фото гостей на корпоративе	event	near	Корпоративный сценарий
1760	Другие мероприятия	Event по типам	фотозона идеи на корпоративе	event	near	Корпоративный сценарий
1761	Другие мероприятия	Event по типам	современные фишки на корпоративе	event	near	Корпоративный сценарий
1762	Другие мероприятия	Event по типам	digital интерактив на корпоративе	event	near	Корпоративный сценарий
1763	Другие мероприятия	Event по типам	сервис для фото на корпоративе	event	near	Корпоративный сценарий
1764	Другие мероприятия	Event по типам	онлайн галерея на корпоративе	event	near	Корпоративный сценарий
1765	Другие мероприятия	Event по типам	живые фото на корпоративе	event	near	Корпоративный сценарий
1766	Другие мероприятия	Event по типам	экран с фото на корпоративе	event	near	Корпоративный сценарий
1767	Другие мероприятия	Event по типам	ведущий интерактивы на корпоративе	event	near	Корпоративный сценарий
1768	Другие мероприятия	Event по типам	активности для участников на корпоративе	event	near	Корпоративный сценарий
1769	Другие мероприятия	Event по типам	идеи на юбилее	event	near	Семейный праздник
1770	Другие мероприятия	Event по типам	интерактивы на юбилее	event	near	Семейный праздник
1771	Другие мероприятия	Event по типам	развлечения для гостей на юбилее	event	near	Семейный праздник
1772	Другие мероприятия	Event по типам	чем занять гостей на юбилее	event	near	Семейный праздник
1773	Другие мероприятия	Event по типам	фото гостей на экране на юбилее	event	near	Семейный праздник
1774	Другие мероприятия	Event по типам	qr код для гостей на юбилее	event	near	Семейный праздник
1775	Другие мероприятия	Event по типам	общий альбом на юбилее	event	near	Семейный праздник
1776	Другие мероприятия	Event по типам	фотозона идеи на юбилее	event	near	Семейный праздник
1777	Другие мероприятия	Event по типам	современные фишки на юбилее	event	near	Семейный праздник
1778	Другие мероприятия	Event по типам	digital интерактив на юбилее	event	near	Семейный праздник
1779	Другие мероприятия	Event по типам	сервис для фото на юбилее	event	near	Семейный праздник
1780	Другие мероприятия	Event по типам	онлайн галерея на юбилее	event	near	Семейный праздник
1781	Другие мероприятия	Event по типам	живые фото на юбилее	event	near	Семейный праздник
1782	Другие мероприятия	Event по типам	экран с фото на юбилее	event	near	Семейный праздник
1783	Другие мероприятия	Event по типам	ведущий интерактивы на юбилее	event	near	Семейный праздник
1784	Другие мероприятия	Event по типам	активности для участников на юбилее	event	near	Семейный праздник
1785	Другие мероприятия	Event по типам	идеи на дне рождения	event	near	День рождения
1786	Другие мероприятия	Event по типам	интерактивы на дне рождения	event	near	День рождения
1787	Другие мероприятия	Event по типам	развлечения для гостей на дне рождения	event	near	День рождения
1788	Другие мероприятия	Event по типам	чем занять гостей на дне рождения	event	near	День рождения
1789	Другие мероприятия	Event по типам	фото гостей на экране на дне рождения	event	near	День рождения
1790	Другие мероприятия	Event по типам	qr код для гостей на дне рождения	event	near	День рождения
1791	Другие мероприятия	Event по типам	общий альбом на дне рождения	event	near	День рождения
1792	Другие мероприятия	Event по типам	фотозона идеи на дне рождения	event	near	День рождения
1793	Другие мероприятия	Event по типам	современные фишки на дне рождения	event	near	День рождения
1794	Другие мероприятия	Event по типам	digital интерактив на дне рождения	event	near	День рождения
1795	Другие мероприятия	Event по типам	сервис для фото на дне рождения	event	near	День рождения
1796	Другие мероприятия	Event по типам	онлайн галерея на дне рождения	event	near	День рождения
1797	Другие мероприятия	Event по типам	живые фото на дне рождения	event	near	День рождения
1798	Другие мероприятия	Event по типам	экран с фото на дне рождения	event	near	День рождения
1799	Другие мероприятия	Event по типам	ведущий интерактивы на дне рождения	event	near	День рождения
1800	Другие мероприятия	Event по типам	активности для участников на дне рождения	event	near	День рождения
1801	Другие мероприятия	Event по типам	идеи на выпускном	event	near	Выпускной
1802	Другие мероприятия	Event по типам	интерактивы на выпускном	event	near	Выпускной
1803	Другие мероприятия	Event по типам	развлечения для гостей на выпускном	event	near	Выпускной
1804	Другие мероприятия	Event по типам	чем занять гостей на выпускном	event	near	Выпускной
1805	Другие мероприятия	Event по типам	фото гостей на экране на выпускном	event	near	Выпускной
1806	Другие мероприятия	Event по типам	qr код для гостей на выпускном	event	near	Выпускной
1807	Другие мероприятия	Event по типам	общий альбом на выпускном	event	near	Выпускной
1808	Другие мероприятия	Event по типам	как собрать фото гостей на выпускном	event	near	Выпускной
1809	Другие мероприятия	Event по типам	фотозона идеи на выпускном	event	near	Выпускной
1810	Другие мероприятия	Event по типам	современные фишки на выпускном	event	near	Выпускной
1811	Другие мероприятия	Event по типам	digital интерактив на выпускном	event	near	Выпускной
1812	Другие мероприятия	Event по типам	сервис для фото на выпускном	event	near	Выпускной
1813	Другие мероприятия	Event по типам	онлайн галерея на выпускном	event	near	Выпускной
1814	Другие мероприятия	Event по типам	живые фото на выпускном	event	near	Выпускной
1815	Другие мероприятия	Event по типам	экран с фото на выпускном	event	near	Выпускной
1816	Другие мероприятия	Event по типам	ведущий интерактивы на выпускном	event	near	Выпускной
1817	Другие мероприятия	Event по типам	активности для участников на выпускном	event	near	Выпускной
1818	Другие мероприятия	Event по типам	идеи на вечеринке	event	near	Вечеринка
1819	Другие мероприятия	Event по типам	интерактивы на вечеринке	event	near	Вечеринка
1820	Другие мероприятия	Event по типам	развлечения для гостей на вечеринке	event	near	Вечеринка
1821	Другие мероприятия	Event по типам	чем занять гостей на вечеринке	event	near	Вечеринка
1822	Другие мероприятия	Event по типам	фото гостей на экране на вечеринке	event	near	Вечеринка
1823	Другие мероприятия	Event по типам	qr код для гостей на вечеринке	event	near	Вечеринка
1824	Другие мероприятия	Event по типам	общий альбом на вечеринке	event	near	Вечеринка
1825	Другие мероприятия	Event по типам	фотозона идеи на вечеринке	event	near	Вечеринка
1826	Другие мероприятия	Event по типам	современные фишки на вечеринке	event	near	Вечеринка
1827	Другие мероприятия	Event по типам	digital интерактив на вечеринке	event	near	Вечеринка
1828	Другие мероприятия	Event по типам	сервис для фото на вечеринке	event	near	Вечеринка
1829	Другие мероприятия	Event по типам	онлайн галерея на вечеринке	event	near	Вечеринка
1830	Другие мероприятия	Event по типам	живые фото на вечеринке	event	near	Вечеринка
1831	Другие мероприятия	Event по типам	экран с фото на вечеринке	event	near	Вечеринка
1832	Другие мероприятия	Event по типам	ведущий интерактивы на вечеринке	event	near	Вечеринка
1833	Другие мероприятия	Event по типам	активности для участников на вечеринке	event	near	Вечеринка
1834	Другие мероприятия	Event по типам	идеи на конференции	event	adjacent	Деловое мероприятие
1835	Другие мероприятия	Event по типам	интерактивы на конференции	event	adjacent	Деловое мероприятие
1836	Другие мероприятия	Event по типам	развлечения для гостей на конференции	event	adjacent	Деловое мероприятие
1837	Другие мероприятия	Event по типам	чем занять гостей на конференции	event	adjacent	Деловое мероприятие
1838	Другие мероприятия	Event по типам	фото гостей на экране на конференции	event	adjacent	Деловое мероприятие
1839	Другие мероприятия	Event по типам	qr код для гостей на конференции	event	adjacent	Деловое мероприятие
1840	Другие мероприятия	Event по типам	общий альбом на конференции	event	adjacent	Деловое мероприятие
1841	Другие мероприятия	Event по типам	как собрать фото гостей на конференции	event	adjacent	Деловое мероприятие
1842	Другие мероприятия	Event по типам	фотозона идеи на конференции	event	adjacent	Деловое мероприятие
1843	Другие мероприятия	Event по типам	современные фишки на конференции	event	adjacent	Деловое мероприятие
1844	Другие мероприятия	Event по типам	digital интерактив на конференции	event	adjacent	Деловое мероприятие
1845	Другие мероприятия	Event по типам	сервис для фото на конференции	event	adjacent	Деловое мероприятие
1846	Другие мероприятия	Event по типам	онлайн галерея на конференции	event	adjacent	Деловое мероприятие
1847	Другие мероприятия	Event по типам	живые фото на конференции	event	adjacent	Деловое мероприятие
1848	Другие мероприятия	Event по типам	экран с фото на конференции	event	adjacent	Деловое мероприятие
1849	Другие мероприятия	Event по типам	ведущий интерактивы на конференции	event	adjacent	Деловое мероприятие
1850	Другие мероприятия	Event по типам	активности для участников на конференции	event	adjacent	Деловое мероприятие
1851	Другие мероприятия	Event по типам	идеи на презентации	event	adjacent	Деловой event-сценарий
1852	Другие мероприятия	Event по типам	интерактивы на презентации	event	adjacent	Деловой event-сценарий
1853	Другие мероприятия	Event по типам	развлечения для гостей на презентации	event	adjacent	Деловой event-сценарий
1854	Другие мероприятия	Event по типам	чем занять гостей на презентации	event	adjacent	Деловой event-сценарий
1855	Другие мероприятия	Event по типам	фото гостей на экране на презентации	event	adjacent	Деловой event-сценарий
1856	Другие мероприятия	Event по типам	qr код для гостей на презентации	event	adjacent	Деловой event-сценарий
1857	Другие мероприятия	Event по типам	общий альбом на презентации	event	adjacent	Деловой event-сценарий
1858	Другие мероприятия	Event по типам	как собрать фото гостей на презентации	event	adjacent	Деловой event-сценарий
1859	Другие мероприятия	Event по типам	фотозона идеи на презентации	event	adjacent	Деловой event-сценарий
1860	Другие мероприятия	Event по типам	современные фишки на презентации	event	adjacent	Деловой event-сценарий
1861	Другие мероприятия	Event по типам	digital интерактив на презентации	event	adjacent	Деловой event-сценарий
1862	Другие мероприятия	Event по типам	сервис для фото на презентации	event	adjacent	Деловой event-сценарий
1863	Другие мероприятия	Event по типам	онлайн галерея на презентации	event	adjacent	Деловой event-сценарий
1864	Другие мероприятия	Event по типам	живые фото на презентации	event	adjacent	Деловой event-сценарий
1865	Другие мероприятия	Event по типам	экран с фото на презентации	event	adjacent	Деловой event-сценарий
1866	Другие мероприятия	Event по типам	ведущий интерактивы на презентации	event	adjacent	Деловой event-сценарий
1867	Другие мероприятия	Event по типам	активности для участников на презентации	event	adjacent	Деловой event-сценарий
1868	Другие мероприятия	Event по типам	идеи на фестивале	event	adjacent	Массовое событие
1869	Другие мероприятия	Event по типам	интерактивы на фестивале	event	adjacent	Массовое событие
1870	Другие мероприятия	Event по типам	развлечения для гостей на фестивале	event	adjacent	Массовое событие
1871	Другие мероприятия	Event по типам	чем занять гостей на фестивале	event	adjacent	Массовое событие
1872	Другие мероприятия	Event по типам	фото гостей на экране на фестивале	event	adjacent	Массовое событие
1873	Другие мероприятия	Event по типам	qr код для гостей на фестивале	event	adjacent	Массовое событие
1874	Другие мероприятия	Event по типам	общий альбом на фестивале	event	adjacent	Массовое событие
1875	Другие мероприятия	Event по типам	фотозона идеи на фестивале	event	adjacent	Массовое событие
1876	Другие мероприятия	Event по типам	альтернатива фотобудке на фестивале	event	adjacent	Массовое событие
1877	Другие мероприятия	Event по типам	современные фишки на фестивале	event	adjacent	Массовое событие
1878	Другие мероприятия	Event по типам	digital интерактив на фестивале	event	adjacent	Массовое событие
1879	Другие мероприятия	Event по типам	сервис для фото на фестивале	event	adjacent	Массовое событие
1880	Другие мероприятия	Event по типам	онлайн галерея на фестивале	event	adjacent	Массовое событие
1881	Другие мероприятия	Event по типам	живые фото на фестивале	event	adjacent	Массовое событие
1882	Другие мероприятия	Event по типам	экран с фото на фестивале	event	adjacent	Массовое событие
1883	Другие мероприятия	Event по типам	ведущий интерактивы на фестивале	event	adjacent	Массовое событие
1884	Другие мероприятия	Event по типам	активности для участников на фестивале	event	adjacent	Массовое событие
1885	Другие мероприятия	Event по типам	идеи на городском празднике	event	adjacent	Массовое событие
1886	Другие мероприятия	Event по типам	интерактивы на городском празднике	event	adjacent	Массовое событие
1887	Другие мероприятия	Event по типам	развлечения для гостей на городском празднике	event	adjacent	Массовое событие
1888	Другие мероприятия	Event по типам	чем занять гостей на городском празднике	event	adjacent	Массовое событие
1889	Другие мероприятия	Event по типам	фото гостей на экране на городском празднике	event	adjacent	Массовое событие
1890	Другие мероприятия	Event по типам	qr код для гостей на городском празднике	event	adjacent	Массовое событие
1891	Другие мероприятия	Event по типам	общий альбом на городском празднике	event	adjacent	Массовое событие
1892	Другие мероприятия	Event по типам	фотозона идеи на городском празднике	event	adjacent	Массовое событие
1893	Другие мероприятия	Event по типам	альтернатива фотобудке на городском празднике	event	adjacent	Массовое событие
1894	Другие мероприятия	Event по типам	современные фишки на городском празднике	event	adjacent	Массовое событие
1895	Другие мероприятия	Event по типам	digital интерактив на городском празднике	event	adjacent	Массовое событие
1896	Другие мероприятия	Event по типам	сервис для фото на городском празднике	event	adjacent	Массовое событие
1897	Другие мероприятия	Event по типам	онлайн галерея на городском празднике	event	adjacent	Массовое событие
1898	Другие мероприятия	Event по типам	живые фото на городском празднике	event	adjacent	Массовое событие
1899	Другие мероприятия	Event по типам	экран с фото на городском празднике	event	adjacent	Массовое событие
1900	Другие мероприятия	Event по типам	ведущий интерактивы на городском празднике	event	adjacent	Массовое событие
1901	Другие мероприятия	Event по типам	активности для участников на городском празднике	event	adjacent	Массовое событие
1902	Другие мероприятия	Event по типам	идеи на закрытом мероприятии	event	adjacent	Закрытый event-сценарий
1903	Другие мероприятия	Event по типам	интерактивы на закрытом мероприятии	event	adjacent	Закрытый event-сценарий
1904	Другие мероприятия	Event по типам	развлечения для гостей на закрытом мероприятии	event	adjacent	Закрытый event-сценарий
1905	Другие мероприятия	Event по типам	чем занять гостей на закрытом мероприятии	event	adjacent	Закрытый event-сценарий
1906	Другие мероприятия	Event по типам	фото гостей на экране на закрытом мероприятии	event	adjacent	Закрытый event-сценарий
1907	Другие мероприятия	Event по типам	qr код для гостей на закрытом мероприятии	event	adjacent	Закрытый event-сценарий
1908	Другие мероприятия	Event по типам	общий альбом на закрытом мероприятии	event	adjacent	Закрытый event-сценарий
1909	Другие мероприятия	Event по типам	фотозона идеи на закрытом мероприятии	event	adjacent	Закрытый event-сценарий
1910	Другие мероприятия	Event по типам	альтернатива фотобудке на закрытом мероприятии	event	adjacent	Закрытый event-сценарий
1911	Другие мероприятия	Event по типам	современные фишки на закрытом мероприятии	event	adjacent	Закрытый event-сценарий
1912	Другие мероприятия	Event по типам	digital интерактив на закрытом мероприятии	event	adjacent	Закрытый event-сценарий
1913	Другие мероприятия	Event по типам	сервис для фото на закрытом мероприятии	event	adjacent	Закрытый event-сценарий
1914	Другие мероприятия	Event по типам	онлайн галерея на закрытом мероприятии	event	adjacent	Закрытый event-сценарий
1915	Другие мероприятия	Event по типам	живые фото на закрытом мероприятии	event	adjacent	Закрытый event-сценарий
1916	Другие мероприятия	Event по типам	экран с фото на закрытом мероприятии	event	adjacent	Закрытый event-сценарий
1917	Другие мероприятия	Event по типам	ведущий интерактивы на закрытом мероприятии	event	adjacent	Закрытый event-сценарий
1918	Другие мероприятия	Event по типам	активности для участников на закрытом мероприятии	event	adjacent	Закрытый event-сценарий
1919	Event-tech	Сервисы и инструменты	сервисы для мероприятий	commercial	near	Коммерческая event-tech семантика
1920	Event-tech	Сервисы и инструменты	онлайн сервисы для мероприятий	commercial	near	Коммерческая event-tech семантика
1921	Event-tech	Сервисы и инструменты	digital инструменты для мероприятий	commercial	near	Коммерческая event-tech семантика
1922	Event-tech	Сервисы и инструменты	интерактивные сервисы для мероприятий	commercial	near	Коммерческая event-tech семантика
1923	Event-tech	Сервисы и инструменты	технологии для мероприятий	commercial	near	Коммерческая event-tech семантика
1924	Event-tech	Сервисы и инструменты	event tech сервисы	commercial	near	Коммерческая event-tech семантика
1925	Event-tech	Сервисы и инструменты	event интерактив сервис	commercial	near	Коммерческая event-tech семантика
1926	Event-tech	Сервисы и инструменты	платформа для мероприятий	commercial	near	Коммерческая event-tech семантика
1927	Event-tech	Сервисы и инструменты	приложение для мероприятий	commercial	near	Коммерческая event-tech семантика
1928	Event-tech	Сервисы и инструменты	сайт для мероприятия	commercial	near	Коммерческая event-tech семантика
1929	Event-tech	Сервисы и инструменты	сервис для гостей мероприятия	commercial	near	Коммерческая event-tech семантика
1930	Event-tech	Сервисы и инструменты	сервисы для event агентства	commercial	near	Коммерческая event-tech семантика
1931	Event-tech	Сервисы и инструменты	digital решения для event	commercial	near	Коммерческая event-tech семантика
1932	Event-tech	Сервисы и инструменты	интерактивы для мероприятий онлайн	commercial	near	Коммерческая event-tech семантика
1933	Event-tech	Сервисы и инструменты	онлайн интерактив для гостей	commercial	near	Коммерческая event-tech семантика
1934	Event-tech	Сервисы и инструменты	интерактивная платформа для гостей	commercial	near	Коммерческая event-tech семантика
1935	Event-tech	Сервисы и инструменты	сервис вовлечения гостей	commercial	near	Коммерческая event-tech семантика
1936	Event-tech	Сервисы и инструменты	сервис для вовлечения участников	commercial	near	Коммерческая event-tech семантика
1937	Event-tech	Сервисы и инструменты	сервис для экрана мероприятия	commercial	near	Коммерческая event-tech семантика
1938	Event-tech	Сервисы и инструменты	сервис для led экрана мероприятия	commercial	near	Коммерческая event-tech семантика
1939	Event-tech	Сервисы и инструменты	сервис фотоленты на мероприятие	commercial	near	Коммерческая event-tech семантика
1940	Event-tech	Сервисы и инструменты	сервис photo wall	commercial	near	Коммерческая event-tech семантика
1941	Event-tech	Сервисы и инструменты	социальная стена сервис	commercial	near	Коммерческая event-tech семантика
1942	Event-tech	Сервисы и инструменты	фотостена онлайн сервис	commercial	near	Коммерческая event-tech семантика
1943	Event-tech	Сервисы и инструменты	онлайн фотогалерея мероприятия	commercial	near	Коммерческая event-tech семантика
1944	Event-tech	Сервисы и инструменты	сервис онлайн галереи	commercial	near	Коммерческая event-tech семантика
1945	Event-tech	Сервисы и инструменты	платформа для фото мероприятия	commercial	near	Коммерческая event-tech семантика
1946	Event-tech	Сервисы и инструменты	программа для сбора фото	commercial	near	Коммерческая event-tech семантика
1947	Event-tech	Сервисы и инструменты	программа для показа фото на экране	commercial	near	Коммерческая event-tech семантика
1948	Event-tech	Сервисы и инструменты	сервис загрузки фото по qr	commercial	near	Коммерческая event-tech семантика
1949	Event-tech	Сервисы и инструменты	сервис qr активностей	commercial	near	Коммерческая event-tech семантика
1950	Event-tech	Сервисы и инструменты	инструмент qr для мероприятия	commercial	near	Коммерческая event-tech семантика
1951	Event-tech	Сервисы и инструменты	купить сервис для сбора фото	commercial	near	Коммерческая event-tech семантика
1952	Event-tech	Сервисы и инструменты	заказать qr альбом	commercial	near	Коммерческая event-tech семантика
1953	Event-tech	Сервисы и инструменты	заказать фотостену онлайн	commercial	near	Коммерческая event-tech семантика
1954	Event-tech	Сервисы и инструменты	заказать интерактив на свадьбу	commercial	near	Коммерческая event-tech семантика
1955	Event-tech	Сервисы и инструменты	заказать интерактив на мероприятие	commercial	near	Коммерческая event-tech семантика
1956	Event-tech	Сервисы и инструменты	платформа для свадебных гостей	commercial	near	Коммерческая event-tech семантика
1957	Event-tech	Сервисы и инструменты	сервис для свадебного вечера	commercial	near	Коммерческая event-tech семантика
1958	Event-tech	Сервисы и инструменты	приложение для свадебного мероприятия	commercial	near	Коммерческая event-tech семантика
1959	Event-tech	Сервисы и инструменты	свадебный онлайн сервис	commercial	near	Коммерческая event-tech семантика
1960	Event-tech	Сервисы и инструменты	сервис для корпоративных мероприятий	commercial	near	Коммерческая event-tech семантика
1961	Event-tech	Сервисы и инструменты	интерактивный сервис для корпоратива	commercial	near	Коммерческая event-tech семантика
1962	Event-tech	Сервисы и инструменты	платформа для конференции участников	commercial	near	Коммерческая event-tech семантика
1963	Event-tech	Сервисы и инструменты	сервис вовлечения участников конференции	commercial	near	Коммерческая event-tech семантика
1964	Коммерческие запросы	Покупка и выбор	купить сервис сбора фото	commercial	direct	Коммерческий оттенок
1965	Коммерческие запросы	Свадьба	купить сервис сбора фото на свадьбу	commercial	near	Коммерческий свадебный оттенок
1966	Коммерческие запросы	Мероприятие	купить сервис сбора фото на мероприятие	commercial	near	Коммерческий event-оттенок
1967	Коммерческие запросы	Покупка и выбор	купить qr альбом	commercial	direct	Коммерческий оттенок
1968	Коммерческие запросы	Свадьба	купить qr альбом на свадьбу	commercial	near	Коммерческий свадебный оттенок
1969	Коммерческие запросы	Мероприятие	купить qr альбом на мероприятие	commercial	near	Коммерческий event-оттенок
1970	Коммерческие запросы	Покупка и выбор	купить фотостену онлайн	commercial	near	Коммерческий оттенок
1971	Коммерческие запросы	Свадьба	купить фотостену онлайн на свадьбу	commercial	near	Коммерческий свадебный оттенок
1972	Коммерческие запросы	Мероприятие	купить фотостену онлайн на мероприятие	commercial	near	Коммерческий event-оттенок
1973	Коммерческие запросы	Покупка и выбор	купить сервис фото на экран	commercial	direct	Коммерческий оттенок
1974	Коммерческие запросы	Свадьба	купить сервис фото на экран на свадьбу	commercial	near	Коммерческий свадебный оттенок
1975	Коммерческие запросы	Мероприятие	купить сервис фото на экран на мероприятие	commercial	near	Коммерческий event-оттенок
1976	Коммерческие запросы	Покупка и выбор	купить интерактив для гостей	commercial	near	Коммерческий оттенок
1977	Коммерческие запросы	Свадьба	купить интерактив для гостей на свадьбу	commercial	near	Коммерческий свадебный оттенок
1978	Коммерческие запросы	Мероприятие	купить интерактив для гостей на мероприятие	commercial	near	Коммерческий event-оттенок
1979	Коммерческие запросы	Покупка и выбор	купить онлайн галерею мероприятия	commercial	near	Коммерческий оттенок
1980	Коммерческие запросы	Свадьба	купить онлайн галерею мероприятия на свадьбу	commercial	near	Коммерческий свадебный оттенок
1981	Коммерческие запросы	Мероприятие	купить онлайн галерею мероприятия на мероприятие	commercial	near	Коммерческий event-оттенок
1982	Коммерческие запросы	Покупка и выбор	купить сервис для фото гостей	commercial	near	Коммерческий оттенок
1983	Коммерческие запросы	Свадьба	купить сервис для фото гостей на свадьбу	commercial	near	Коммерческий свадебный оттенок
1984	Коммерческие запросы	Мероприятие	купить сервис для фото гостей на мероприятие	commercial	near	Коммерческий event-оттенок
1985	Коммерческие запросы	Покупка и выбор	купить платформу для мероприятия	commercial	near	Коммерческий оттенок
1986	Коммерческие запросы	Свадьба	купить платформу для мероприятия на свадьбу	commercial	near	Коммерческий свадебный оттенок
1987	Коммерческие запросы	Мероприятие	купить платформу для мероприятия на мероприятие	commercial	near	Коммерческий event-оттенок
1988	Коммерческие запросы	Покупка и выбор	купить сервис qr активностей	commercial	near	Коммерческий оттенок
1989	Коммерческие запросы	Свадьба	купить сервис qr активностей на свадьбу	commercial	near	Коммерческий свадебный оттенок
1990	Коммерческие запросы	Мероприятие	купить сервис qr активностей на мероприятие	commercial	near	Коммерческий event-оттенок
1991	Коммерческие запросы	Покупка и выбор	заказать сервис сбора фото	commercial	direct	Коммерческий оттенок
1992	Коммерческие запросы	Свадьба	заказать сервис сбора фото на свадьбу	commercial	near	Коммерческий свадебный оттенок
1993	Коммерческие запросы	Мероприятие	заказать сервис сбора фото на мероприятие	commercial	near	Коммерческий event-оттенок
1994	Коммерческие запросы	Свадьба	заказать qr альбом на свадьбу	commercial	near	Коммерческий свадебный оттенок
1995	Коммерческие запросы	Мероприятие	заказать qr альбом на мероприятие	commercial	near	Коммерческий event-оттенок
1996	Коммерческие запросы	Свадьба	заказать фотостену онлайн на свадьбу	commercial	near	Коммерческий свадебный оттенок
1997	Коммерческие запросы	Мероприятие	заказать фотостену онлайн на мероприятие	commercial	near	Коммерческий event-оттенок
1998	Коммерческие запросы	Покупка и выбор	заказать сервис фото на экран	commercial	direct	Коммерческий оттенок
1999	Коммерческие запросы	Свадьба	заказать сервис фото на экран на свадьбу	commercial	near	Коммерческий свадебный оттенок
2000	Коммерческие запросы	Мероприятие	заказать сервис фото на экран на мероприятие	commercial	near	Коммерческий event-оттенок
2001	Коммерческие запросы	Покупка и выбор	заказать интерактив для гостей	commercial	near	Коммерческий оттенок
2002	Коммерческие запросы	Свадьба	заказать интерактив для гостей на свадьбу	commercial	near	Коммерческий свадебный оттенок
2003	Коммерческие запросы	Мероприятие	заказать интерактив для гостей на мероприятие	commercial	near	Коммерческий event-оттенок
2004	Коммерческие запросы	Покупка и выбор	заказать онлайн галерею мероприятия	commercial	near	Коммерческий оттенок
2005	Коммерческие запросы	Свадьба	заказать онлайн галерею мероприятия на свадьбу	commercial	near	Коммерческий свадебный оттенок
2006	Коммерческие запросы	Мероприятие	заказать онлайн галерею мероприятия на мероприятие	commercial	near	Коммерческий event-оттенок
2007	Коммерческие запросы	Покупка и выбор	заказать сервис для фото гостей	commercial	near	Коммерческий оттенок
2008	Коммерческие запросы	Свадьба	заказать сервис для фото гостей на свадьбу	commercial	near	Коммерческий свадебный оттенок
2009	Коммерческие запросы	Мероприятие	заказать сервис для фото гостей на мероприятие	commercial	near	Коммерческий event-оттенок
2010	Коммерческие запросы	Покупка и выбор	заказать платформу для мероприятия	commercial	near	Коммерческий оттенок
2011	Коммерческие запросы	Свадьба	заказать платформу для мероприятия на свадьбу	commercial	near	Коммерческий свадебный оттенок
2012	Коммерческие запросы	Мероприятие	заказать платформу для мероприятия на мероприятие	commercial	near	Коммерческий event-оттенок
2013	Коммерческие запросы	Покупка и выбор	заказать сервис qr активностей	commercial	near	Коммерческий оттенок
2014	Коммерческие запросы	Свадьба	заказать сервис qr активностей на свадьбу	commercial	near	Коммерческий свадебный оттенок
2015	Коммерческие запросы	Мероприятие	заказать сервис qr активностей на мероприятие	commercial	near	Коммерческий event-оттенок
2016	Коммерческие запросы	Покупка и выбор	подключить сервис сбора фото	commercial	direct	Коммерческий оттенок
2017	Коммерческие запросы	Свадьба	подключить сервис сбора фото на свадьбу	commercial	near	Коммерческий свадебный оттенок
2018	Коммерческие запросы	Мероприятие	подключить сервис сбора фото на мероприятие	commercial	near	Коммерческий event-оттенок
2019	Коммерческие запросы	Покупка и выбор	подключить qr альбом	commercial	direct	Коммерческий оттенок
2020	Коммерческие запросы	Свадьба	подключить qr альбом на свадьбу	commercial	near	Коммерческий свадебный оттенок
2021	Коммерческие запросы	Мероприятие	подключить qr альбом на мероприятие	commercial	near	Коммерческий event-оттенок
2022	Коммерческие запросы	Покупка и выбор	подключить фотостену онлайн	commercial	near	Коммерческий оттенок
2023	Коммерческие запросы	Свадьба	подключить фотостену онлайн на свадьбу	commercial	near	Коммерческий свадебный оттенок
2024	Коммерческие запросы	Мероприятие	подключить фотостену онлайн на мероприятие	commercial	near	Коммерческий event-оттенок
2025	Коммерческие запросы	Покупка и выбор	подключить сервис фото на экран	commercial	direct	Коммерческий оттенок
2026	Коммерческие запросы	Свадьба	подключить сервис фото на экран на свадьбу	commercial	near	Коммерческий свадебный оттенок
2027	Коммерческие запросы	Мероприятие	подключить сервис фото на экран на мероприятие	commercial	near	Коммерческий event-оттенок
2028	Коммерческие запросы	Покупка и выбор	подключить интерактив для гостей	commercial	near	Коммерческий оттенок
2029	Коммерческие запросы	Свадьба	подключить интерактив для гостей на свадьбу	commercial	near	Коммерческий свадебный оттенок
2030	Коммерческие запросы	Мероприятие	подключить интерактив для гостей на мероприятие	commercial	near	Коммерческий event-оттенок
2031	Коммерческие запросы	Покупка и выбор	подключить онлайн галерею мероприятия	commercial	near	Коммерческий оттенок
2032	Коммерческие запросы	Свадьба	подключить онлайн галерею мероприятия на свадьбу	commercial	near	Коммерческий свадебный оттенок
2033	Коммерческие запросы	Мероприятие	подключить онлайн галерею мероприятия на мероприятие	commercial	near	Коммерческий event-оттенок
2034	Коммерческие запросы	Покупка и выбор	подключить сервис для фото гостей	commercial	near	Коммерческий оттенок
2035	Коммерческие запросы	Свадьба	подключить сервис для фото гостей на свадьбу	commercial	near	Коммерческий свадебный оттенок
2036	Коммерческие запросы	Мероприятие	подключить сервис для фото гостей на мероприятие	commercial	near	Коммерческий event-оттенок
2037	Коммерческие запросы	Покупка и выбор	подключить платформу для мероприятия	commercial	near	Коммерческий оттенок
2038	Коммерческие запросы	Свадьба	подключить платформу для мероприятия на свадьбу	commercial	near	Коммерческий свадебный оттенок
2039	Коммерческие запросы	Мероприятие	подключить платформу для мероприятия на мероприятие	commercial	near	Коммерческий event-оттенок
2040	Коммерческие запросы	Покупка и выбор	подключить сервис qr активностей	commercial	near	Коммерческий оттенок
2041	Коммерческие запросы	Свадьба	подключить сервис qr активностей на свадьбу	commercial	near	Коммерческий свадебный оттенок
2042	Коммерческие запросы	Мероприятие	подключить сервис qr активностей на мероприятие	commercial	near	Коммерческий event-оттенок
2043	Коммерческие запросы	Покупка и выбор	найти сервис сбора фото	commercial	direct	Коммерческий оттенок
2044	Коммерческие запросы	Свадьба	найти сервис сбора фото на свадьбу	commercial	near	Коммерческий свадебный оттенок
2045	Коммерческие запросы	Мероприятие	найти сервис сбора фото на мероприятие	commercial	near	Коммерческий event-оттенок
2046	Коммерческие запросы	Покупка и выбор	найти qr альбом	commercial	direct	Коммерческий оттенок
2047	Коммерческие запросы	Свадьба	найти qr альбом на свадьбу	commercial	near	Коммерческий свадебный оттенок
2048	Коммерческие запросы	Мероприятие	найти qr альбом на мероприятие	commercial	near	Коммерческий event-оттенок
2049	Коммерческие запросы	Покупка и выбор	найти фотостену онлайн	commercial	near	Коммерческий оттенок
2050	Коммерческие запросы	Свадьба	найти фотостену онлайн на свадьбу	commercial	near	Коммерческий свадебный оттенок
2051	Коммерческие запросы	Мероприятие	найти фотостену онлайн на мероприятие	commercial	near	Коммерческий event-оттенок
2052	Коммерческие запросы	Покупка и выбор	найти сервис фото на экран	commercial	direct	Коммерческий оттенок
2053	Коммерческие запросы	Свадьба	найти сервис фото на экран на свадьбу	commercial	near	Коммерческий свадебный оттенок
2054	Коммерческие запросы	Мероприятие	найти сервис фото на экран на мероприятие	commercial	near	Коммерческий event-оттенок
2055	Коммерческие запросы	Покупка и выбор	найти интерактив для гостей	commercial	near	Коммерческий оттенок
2056	Коммерческие запросы	Свадьба	найти интерактив для гостей на свадьбу	commercial	near	Коммерческий свадебный оттенок
2057	Коммерческие запросы	Мероприятие	найти интерактив для гостей на мероприятие	commercial	near	Коммерческий event-оттенок
2058	Коммерческие запросы	Покупка и выбор	найти онлайн галерею мероприятия	commercial	near	Коммерческий оттенок
2059	Коммерческие запросы	Свадьба	найти онлайн галерею мероприятия на свадьбу	commercial	near	Коммерческий свадебный оттенок
2060	Коммерческие запросы	Мероприятие	найти онлайн галерею мероприятия на мероприятие	commercial	near	Коммерческий event-оттенок
2061	Коммерческие запросы	Покупка и выбор	найти сервис для фото гостей	commercial	near	Коммерческий оттенок
2062	Коммерческие запросы	Свадьба	найти сервис для фото гостей на свадьбу	commercial	near	Коммерческий свадебный оттенок
2063	Коммерческие запросы	Мероприятие	найти сервис для фото гостей на мероприятие	commercial	near	Коммерческий event-оттенок
2064	Коммерческие запросы	Покупка и выбор	найти платформу для мероприятия	commercial	near	Коммерческий оттенок
2065	Коммерческие запросы	Свадьба	найти платформу для мероприятия на свадьбу	commercial	near	Коммерческий свадебный оттенок
2066	Коммерческие запросы	Мероприятие	найти платформу для мероприятия на мероприятие	commercial	near	Коммерческий event-оттенок
2067	Коммерческие запросы	Покупка и выбор	найти сервис qr активностей	commercial	near	Коммерческий оттенок
2068	Коммерческие запросы	Свадьба	найти сервис qr активностей на свадьбу	commercial	near	Коммерческий свадебный оттенок
2069	Коммерческие запросы	Мероприятие	найти сервис qr активностей на мероприятие	commercial	near	Коммерческий event-оттенок
2070	Коммерческие запросы	Покупка и выбор	выбрать сервис сбора фото	commercial	direct	Коммерческий оттенок
2071	Коммерческие запросы	Свадьба	выбрать сервис сбора фото на свадьбу	commercial	near	Коммерческий свадебный оттенок
2072	Коммерческие запросы	Мероприятие	выбрать сервис сбора фото на мероприятие	commercial	near	Коммерческий event-оттенок
2073	Коммерческие запросы	Покупка и выбор	выбрать qr альбом	commercial	direct	Коммерческий оттенок
2074	Коммерческие запросы	Свадьба	выбрать qr альбом на свадьбу	commercial	near	Коммерческий свадебный оттенок
2075	Коммерческие запросы	Мероприятие	выбрать qr альбом на мероприятие	commercial	near	Коммерческий event-оттенок
2076	Коммерческие запросы	Покупка и выбор	выбрать фотостену онлайн	commercial	near	Коммерческий оттенок
2077	Коммерческие запросы	Свадьба	выбрать фотостену онлайн на свадьбу	commercial	near	Коммерческий свадебный оттенок
2078	Коммерческие запросы	Мероприятие	выбрать фотостену онлайн на мероприятие	commercial	near	Коммерческий event-оттенок
2079	Коммерческие запросы	Покупка и выбор	выбрать сервис фото на экран	commercial	direct	Коммерческий оттенок
2080	Коммерческие запросы	Свадьба	выбрать сервис фото на экран на свадьбу	commercial	near	Коммерческий свадебный оттенок
2081	Коммерческие запросы	Мероприятие	выбрать сервис фото на экран на мероприятие	commercial	near	Коммерческий event-оттенок
2082	Коммерческие запросы	Покупка и выбор	выбрать интерактив для гостей	commercial	near	Коммерческий оттенок
2083	Коммерческие запросы	Свадьба	выбрать интерактив для гостей на свадьбу	commercial	near	Коммерческий свадебный оттенок
2084	Коммерческие запросы	Мероприятие	выбрать интерактив для гостей на мероприятие	commercial	near	Коммерческий event-оттенок
2085	Коммерческие запросы	Покупка и выбор	выбрать онлайн галерею мероприятия	commercial	near	Коммерческий оттенок
2086	Коммерческие запросы	Свадьба	выбрать онлайн галерею мероприятия на свадьбу	commercial	near	Коммерческий свадебный оттенок
2087	Коммерческие запросы	Мероприятие	выбрать онлайн галерею мероприятия на мероприятие	commercial	near	Коммерческий event-оттенок
2088	Коммерческие запросы	Покупка и выбор	выбрать сервис для фото гостей	commercial	near	Коммерческий оттенок
2089	Коммерческие запросы	Свадьба	выбрать сервис для фото гостей на свадьбу	commercial	near	Коммерческий свадебный оттенок
2090	Коммерческие запросы	Мероприятие	выбрать сервис для фото гостей на мероприятие	commercial	near	Коммерческий event-оттенок
2091	Коммерческие запросы	Покупка и выбор	выбрать платформу для мероприятия	commercial	near	Коммерческий оттенок
2092	Коммерческие запросы	Свадьба	выбрать платформу для мероприятия на свадьбу	commercial	near	Коммерческий свадебный оттенок
2093	Коммерческие запросы	Мероприятие	выбрать платформу для мероприятия на мероприятие	commercial	near	Коммерческий event-оттенок
2094	Коммерческие запросы	Покупка и выбор	выбрать сервис qr активностей	commercial	near	Коммерческий оттенок
2095	Коммерческие запросы	Свадьба	выбрать сервис qr активностей на свадьбу	commercial	near	Коммерческий свадебный оттенок
2096	Коммерческие запросы	Мероприятие	выбрать сервис qr активностей на мероприятие	commercial	near	Коммерческий event-оттенок
2097	Коммерческие запросы	Покупка и выбор	сравнить сервис сбора фото	commercial	direct	Коммерческий оттенок
2098	Коммерческие запросы	Свадьба	сравнить сервис сбора фото на свадьбу	commercial	near	Коммерческий свадебный оттенок
2099	Коммерческие запросы	Мероприятие	сравнить сервис сбора фото на мероприятие	commercial	near	Коммерческий event-оттенок
2100	Коммерческие запросы	Покупка и выбор	сравнить qr альбом	commercial	direct	Коммерческий оттенок
2101	Коммерческие запросы	Свадьба	сравнить qr альбом на свадьбу	commercial	near	Коммерческий свадебный оттенок
2102	Коммерческие запросы	Мероприятие	сравнить qr альбом на мероприятие	commercial	near	Коммерческий event-оттенок
2103	Коммерческие запросы	Покупка и выбор	сравнить фотостену онлайн	commercial	near	Коммерческий оттенок
2104	Коммерческие запросы	Свадьба	сравнить фотостену онлайн на свадьбу	commercial	near	Коммерческий свадебный оттенок
2105	Коммерческие запросы	Мероприятие	сравнить фотостену онлайн на мероприятие	commercial	near	Коммерческий event-оттенок
2106	Коммерческие запросы	Покупка и выбор	сравнить сервис фото на экран	commercial	direct	Коммерческий оттенок
2107	Коммерческие запросы	Свадьба	сравнить сервис фото на экран на свадьбу	commercial	near	Коммерческий свадебный оттенок
2108	Коммерческие запросы	Мероприятие	сравнить сервис фото на экран на мероприятие	commercial	near	Коммерческий event-оттенок
2109	Коммерческие запросы	Покупка и выбор	сравнить интерактив для гостей	commercial	near	Коммерческий оттенок
2110	Коммерческие запросы	Свадьба	сравнить интерактив для гостей на свадьбу	commercial	near	Коммерческий свадебный оттенок
2111	Коммерческие запросы	Мероприятие	сравнить интерактив для гостей на мероприятие	commercial	near	Коммерческий event-оттенок
2112	Коммерческие запросы	Покупка и выбор	сравнить онлайн галерею мероприятия	commercial	near	Коммерческий оттенок
2113	Коммерческие запросы	Свадьба	сравнить онлайн галерею мероприятия на свадьбу	commercial	near	Коммерческий свадебный оттенок
2114	Коммерческие запросы	Мероприятие	сравнить онлайн галерею мероприятия на мероприятие	commercial	near	Коммерческий event-оттенок
2115	Коммерческие запросы	Покупка и выбор	сравнить сервис для фото гостей	commercial	near	Коммерческий оттенок
2116	Коммерческие запросы	Свадьба	сравнить сервис для фото гостей на свадьбу	commercial	near	Коммерческий свадебный оттенок
2117	Коммерческие запросы	Мероприятие	сравнить сервис для фото гостей на мероприятие	commercial	near	Коммерческий event-оттенок
2118	Коммерческие запросы	Покупка и выбор	сравнить платформу для мероприятия	commercial	near	Коммерческий оттенок
2119	Коммерческие запросы	Свадьба	сравнить платформу для мероприятия на свадьбу	commercial	near	Коммерческий свадебный оттенок
2120	Коммерческие запросы	Мероприятие	сравнить платформу для мероприятия на мероприятие	commercial	near	Коммерческий event-оттенок
2121	Коммерческие запросы	Покупка и выбор	сравнить сервис qr активностей	commercial	near	Коммерческий оттенок
2122	Коммерческие запросы	Свадьба	сравнить сервис qr активностей на свадьбу	commercial	near	Коммерческий свадебный оттенок
2123	Коммерческие запросы	Мероприятие	сравнить сервис qr активностей на мероприятие	commercial	near	Коммерческий event-оттенок
2124	Эмоциональные / lifestyle	Атмосфера и память	как создать атмосферу на свадьбе	informational	broad	Эмоциональный верх воронки
2125	Эмоциональные / lifestyle	Атмосфера и память	как сделать свадьбу душевной	informational	broad	Эмоциональный верх воронки
2126	Эмоциональные / lifestyle	Атмосфера и память	как сделать праздник живым	informational	broad	Эмоциональный верх воронки
2127	Эмоциональные / lifestyle	Атмосфера и память	как сделать праздник запоминающимся	informational	broad	Эмоциональный верх воронки
2128	Эмоциональные / lifestyle	Атмосфера и память	как удивить гостей на празднике	informational	broad	Эмоциональный верх воронки
2129	Эмоциональные / lifestyle	Атмосфера и память	как вовлечь гостей в праздник	informational	broad	Эмоциональный верх воронки
2130	Эмоциональные / lifestyle	Атмосфера и память	как сохранить воспоминания о празднике	informational	broad	Эмоциональный верх воронки
2131	Эмоциональные / lifestyle	Атмосфера и память	как сохранить моменты свадьбы	informational	broad	Эмоциональный верх воронки
2132	Эмоциональные / lifestyle	Атмосфера и память	как собрать эмоции гостей на свадьбе	informational	broad	Эмоциональный верх воронки
2133	Эмоциональные / lifestyle	Атмосфера и память	как сделать больше живых фото на свадьбе	informational	broad	Эмоциональный верх воронки
2134	Эмоциональные / lifestyle	Атмосфера и память	как получить фото от гостей без просьб	informational	broad	Эмоциональный верх воронки
2135	Эмоциональные / lifestyle	Атмосфера и память	как сделать чтобы гости участвовали	informational	broad	Эмоциональный верх воронки
2136	Эмоциональные / lifestyle	Атмосфера и память	как сделать гостей частью свадьбы	informational	broad	Эмоциональный верх воронки
2137	Эмоциональные / lifestyle	Атмосфера и память	как создать общее воспоминание на свадьбе	informational	broad	Эмоциональный верх воронки
2138	Эмоциональные / lifestyle	Атмосфера и память	как сделать свадьбу про гостей	informational	broad	Эмоциональный верх воронки
2139	Эмоциональные / lifestyle	Атмосфера и память	как сделать праздник интерактивным	informational	broad	Эмоциональный верх воронки
2140	Эмоциональные / lifestyle	Атмосфера и память	как добавить эмоций в мероприятие	informational	broad	Эмоциональный верх воронки
2141	Эмоциональные / lifestyle	Атмосфера и память	как сделать корпоратив запоминающимся	informational	broad	Эмоциональный верх воронки
2142	Эмоциональные / lifestyle	Атмосфера и память	как сделать юбилей душевным	informational	broad	Эмоциональный верх воронки
2143	Эмоциональные / lifestyle	Атмосфера и память	как сделать день рождения необычным	informational	broad	Эмоциональный верх воронки
2144	Эмоциональные / lifestyle	Атмосфера и память	как сделать выпускной современным	informational	broad	Эмоциональный верх воронки
2145	Эмоциональные / lifestyle	Атмосфера и память	как удивить участников конференции	informational	broad	Эмоциональный верх воронки
2146	Эмоциональные / lifestyle	Атмосфера и память	как оживить мероприятие	informational	broad	Эмоциональный верх воронки
2147	Эмоциональные / lifestyle	Атмосфера и память	как добавить вау эффект на свадьбу	informational	broad	Эмоциональный верх воронки
2148	Эмоциональные / lifestyle	Атмосфера и память	вау эффект на свадьбе идеи	informational	broad	Эмоциональный верх воронки
2149	Эмоциональные / lifestyle	Атмосфера и память	вау эффект на мероприятии	informational	broad	Эмоциональный верх воронки
2150	Эмоциональные / lifestyle	Атмосфера и память	фишка которая понравится гостям	informational	broad	Эмоциональный верх воронки
2151	Эмоциональные / lifestyle	Атмосфера и память	что запомнится гостям на свадьбе	informational	broad	Эмоциональный верх воронки
2152	Эмоциональные / lifestyle	Атмосфера и память	что гости запомнят после свадьбы	informational	broad	Эмоциональный верх воронки
2153	Эмоциональные / lifestyle	Атмосфера и память	как собрать лучшие моменты праздника	informational	broad	Эмоциональный верх воронки
2154	Эмоциональные / lifestyle	Атмосфера и память	как показать моменты праздника на экране	informational	broad	Эмоциональный верх воронки
2155	Эмоциональные / lifestyle	Атмосфера и память	как сделать фото частью праздника	informational	broad	Эмоциональный верх воронки
2156	Эмоциональные / lifestyle	Атмосфера и память	как сделать общую историю праздника	informational	broad	Эмоциональный верх воронки
2157	Эмоциональные / lifestyle	Атмосфера и память	как сохранить фотографии гостей	informational	broad	Эмоциональный верх воронки
2158	Эмоциональные / lifestyle	Атмосфера и память	как увидеть праздник глазами гостей	informational	broad	Эмоциональный верх воронки
2159	Эмоциональные / lifestyle	Атмосфера и память	как сделать альбом глазами гостей	informational	broad	Эмоциональный верх воронки
2160	Эмоциональные / lifestyle	Атмосфера и память	воспоминания глазами гостей свадьба	informational	broad	Эмоциональный верх воронки
2161	Эмоциональные / lifestyle	Атмосфера и память	эмоции гостей на экране	informational	broad	Эмоциональный верх воронки
2162	Эмоциональные / lifestyle	Атмосфера и память	моменты гостей на экране	informational	broad	Эмоциональный верх воронки
2163	Эмоциональные / lifestyle	Атмосфера и память	живые моменты на свадьбе	informational	broad	Эмоциональный верх воронки
2164	Эмоциональные / lifestyle	По типам событий	как сделать праздник живым на свадьбе	wedding	near	Свадебный основной сценарий
2165	Эмоциональные / lifestyle	По типам событий	как сохранить воспоминания на свадьбе	wedding	near	Свадебный основной сценарий
2166	Эмоциональные / lifestyle	По типам событий	как сделать мероприятие современным на свадьбе	wedding	near	Свадебный основной сценарий
2167	Эмоциональные / lifestyle	По типам событий	как сделать событие интерактивным на свадьбе	wedding	near	Свадебный основной сценарий
2168	Эмоциональные / lifestyle	По типам событий	как добавить вау эффект на свадьбе	wedding	near	Свадебный основной сценарий
2169	Эмоциональные / lifestyle	По типам событий	как сделать праздник не скучным на свадьбе	wedding	near	Свадебный основной сценарий
2170	Эмоциональные / lifestyle	По типам событий	как удивить гостей на мероприятии	event	near	Универсальный event-сценарий
2171	Эмоциональные / lifestyle	По типам событий	как вовлечь гостей на мероприятии	event	near	Универсальный event-сценарий
2172	Эмоциональные / lifestyle	По типам событий	как сделать праздник живым на мероприятии	event	near	Универсальный event-сценарий
2173	Эмоциональные / lifestyle	По типам событий	как сохранить воспоминания на мероприятии	event	near	Универсальный event-сценарий
2174	Эмоциональные / lifestyle	По типам событий	как собрать эмоции гостей на мероприятии	event	near	Универсальный event-сценарий
2175	Эмоциональные / lifestyle	По типам событий	как сделать мероприятие современным на мероприятии	event	near	Универсальный event-сценарий
2176	Эмоциональные / lifestyle	По типам событий	как сделать событие интерактивным на мероприятии	event	near	Универсальный event-сценарий
2177	Эмоциональные / lifestyle	По типам событий	как добавить вау эффект на мероприятии	event	near	Универсальный event-сценарий
2178	Эмоциональные / lifestyle	По типам событий	как сделать праздник не скучным на мероприятии	event	near	Универсальный event-сценарий
2179	Эмоциональные / lifestyle	По типам событий	что запомнится гостям на мероприятии	event	near	Универсальный event-сценарий
2180	Эмоциональные / lifestyle	По типам событий	как удивить гостей на корпоративе	event	near	Корпоративный сценарий
2181	Эмоциональные / lifestyle	По типам событий	как сделать праздник живым на корпоративе	event	near	Корпоративный сценарий
2182	Эмоциональные / lifestyle	По типам событий	как сохранить воспоминания на корпоративе	event	near	Корпоративный сценарий
2183	Эмоциональные / lifestyle	По типам событий	как собрать эмоции гостей на корпоративе	event	near	Корпоративный сценарий
2184	Эмоциональные / lifestyle	По типам событий	как сделать мероприятие современным на корпоративе	event	near	Корпоративный сценарий
2185	Эмоциональные / lifestyle	По типам событий	как сделать событие интерактивным на корпоративе	event	near	Корпоративный сценарий
2186	Эмоциональные / lifestyle	По типам событий	как добавить вау эффект на корпоративе	event	near	Корпоративный сценарий
2187	Эмоциональные / lifestyle	По типам событий	как сделать праздник не скучным на корпоративе	event	near	Корпоративный сценарий
2188	Эмоциональные / lifestyle	По типам событий	что запомнится гостям на корпоративе	event	near	Корпоративный сценарий
2189	Эмоциональные / lifestyle	По типам событий	как удивить гостей на юбилее	event	near	Семейный праздник
2190	Эмоциональные / lifestyle	По типам событий	как сделать праздник живым на юбилее	event	near	Семейный праздник
2191	Эмоциональные / lifestyle	По типам событий	как сохранить воспоминания на юбилее	event	near	Семейный праздник
2192	Эмоциональные / lifestyle	По типам событий	как собрать эмоции гостей на юбилее	event	near	Семейный праздник
2193	Эмоциональные / lifestyle	По типам событий	как сделать мероприятие современным на юбилее	event	near	Семейный праздник
2194	Эмоциональные / lifestyle	По типам событий	как сделать событие интерактивным на юбилее	event	near	Семейный праздник
2195	Эмоциональные / lifestyle	По типам событий	как добавить вау эффект на юбилее	event	near	Семейный праздник
2196	Эмоциональные / lifestyle	По типам событий	как сделать праздник не скучным на юбилее	event	near	Семейный праздник
2197	Эмоциональные / lifestyle	По типам событий	что запомнится гостям на юбилее	event	near	Семейный праздник
2198	Эмоциональные / lifestyle	По типам событий	как удивить гостей на дне рождения	event	near	День рождения
2199	Эмоциональные / lifestyle	По типам событий	как сделать праздник живым на дне рождения	event	near	День рождения
2200	Эмоциональные / lifestyle	По типам событий	как сохранить воспоминания на дне рождения	event	near	День рождения
2201	Эмоциональные / lifestyle	По типам событий	как собрать эмоции гостей на дне рождения	event	near	День рождения
2202	Эмоциональные / lifestyle	По типам событий	как сделать мероприятие современным на дне рождения	event	near	День рождения
2203	Эмоциональные / lifestyle	По типам событий	как сделать событие интерактивным на дне рождения	event	near	День рождения
2204	Эмоциональные / lifestyle	По типам событий	как добавить вау эффект на дне рождения	event	near	День рождения
2205	Эмоциональные / lifestyle	По типам событий	как сделать праздник не скучным на дне рождения	event	near	День рождения
2206	Эмоциональные / lifestyle	По типам событий	что запомнится гостям на дне рождения	event	near	День рождения
2207	Эмоциональные / lifestyle	По типам событий	как удивить гостей на выпускном	event	near	Выпускной
2208	Эмоциональные / lifestyle	По типам событий	как сделать праздник живым на выпускном	event	near	Выпускной
2209	Эмоциональные / lifestyle	По типам событий	как сохранить воспоминания на выпускном	event	near	Выпускной
2210	Эмоциональные / lifestyle	По типам событий	как собрать эмоции гостей на выпускном	event	near	Выпускной
2211	Эмоциональные / lifestyle	По типам событий	как сделать мероприятие современным на выпускном	event	near	Выпускной
2212	Эмоциональные / lifestyle	По типам событий	как сделать событие интерактивным на выпускном	event	near	Выпускной
2213	Эмоциональные / lifestyle	По типам событий	как добавить вау эффект на выпускном	event	near	Выпускной
2214	Эмоциональные / lifestyle	По типам событий	как сделать праздник не скучным на выпускном	event	near	Выпускной
2215	Эмоциональные / lifestyle	По типам событий	что запомнится гостям на выпускном	event	near	Выпускной
2216	Эмоциональные / lifestyle	По типам событий	как удивить гостей на вечеринке	event	near	Вечеринка
2217	Эмоциональные / lifestyle	По типам событий	как сделать праздник живым на вечеринке	event	near	Вечеринка
2218	Эмоциональные / lifestyle	По типам событий	как сохранить воспоминания на вечеринке	event	near	Вечеринка
2219	Эмоциональные / lifestyle	По типам событий	как собрать эмоции гостей на вечеринке	event	near	Вечеринка
2220	Эмоциональные / lifestyle	По типам событий	как сделать мероприятие современным на вечеринке	event	near	Вечеринка
2221	Эмоциональные / lifestyle	По типам событий	как сделать событие интерактивным на вечеринке	event	near	Вечеринка
2222	Эмоциональные / lifestyle	По типам событий	как добавить вау эффект на вечеринке	event	near	Вечеринка
2223	Эмоциональные / lifestyle	По типам событий	как сделать праздник не скучным на вечеринке	event	near	Вечеринка
2224	Эмоциональные / lifestyle	По типам событий	что запомнится гостям на вечеринке	event	near	Вечеринка
2225	Эмоциональные / lifestyle	По типам событий	как удивить гостей на конференции	event	adjacent	Деловое мероприятие
2226	Эмоциональные / lifestyle	По типам событий	как вовлечь гостей на конференции	event	adjacent	Деловое мероприятие
2227	Эмоциональные / lifestyle	По типам событий	как сделать праздник живым на конференции	event	adjacent	Деловое мероприятие
2228	Эмоциональные / lifestyle	По типам событий	как сохранить воспоминания на конференции	event	adjacent	Деловое мероприятие
2229	Эмоциональные / lifestyle	По типам событий	как собрать эмоции гостей на конференции	event	adjacent	Деловое мероприятие
2230	Эмоциональные / lifestyle	По типам событий	как сделать мероприятие современным на конференции	event	adjacent	Деловое мероприятие
2231	Эмоциональные / lifestyle	По типам событий	как сделать событие интерактивным на конференции	event	adjacent	Деловое мероприятие
2232	Эмоциональные / lifestyle	По типам событий	как добавить вау эффект на конференции	event	adjacent	Деловое мероприятие
2233	Эмоциональные / lifestyle	По типам событий	как сделать праздник не скучным на конференции	event	adjacent	Деловое мероприятие
2234	Эмоциональные / lifestyle	По типам событий	что запомнится гостям на конференции	event	adjacent	Деловое мероприятие
2235	Эмоциональные / lifestyle	По типам событий	как удивить гостей на презентации	event	adjacent	Деловой event-сценарий
2236	Эмоциональные / lifestyle	По типам событий	как вовлечь гостей на презентации	event	adjacent	Деловой event-сценарий
2237	Эмоциональные / lifestyle	По типам событий	как сделать праздник живым на презентации	event	adjacent	Деловой event-сценарий
2238	Эмоциональные / lifestyle	По типам событий	как сохранить воспоминания на презентации	event	adjacent	Деловой event-сценарий
2239	Эмоциональные / lifestyle	По типам событий	как собрать эмоции гостей на презентации	event	adjacent	Деловой event-сценарий
2240	Эмоциональные / lifestyle	По типам событий	как сделать мероприятие современным на презентации	event	adjacent	Деловой event-сценарий
2241	Эмоциональные / lifestyle	По типам событий	как сделать событие интерактивным на презентации	event	adjacent	Деловой event-сценарий
2242	Эмоциональные / lifestyle	По типам событий	как добавить вау эффект на презентации	event	adjacent	Деловой event-сценарий
2243	Эмоциональные / lifestyle	По типам событий	как сделать праздник не скучным на презентации	event	adjacent	Деловой event-сценарий
2244	Эмоциональные / lifestyle	По типам событий	что запомнится гостям на презентации	event	adjacent	Деловой event-сценарий
2245	Эмоциональные / lifestyle	По типам событий	как удивить гостей на фестивале	event	adjacent	Массовое событие
2246	Эмоциональные / lifestyle	По типам событий	как вовлечь гостей на фестивале	event	adjacent	Массовое событие
2247	Эмоциональные / lifestyle	По типам событий	как сделать праздник живым на фестивале	event	adjacent	Массовое событие
2248	Эмоциональные / lifestyle	По типам событий	как сохранить воспоминания на фестивале	event	adjacent	Массовое событие
2249	Эмоциональные / lifestyle	По типам событий	как собрать эмоции гостей на фестивале	event	adjacent	Массовое событие
2250	Эмоциональные / lifestyle	По типам событий	как сделать мероприятие современным на фестивале	event	adjacent	Массовое событие
2251	Эмоциональные / lifestyle	По типам событий	как сделать событие интерактивным на фестивале	event	adjacent	Массовое событие
2252	Эмоциональные / lifestyle	По типам событий	как добавить вау эффект на фестивале	event	adjacent	Массовое событие
2253	Эмоциональные / lifestyle	По типам событий	как сделать праздник не скучным на фестивале	event	adjacent	Массовое событие
2254	Эмоциональные / lifestyle	По типам событий	что запомнится гостям на фестивале	event	adjacent	Массовое событие
2255	Прямой продукт	Действия гостей	гости могут загрузить фото по qr коду	product	direct	Поведенческие формулировки гостей
2256	Прямой продукт	Действия гостей	как гостям загрузить фото по qr коду	problem	direct	Поведенческие формулировки гостей
2257	Свадьба	Действия гостей	гости могут загрузить фото по qr коду на свадьбе	wedding	direct	Свадебная поведенческая формулировка
2258	Другие мероприятия	Действия гостей	участники могут загрузить фото по qr коду на мероприятии	event	near	Event поведенческая формулировка
2259	Прямой продукт	Действия гостей	гости могут загрузить фото по ссылке	product	direct	Поведенческие формулировки гостей
2260	Прямой продукт	Действия гостей	как гостям загрузить фото по ссылке	problem	direct	Поведенческие формулировки гостей
2261	Свадьба	Действия гостей	гости могут загрузить фото по ссылке на свадьбе	wedding	direct	Свадебная поведенческая формулировка
2262	Другие мероприятия	Действия гостей	участники могут загрузить фото по ссылке на мероприятии	event	near	Event поведенческая формулировка
2263	Прямой продукт	Действия гостей	гости могут загрузить фото без приложения	product	direct	Поведенческие формулировки гостей
2264	Прямой продукт	Действия гостей	как гостям загрузить фото без приложения	problem	direct	Поведенческие формулировки гостей
2265	Свадьба	Действия гостей	гости могут загрузить фото без приложения на свадьбе	wedding	direct	Свадебная поведенческая формулировка
2266	Другие мероприятия	Действия гостей	участники могут загрузить фото без приложения на мероприятии	event	near	Event поведенческая формулировка
2267	Прямой продукт	Действия гостей	гости могут загрузить фото с телефона	product	direct	Поведенческие формулировки гостей
2268	Прямой продукт	Действия гостей	как гостям загрузить фото с телефона	problem	direct	Поведенческие формулировки гостей
2269	Свадьба	Действия гостей	гости могут загрузить фото с телефона на свадьбе	wedding	direct	Свадебная поведенческая формулировка
2270	Другие мероприятия	Действия гостей	участники могут загрузить фото с телефона на мероприятии	event	near	Event поведенческая формулировка
2271	Прямой продукт	Действия гостей	гости могут загрузить фото через браузер	product	direct	Поведенческие формулировки гостей
2272	Прямой продукт	Действия гостей	как гостям загрузить фото через браузер	problem	direct	Поведенческие формулировки гостей
2273	Свадьба	Действия гостей	гости могут загрузить фото через браузер на свадьбе	wedding	direct	Свадебная поведенческая формулировка
2274	Другие мероприятия	Действия гостей	участники могут загрузить фото через браузер на мероприятии	event	near	Event поведенческая формулировка
2275	Прямой продукт	Действия гостей	гости могут загрузить фото без регистрации	product	direct	Поведенческие формулировки гостей
2276	Прямой продукт	Действия гостей	как гостям загрузить фото без регистрации	problem	direct	Поведенческие формулировки гостей
2277	Свадьба	Действия гостей	гости могут загрузить фото без регистрации на свадьбе	wedding	direct	Свадебная поведенческая формулировка
2278	Другие мероприятия	Действия гостей	участники могут загрузить фото без регистрации на мероприятии	event	near	Event поведенческая формулировка
2279	Прямой продукт	Действия гостей	гости могут загрузить фото в общий альбом	product	direct	Поведенческие формулировки гостей
2280	Прямой продукт	Действия гостей	как гостям загрузить фото в общий альбом	problem	direct	Поведенческие формулировки гостей
2281	Свадьба	Действия гостей	гости могут загрузить фото в общий альбом на свадьбе	wedding	direct	Свадебная поведенческая формулировка
2282	Другие мероприятия	Действия гостей	участники могут загрузить фото в общий альбом на мероприятии	event	near	Event поведенческая формулировка
2283	Прямой продукт	Действия гостей	гости могут загрузить фото в онлайн галерею	product	direct	Поведенческие формулировки гостей
2284	Прямой продукт	Действия гостей	как гостям загрузить фото в онлайн галерею	problem	direct	Поведенческие формулировки гостей
2285	Свадьба	Действия гостей	гости могут загрузить фото в онлайн галерею на свадьбе	wedding	direct	Свадебная поведенческая формулировка
2286	Другие мероприятия	Действия гостей	участники могут загрузить фото в онлайн галерею на мероприятии	event	near	Event поведенческая формулировка
2287	Прямой продукт	Действия гостей	гости могут отправить фото по qr коду	product	direct	Поведенческие формулировки гостей
2288	Прямой продукт	Действия гостей	как гостям отправить фото по qr коду	problem	direct	Поведенческие формулировки гостей
2289	Свадьба	Действия гостей	гости могут отправить фото по qr коду на свадьбе	wedding	direct	Свадебная поведенческая формулировка
2290	Другие мероприятия	Действия гостей	участники могут отправить фото по qr коду на мероприятии	event	near	Event поведенческая формулировка
2291	Прямой продукт	Действия гостей	гости могут отправить фото по ссылке	product	direct	Поведенческие формулировки гостей
2292	Прямой продукт	Действия гостей	как гостям отправить фото по ссылке	problem	direct	Поведенческие формулировки гостей
2293	Свадьба	Действия гостей	гости могут отправить фото по ссылке на свадьбе	wedding	direct	Свадебная поведенческая формулировка
2294	Другие мероприятия	Действия гостей	участники могут отправить фото по ссылке на мероприятии	event	near	Event поведенческая формулировка
2295	Прямой продукт	Действия гостей	гости могут отправить фото без приложения	product	direct	Поведенческие формулировки гостей
2296	Прямой продукт	Действия гостей	как гостям отправить фото без приложения	problem	direct	Поведенческие формулировки гостей
2297	Свадьба	Действия гостей	гости могут отправить фото без приложения на свадьбе	wedding	direct	Свадебная поведенческая формулировка
2298	Другие мероприятия	Действия гостей	участники могут отправить фото без приложения на мероприятии	event	near	Event поведенческая формулировка
2299	Прямой продукт	Действия гостей	гости могут отправить фото с телефона	product	direct	Поведенческие формулировки гостей
2300	Прямой продукт	Действия гостей	как гостям отправить фото с телефона	problem	direct	Поведенческие формулировки гостей
2301	Свадьба	Действия гостей	гости могут отправить фото с телефона на свадьбе	wedding	direct	Свадебная поведенческая формулировка
2302	Другие мероприятия	Действия гостей	участники могут отправить фото с телефона на мероприятии	event	near	Event поведенческая формулировка
2303	Прямой продукт	Действия гостей	гости могут отправить фото через браузер	product	direct	Поведенческие формулировки гостей
2304	Прямой продукт	Действия гостей	как гостям отправить фото через браузер	problem	direct	Поведенческие формулировки гостей
2305	Свадьба	Действия гостей	гости могут отправить фото через браузер на свадьбе	wedding	direct	Свадебная поведенческая формулировка
2306	Другие мероприятия	Действия гостей	участники могут отправить фото через браузер на мероприятии	event	near	Event поведенческая формулировка
2307	Прямой продукт	Действия гостей	гости могут отправить фото без регистрации	product	direct	Поведенческие формулировки гостей
2308	Прямой продукт	Действия гостей	как гостям отправить фото без регистрации	problem	direct	Поведенческие формулировки гостей
2309	Свадьба	Действия гостей	гости могут отправить фото без регистрации на свадьбе	wedding	direct	Свадебная поведенческая формулировка
2310	Другие мероприятия	Действия гостей	участники могут отправить фото без регистрации на мероприятии	event	near	Event поведенческая формулировка
2311	Прямой продукт	Действия гостей	гости могут отправить фото в общий альбом	product	direct	Поведенческие формулировки гостей
2312	Прямой продукт	Действия гостей	как гостям отправить фото в общий альбом	problem	direct	Поведенческие формулировки гостей
2313	Свадьба	Действия гостей	гости могут отправить фото в общий альбом на свадьбе	wedding	direct	Свадебная поведенческая формулировка
2314	Другие мероприятия	Действия гостей	участники могут отправить фото в общий альбом на мероприятии	event	near	Event поведенческая формулировка
2315	Прямой продукт	Действия гостей	гости могут отправить фото в онлайн галерею	product	direct	Поведенческие формулировки гостей
2316	Прямой продукт	Действия гостей	как гостям отправить фото в онлайн галерею	problem	direct	Поведенческие формулировки гостей
2317	Свадьба	Действия гостей	гости могут отправить фото в онлайн галерею на свадьбе	wedding	direct	Свадебная поведенческая формулировка
2318	Другие мероприятия	Действия гостей	участники могут отправить фото в онлайн галерею на мероприятии	event	near	Event поведенческая формулировка
2319	Прямой продукт	Действия гостей	гости могут добавить фото по qr коду	product	direct	Поведенческие формулировки гостей
2320	Прямой продукт	Действия гостей	как гостям добавить фото по qr коду	problem	direct	Поведенческие формулировки гостей
2321	Свадьба	Действия гостей	гости могут добавить фото по qr коду на свадьбе	wedding	direct	Свадебная поведенческая формулировка
2322	Другие мероприятия	Действия гостей	участники могут добавить фото по qr коду на мероприятии	event	near	Event поведенческая формулировка
2323	Прямой продукт	Действия гостей	гости могут добавить фото по ссылке	product	direct	Поведенческие формулировки гостей
2324	Прямой продукт	Действия гостей	как гостям добавить фото по ссылке	problem	direct	Поведенческие формулировки гостей
2325	Свадьба	Действия гостей	гости могут добавить фото по ссылке на свадьбе	wedding	direct	Свадебная поведенческая формулировка
2326	Другие мероприятия	Действия гостей	участники могут добавить фото по ссылке на мероприятии	event	near	Event поведенческая формулировка
2327	Прямой продукт	Действия гостей	гости могут добавить фото без приложения	product	direct	Поведенческие формулировки гостей
2328	Прямой продукт	Действия гостей	как гостям добавить фото без приложения	problem	direct	Поведенческие формулировки гостей
2329	Свадьба	Действия гостей	гости могут добавить фото без приложения на свадьбе	wedding	direct	Свадебная поведенческая формулировка
2330	Другие мероприятия	Действия гостей	участники могут добавить фото без приложения на мероприятии	event	near	Event поведенческая формулировка
2331	Прямой продукт	Действия гостей	гости могут добавить фото с телефона	product	direct	Поведенческие формулировки гостей
2332	Прямой продукт	Действия гостей	как гостям добавить фото с телефона	problem	direct	Поведенческие формулировки гостей
2333	Свадьба	Действия гостей	гости могут добавить фото с телефона на свадьбе	wedding	direct	Свадебная поведенческая формулировка
2334	Другие мероприятия	Действия гостей	участники могут добавить фото с телефона на мероприятии	event	near	Event поведенческая формулировка
2335	Прямой продукт	Действия гостей	гости могут добавить фото через браузер	product	direct	Поведенческие формулировки гостей
2336	Прямой продукт	Действия гостей	как гостям добавить фото через браузер	problem	direct	Поведенческие формулировки гостей
2337	Свадьба	Действия гостей	гости могут добавить фото через браузер на свадьбе	wedding	direct	Свадебная поведенческая формулировка
2338	Другие мероприятия	Действия гостей	участники могут добавить фото через браузер на мероприятии	event	near	Event поведенческая формулировка
2339	Прямой продукт	Действия гостей	гости могут добавить фото без регистрации	product	direct	Поведенческие формулировки гостей
2340	Прямой продукт	Действия гостей	как гостям добавить фото без регистрации	problem	direct	Поведенческие формулировки гостей
2341	Свадьба	Действия гостей	гости могут добавить фото без регистрации на свадьбе	wedding	direct	Свадебная поведенческая формулировка
2342	Другие мероприятия	Действия гостей	участники могут добавить фото без регистрации на мероприятии	event	near	Event поведенческая формулировка
2343	Прямой продукт	Действия гостей	гости могут добавить фото в общий альбом	product	direct	Поведенческие формулировки гостей
2344	Прямой продукт	Действия гостей	как гостям добавить фото в общий альбом	problem	direct	Поведенческие формулировки гостей
2345	Свадьба	Действия гостей	гости могут добавить фото в общий альбом на свадьбе	wedding	direct	Свадебная поведенческая формулировка
2346	Другие мероприятия	Действия гостей	участники могут добавить фото в общий альбом на мероприятии	event	near	Event поведенческая формулировка
2347	Прямой продукт	Действия гостей	гости могут добавить фото в онлайн галерею	product	direct	Поведенческие формулировки гостей
2348	Прямой продукт	Действия гостей	как гостям добавить фото в онлайн галерею	problem	direct	Поведенческие формулировки гостей
2349	Свадьба	Действия гостей	гости могут добавить фото в онлайн галерею на свадьбе	wedding	direct	Свадебная поведенческая формулировка
2350	Другие мероприятия	Действия гостей	участники могут добавить фото в онлайн галерею на мероприятии	event	near	Event поведенческая формулировка
2351	Прямой продукт	Действия гостей	гости могут поделиться фото по qr коду	product	direct	Поведенческие формулировки гостей
2352	Прямой продукт	Действия гостей	как гостям поделиться фото по qr коду	problem	direct	Поведенческие формулировки гостей
2353	Свадьба	Действия гостей	гости могут поделиться фото по qr коду на свадьбе	wedding	direct	Свадебная поведенческая формулировка
2354	Другие мероприятия	Действия гостей	участники могут поделиться фото по qr коду на мероприятии	event	near	Event поведенческая формулировка
2355	Прямой продукт	Действия гостей	гости могут поделиться фото по ссылке	product	direct	Поведенческие формулировки гостей
2356	Прямой продукт	Действия гостей	как гостям поделиться фото по ссылке	problem	direct	Поведенческие формулировки гостей
2357	Свадьба	Действия гостей	гости могут поделиться фото по ссылке на свадьбе	wedding	direct	Свадебная поведенческая формулировка
2358	Другие мероприятия	Действия гостей	участники могут поделиться фото по ссылке на мероприятии	event	near	Event поведенческая формулировка
2359	Прямой продукт	Действия гостей	гости могут поделиться фото без приложения	product	direct	Поведенческие формулировки гостей
2360	Прямой продукт	Действия гостей	как гостям поделиться фото без приложения	problem	direct	Поведенческие формулировки гостей
2361	Свадьба	Действия гостей	гости могут поделиться фото без приложения на свадьбе	wedding	direct	Свадебная поведенческая формулировка
2362	Другие мероприятия	Действия гостей	участники могут поделиться фото без приложения на мероприятии	event	near	Event поведенческая формулировка
2363	Прямой продукт	Действия гостей	гости могут поделиться фото с телефона	product	direct	Поведенческие формулировки гостей
2364	Прямой продукт	Действия гостей	как гостям поделиться фото с телефона	problem	direct	Поведенческие формулировки гостей
2365	Свадьба	Действия гостей	гости могут поделиться фото с телефона на свадьбе	wedding	direct	Свадебная поведенческая формулировка
2366	Другие мероприятия	Действия гостей	участники могут поделиться фото с телефона на мероприятии	event	near	Event поведенческая формулировка
2367	Прямой продукт	Действия гостей	гости могут поделиться фото через браузер	product	direct	Поведенческие формулировки гостей
2368	Прямой продукт	Действия гостей	как гостям поделиться фото через браузер	problem	direct	Поведенческие формулировки гостей
2369	Свадьба	Действия гостей	гости могут поделиться фото через браузер на свадьбе	wedding	direct	Свадебная поведенческая формулировка
2370	Другие мероприятия	Действия гостей	участники могут поделиться фото через браузер на мероприятии	event	near	Event поведенческая формулировка
2371	Прямой продукт	Действия гостей	гости могут поделиться фото без регистрации	product	direct	Поведенческие формулировки гостей
2372	Прямой продукт	Действия гостей	как гостям поделиться фото без регистрации	problem	direct	Поведенческие формулировки гостей
2373	Свадьба	Действия гостей	гости могут поделиться фото без регистрации на свадьбе	wedding	direct	Свадебная поведенческая формулировка
2374	Другие мероприятия	Действия гостей	участники могут поделиться фото без регистрации на мероприятии	event	near	Event поведенческая формулировка
2375	Прямой продукт	Действия гостей	гости могут поделиться фото в общий альбом	product	direct	Поведенческие формулировки гостей
2376	Прямой продукт	Действия гостей	как гостям поделиться фото в общий альбом	problem	direct	Поведенческие формулировки гостей
2377	Свадьба	Действия гостей	гости могут поделиться фото в общий альбом на свадьбе	wedding	direct	Свадебная поведенческая формулировка
2378	Другие мероприятия	Действия гостей	участники могут поделиться фото в общий альбом на мероприятии	event	near	Event поведенческая формулировка
2379	Прямой продукт	Действия гостей	гости могут поделиться фото в онлайн галерею	product	direct	Поведенческие формулировки гостей
2380	Прямой продукт	Действия гостей	как гостям поделиться фото в онлайн галерею	problem	direct	Поведенческие формулировки гостей
2381	Свадьба	Действия гостей	гости могут поделиться фото в онлайн галерею на свадьбе	wedding	direct	Свадебная поведенческая формулировка
2382	Другие мероприятия	Действия гостей	участники могут поделиться фото в онлайн галерею на мероприятии	event	near	Event поведенческая формулировка
2383	Прямой продукт	Действия гостей	гости могут скинуть фото по qr коду	product	direct	Поведенческие формулировки гостей
2384	Прямой продукт	Действия гостей	как гостям скинуть фото по qr коду	problem	direct	Поведенческие формулировки гостей
2385	Свадьба	Действия гостей	гости могут скинуть фото по qr коду на свадьбе	wedding	direct	Свадебная поведенческая формулировка
2386	Другие мероприятия	Действия гостей	участники могут скинуть фото по qr коду на мероприятии	event	near	Event поведенческая формулировка
2387	Прямой продукт	Действия гостей	гости могут скинуть фото по ссылке	product	direct	Поведенческие формулировки гостей
2388	Прямой продукт	Действия гостей	как гостям скинуть фото по ссылке	problem	direct	Поведенческие формулировки гостей
2389	Свадьба	Действия гостей	гости могут скинуть фото по ссылке на свадьбе	wedding	direct	Свадебная поведенческая формулировка
2390	Другие мероприятия	Действия гостей	участники могут скинуть фото по ссылке на мероприятии	event	near	Event поведенческая формулировка
2391	Прямой продукт	Действия гостей	гости могут скинуть фото без приложения	product	direct	Поведенческие формулировки гостей
2392	Прямой продукт	Действия гостей	как гостям скинуть фото без приложения	problem	direct	Поведенческие формулировки гостей
2393	Свадьба	Действия гостей	гости могут скинуть фото без приложения на свадьбе	wedding	direct	Свадебная поведенческая формулировка
2394	Другие мероприятия	Действия гостей	участники могут скинуть фото без приложения на мероприятии	event	near	Event поведенческая формулировка
2395	Прямой продукт	Действия гостей	гости могут скинуть фото с телефона	product	direct	Поведенческие формулировки гостей
2396	Прямой продукт	Действия гостей	как гостям скинуть фото с телефона	problem	direct	Поведенческие формулировки гостей
2397	Свадьба	Действия гостей	гости могут скинуть фото с телефона на свадьбе	wedding	direct	Свадебная поведенческая формулировка
2398	Другие мероприятия	Действия гостей	участники могут скинуть фото с телефона на мероприятии	event	near	Event поведенческая формулировка
2399	Прямой продукт	Действия гостей	гости могут скинуть фото через браузер	product	direct	Поведенческие формулировки гостей
2400	Прямой продукт	Действия гостей	как гостям скинуть фото через браузер	problem	direct	Поведенческие формулировки гостей
2401	Свадьба	Действия гостей	гости могут скинуть фото через браузер на свадьбе	wedding	direct	Свадебная поведенческая формулировка
2402	Другие мероприятия	Действия гостей	участники могут скинуть фото через браузер на мероприятии	event	near	Event поведенческая формулировка
2403	Прямой продукт	Действия гостей	гости могут скинуть фото без регистрации	product	direct	Поведенческие формулировки гостей
2404	Прямой продукт	Действия гостей	как гостям скинуть фото без регистрации	problem	direct	Поведенческие формулировки гостей
2405	Свадьба	Действия гостей	гости могут скинуть фото без регистрации на свадьбе	wedding	direct	Свадебная поведенческая формулировка
2406	Другие мероприятия	Действия гостей	участники могут скинуть фото без регистрации на мероприятии	event	near	Event поведенческая формулировка
2407	Прямой продукт	Действия гостей	гости могут скинуть фото в общий альбом	product	direct	Поведенческие формулировки гостей
2408	Прямой продукт	Действия гостей	как гостям скинуть фото в общий альбом	problem	direct	Поведенческие формулировки гостей
2409	Свадьба	Действия гостей	гости могут скинуть фото в общий альбом на свадьбе	wedding	direct	Свадебная поведенческая формулировка
2410	Другие мероприятия	Действия гостей	участники могут скинуть фото в общий альбом на мероприятии	event	near	Event поведенческая формулировка
2411	Прямой продукт	Действия гостей	гости могут скинуть фото в онлайн галерею	product	direct	Поведенческие формулировки гостей
2412	Прямой продукт	Действия гостей	как гостям скинуть фото в онлайн галерею	problem	direct	Поведенческие формулировки гостей
2413	Свадьба	Действия гостей	гости могут скинуть фото в онлайн галерею на свадьбе	wedding	direct	Свадебная поведенческая формулировка
2414	Другие мероприятия	Действия гостей	участники могут скинуть фото в онлайн галерею на мероприятии	event	near	Event поведенческая формулировка
2415	Прямой продукт	Действия гостей	гости могут загрузить фото в альбом по qr коду	product	direct	Поведенческие формулировки гостей
2416	Прямой продукт	Действия гостей	как гостям загрузить фото в альбом по qr коду	problem	direct	Поведенческие формулировки гостей
2417	Свадьба	Действия гостей	гости могут загрузить фото в альбом по qr коду на свадьбе	wedding	direct	Свадебная поведенческая формулировка
2418	Другие мероприятия	Действия гостей	участники могут загрузить фото в альбом по qr коду на мероприятии	event	near	Event поведенческая формулировка
2419	Прямой продукт	Действия гостей	гости могут загрузить фото в альбом по ссылке	product	direct	Поведенческие формулировки гостей
2420	Прямой продукт	Действия гостей	как гостям загрузить фото в альбом по ссылке	problem	direct	Поведенческие формулировки гостей
2421	Свадьба	Действия гостей	гости могут загрузить фото в альбом по ссылке на свадьбе	wedding	direct	Свадебная поведенческая формулировка
2422	Другие мероприятия	Действия гостей	участники могут загрузить фото в альбом по ссылке на мероприятии	event	near	Event поведенческая формулировка
2423	Прямой продукт	Действия гостей	гости могут загрузить фото в альбом без приложения	product	direct	Поведенческие формулировки гостей
2424	Прямой продукт	Действия гостей	как гостям загрузить фото в альбом без приложения	problem	direct	Поведенческие формулировки гостей
2425	Свадьба	Действия гостей	гости могут загрузить фото в альбом без приложения на свадьбе	wedding	direct	Свадебная поведенческая формулировка
2426	Другие мероприятия	Действия гостей	участники могут загрузить фото в альбом без приложения на мероприятии	event	near	Event поведенческая формулировка
2427	Прямой продукт	Действия гостей	гости могут загрузить фото в альбом с телефона	product	direct	Поведенческие формулировки гостей
2428	Прямой продукт	Действия гостей	как гостям загрузить фото в альбом с телефона	problem	direct	Поведенческие формулировки гостей
2429	Свадьба	Действия гостей	гости могут загрузить фото в альбом с телефона на свадьбе	wedding	direct	Свадебная поведенческая формулировка
2430	Другие мероприятия	Действия гостей	участники могут загрузить фото в альбом с телефона на мероприятии	event	near	Event поведенческая формулировка
2431	Прямой продукт	Действия гостей	гости могут загрузить фото в альбом через браузер	product	direct	Поведенческие формулировки гостей
2432	Прямой продукт	Действия гостей	как гостям загрузить фото в альбом через браузер	problem	direct	Поведенческие формулировки гостей
2433	Свадьба	Действия гостей	гости могут загрузить фото в альбом через браузер на свадьбе	wedding	direct	Свадебная поведенческая формулировка
2434	Другие мероприятия	Действия гостей	участники могут загрузить фото в альбом через браузер на мероприятии	event	near	Event поведенческая формулировка
2435	Прямой продукт	Действия гостей	гости могут загрузить фото в альбом без регистрации	product	direct	Поведенческие формулировки гостей
2436	Прямой продукт	Действия гостей	как гостям загрузить фото в альбом без регистрации	problem	direct	Поведенческие формулировки гостей
2437	Свадьба	Действия гостей	гости могут загрузить фото в альбом без регистрации на свадьбе	wedding	direct	Свадебная поведенческая формулировка
2438	Другие мероприятия	Действия гостей	участники могут загрузить фото в альбом без регистрации на мероприятии	event	near	Event поведенческая формулировка
2439	Прямой продукт	Действия гостей	гости могут добавить фото в галерею по qr коду	product	direct	Поведенческие формулировки гостей
2440	Прямой продукт	Действия гостей	как гостям добавить фото в галерею по qr коду	problem	direct	Поведенческие формулировки гостей
2441	Свадьба	Действия гостей	гости могут добавить фото в галерею по qr коду на свадьбе	wedding	direct	Свадебная поведенческая формулировка
2442	Другие мероприятия	Действия гостей	участники могут добавить фото в галерею по qr коду на мероприятии	event	near	Event поведенческая формулировка
2443	Прямой продукт	Действия гостей	гости могут добавить фото в галерею по ссылке	product	direct	Поведенческие формулировки гостей
2444	Прямой продукт	Действия гостей	как гостям добавить фото в галерею по ссылке	problem	direct	Поведенческие формулировки гостей
2445	Свадьба	Действия гостей	гости могут добавить фото в галерею по ссылке на свадьбе	wedding	direct	Свадебная поведенческая формулировка
2446	Другие мероприятия	Действия гостей	участники могут добавить фото в галерею по ссылке на мероприятии	event	near	Event поведенческая формулировка
2447	Прямой продукт	Действия гостей	гости могут добавить фото в галерею без приложения	product	direct	Поведенческие формулировки гостей
2448	Прямой продукт	Действия гостей	как гостям добавить фото в галерею без приложения	problem	direct	Поведенческие формулировки гостей
2449	Свадьба	Действия гостей	гости могут добавить фото в галерею без приложения на свадьбе	wedding	direct	Свадебная поведенческая формулировка
2450	Другие мероприятия	Действия гостей	участники могут добавить фото в галерею без приложения на мероприятии	event	near	Event поведенческая формулировка
2451	Прямой продукт	Действия гостей	гости могут добавить фото в галерею с телефона	product	direct	Поведенческие формулировки гостей
2452	Прямой продукт	Действия гостей	как гостям добавить фото в галерею с телефона	problem	direct	Поведенческие формулировки гостей
2453	Свадьба	Действия гостей	гости могут добавить фото в галерею с телефона на свадьбе	wedding	direct	Свадебная поведенческая формулировка
2454	Другие мероприятия	Действия гостей	участники могут добавить фото в галерею с телефона на мероприятии	event	near	Event поведенческая формулировка
2455	Прямой продукт	Действия гостей	гости могут добавить фото в галерею через браузер	product	direct	Поведенческие формулировки гостей
2456	Прямой продукт	Действия гостей	как гостям добавить фото в галерею через браузер	problem	direct	Поведенческие формулировки гостей
2457	Свадьба	Действия гостей	гости могут добавить фото в галерею через браузер на свадьбе	wedding	direct	Свадебная поведенческая формулировка
2458	Другие мероприятия	Действия гостей	участники могут добавить фото в галерею через браузер на мероприятии	event	near	Event поведенческая формулировка
2459	Прямой продукт	Действия гостей	гости могут добавить фото в галерею без регистрации	product	direct	Поведенческие формулировки гостей
2460	Прямой продукт	Действия гостей	как гостям добавить фото в галерею без регистрации	problem	direct	Поведенческие формулировки гостей
2461	Свадьба	Действия гостей	гости могут добавить фото в галерею без регистрации на свадьбе	wedding	direct	Свадебная поведенческая формулировка
2462	Другие мероприятия	Действия гостей	участники могут добавить фото в галерею без регистрации на мероприятии	event	near	Event поведенческая формулировка
2463	Прямой продукт	Фото на экран	гости видят фото на экране	screen	direct	Live-показ фото
2464	Свадьба	Фото на экран	гости видят фото на экране на свадьбе	wedding	direct	Свадебный live-показ фото
2465	Прямой продукт	Фото на экран	фото гостей появляются на экране	screen	direct	Live-показ фото
2466	Свадьба	Фото на экран	фото гостей появляются на экране на свадьбе	wedding	direct	Свадебный live-показ фото
2467	Прямой продукт	Фото на экран	гости отправляют фото на проектор	screen	direct	Live-показ фото
2468	Свадьба	Фото на экран	гости отправляют фото на проектор на свадьбе	wedding	direct	Свадебный live-показ фото
2469	Прямой продукт	Фото на экран	фото гостей идут на led экран	screen	direct	Live-показ фото
2470	Свадьба	Фото на экран	фото гостей идут на led экран на свадьбе	wedding	direct	Свадебный live-показ фото
2471	Прямой продукт	Фото на экран	фото с телефона появляются на экране	screen	direct	Live-показ фото
2472	Свадьба	Фото на экран	фото с телефона появляются на экране на свадьбе	wedding	direct	Свадебный live-показ фото
2473	Прямой продукт	Фото на экран	как вывести фото гостей на экран	screen	direct	Live-показ фото
2474	Свадьба	Фото на экран	как вывести фото гостей на экран на свадьбе	wedding	direct	Свадебный live-показ фото
2475	Прямой продукт	Фото на экран	как показать фото гостей на проекторе	screen	direct	Live-показ фото
2476	Свадьба	Фото на экран	как показать фото гостей на проекторе на свадьбе	wedding	direct	Свадебный live-показ фото
2477	Свадьба	Фото на экран	как сделать фотоленту на экране на свадьбе	wedding	direct	Свадебный live-показ фото
2478	Adjacent event planning	Гости и вовлечение	какой интерактив сделать для гостей на свадьбе	wedding	adjacent	Широкий слой вовлечения гостей
2479	Adjacent event planning	Гости и вовлечение	какую активность придумать для гостей на свадьбе	wedding	adjacent	Широкий слой вовлечения гостей
2480	Adjacent event planning	Гости и вовлечение	как собрать обратную связь от гостей на свадьбе	wedding	adjacent	Широкий слой вовлечения гостей
2481	Adjacent event planning	Гости и вовлечение	как сделать фото активность для гостей на свадьбе	wedding	near	Широкий слой вовлечения гостей
2482	Adjacent event planning	Гости и вовлечение	как сделать экран интересным для гостей на свадьбе	wedding	near	Широкий слой вовлечения гостей
2483	Adjacent event planning	Гости и вовлечение	как развлечь гостей на корпоративе	event	adjacent	Широкий слой вовлечения гостей
2484	Adjacent event planning	Гости и вовлечение	что показать гостям на корпоративе	event	adjacent	Широкий слой вовлечения гостей
2485	Adjacent event planning	Гости и вовлечение	какой интерактив сделать для гостей на корпоративе	event	adjacent	Широкий слой вовлечения гостей
2486	Adjacent event planning	Гости и вовлечение	какую активность придумать для гостей на корпоративе	event	adjacent	Широкий слой вовлечения гостей
2487	Adjacent event planning	Гости и вовлечение	как собрать обратную связь от гостей на корпоративе	event	adjacent	Широкий слой вовлечения гостей
2488	Adjacent event planning	Гости и вовлечение	как сделать фото активность для гостей на корпоративе	event	near	Широкий слой вовлечения гостей
2489	Adjacent event planning	Гости и вовлечение	как сделать экран интересным для гостей на корпоративе	event	near	Широкий слой вовлечения гостей
2490	Adjacent event planning	Гости и вовлечение	как развлечь гостей на юбилее	event	adjacent	Широкий слой вовлечения гостей
2491	Adjacent event planning	Гости и вовлечение	что показать гостям на юбилее	event	adjacent	Широкий слой вовлечения гостей
2492	Adjacent event planning	Гости и вовлечение	какой интерактив сделать для гостей на юбилее	event	adjacent	Широкий слой вовлечения гостей
2493	Adjacent event planning	Гости и вовлечение	какую активность придумать для гостей на юбилее	event	adjacent	Широкий слой вовлечения гостей
2494	Adjacent event planning	Гости и вовлечение	как собрать обратную связь от гостей на юбилее	event	adjacent	Широкий слой вовлечения гостей
2495	Adjacent event planning	Гости и вовлечение	как сделать фото активность для гостей на юбилее	event	near	Широкий слой вовлечения гостей
2496	Adjacent event planning	Гости и вовлечение	как сделать экран интересным для гостей на юбилее	event	near	Широкий слой вовлечения гостей
2497	Adjacent event planning	Гости и вовлечение	как развлечь гостей на выпускном	event	adjacent	Широкий слой вовлечения гостей
2498	Adjacent event planning	Гости и вовлечение	что показать гостям на выпускном	event	adjacent	Широкий слой вовлечения гостей
2499	Adjacent event planning	Гости и вовлечение	какой интерактив сделать для гостей на выпускном	event	adjacent	Широкий слой вовлечения гостей
2500	Adjacent event planning	Гости и вовлечение	какую активность придумать для гостей на выпускном	event	adjacent	Широкий слой вовлечения гостей
2501	Adjacent event planning	Гости и вовлечение	как собрать обратную связь от гостей на выпускном	event	adjacent	Широкий слой вовлечения гостей
2502	Adjacent event planning	Гости и вовлечение	как сделать фото активность для гостей на выпускном	event	near	Широкий слой вовлечения гостей
2503	Adjacent event planning	Гости и вовлечение	как сделать экран интересным для гостей на выпускном	event	near	Широкий слой вовлечения гостей
2504	Adjacent event planning	Гости и вовлечение	чем занять участников на конференции	event	adjacent	Широкий слой вовлечения гостей
2505	Adjacent event planning	Гости и вовлечение	как развлечь участников на конференции	event	adjacent	Широкий слой вовлечения гостей
2506	Adjacent event planning	Гости и вовлечение	как вовлечь участников на конференции	event	adjacent	Широкий слой вовлечения гостей
2507	Adjacent event planning	Гости и вовлечение	как удивить участников на конференции	event	adjacent	Широкий слой вовлечения гостей
2508	Adjacent event planning	Гости и вовлечение	что показать участникам на конференции	event	adjacent	Широкий слой вовлечения гостей
2509	Adjacent event planning	Гости и вовлечение	какой интерактив сделать для участников на конференции	event	adjacent	Широкий слой вовлечения гостей
2510	Adjacent event planning	Гости и вовлечение	какую активность придумать для участников на конференции	event	adjacent	Широкий слой вовлечения гостей
2511	Adjacent event planning	Гости и вовлечение	как собрать обратную связь от участников на конференции	event	adjacent	Широкий слой вовлечения гостей
2512	Adjacent event planning	Гости и вовлечение	как сделать фото активность для участников на конференции	event	near	Широкий слой вовлечения гостей
2513	Adjacent event planning	Гости и вовлечение	как сделать экран интересным для участников на конференции	event	near	Широкий слой вовлечения гостей
2514	Adjacent event planning	Гости и вовлечение	как развлечь гостей на вечеринке	event	adjacent	Широкий слой вовлечения гостей
2515	Adjacent event planning	Гости и вовлечение	что показать гостям на вечеринке	event	adjacent	Широкий слой вовлечения гостей
2516	Adjacent event planning	Гости и вовлечение	какой интерактив сделать для гостей на вечеринке	event	adjacent	Широкий слой вовлечения гостей
2517	Adjacent event planning	Гости и вовлечение	какую активность придумать для гостей на вечеринке	event	adjacent	Широкий слой вовлечения гостей
2518	Adjacent event planning	Гости и вовлечение	как собрать обратную связь от гостей на вечеринке	event	adjacent	Широкий слой вовлечения гостей
2519	Adjacent event planning	Гости и вовлечение	как сделать фото активность для гостей на вечеринке	event	near	Широкий слой вовлечения гостей
2520	Adjacent event planning	Гости и вовлечение	как сделать экран интересным для гостей на вечеринке	event	near	Широкий слой вовлечения гостей
2521	Свадьба	Вариации свадебных идей	интерактивы для современной свадьбы	wedding	near	Расширение свадебной семантики
2522	Свадьба	Вариации свадебных идей	развлечения для современной свадьбы	wedding	near	Расширение свадебной семантики
2523	Свадьба	Вариации свадебных идей	активности для современной свадьбы	wedding	near	Расширение свадебной семантики
2524	Свадьба	Вариации свадебных идей	фишки для современной свадьбы	wedding	near	Расширение свадебной семантики
2525	Свадьба	Вариации свадебных идей	digital фишки для современной свадьбы	wedding	near	Расширение свадебной семантики
2526	Свадьба	Вариации свадебных идей	фото идеи для современной свадьбы	wedding	near	Расширение свадебной семантики
2527	Свадьба	Вариации свадебных идей	идеи для гостей на современной свадьбе	wedding	near	Расширение свадебной семантики
2528	Свадьба	Вариации свадебных идей	идеи welcome зоны для современной свадьбы	wedding	near	Расширение свадебной семантики
2529	Свадьба	Вариации свадебных идей	идеи экрана для современной свадьбы	wedding	near	Расширение свадебной семантики
2530	Свадьба	Вариации свадебных идей	идеи для стильной свадьбы	wedding	adjacent	Расширение свадебной семантики
2531	Свадьба	Вариации свадебных идей	интерактивы для стильной свадьбы	wedding	adjacent	Расширение свадебной семантики
2532	Свадьба	Вариации свадебных идей	развлечения для стильной свадьбы	wedding	adjacent	Расширение свадебной семантики
2533	Свадьба	Вариации свадебных идей	активности для стильной свадьбы	wedding	adjacent	Расширение свадебной семантики
2534	Свадьба	Вариации свадебных идей	фишки для стильной свадьбы	wedding	adjacent	Расширение свадебной семантики
2535	Свадьба	Вариации свадебных идей	digital фишки для стильной свадьбы	wedding	adjacent	Расширение свадебной семантики
2536	Свадьба	Вариации свадебных идей	фото идеи для стильной свадьбы	wedding	adjacent	Расширение свадебной семантики
2537	Свадьба	Вариации свадебных идей	идеи для гостей на стильной свадьбе	wedding	adjacent	Расширение свадебной семантики
2538	Свадьба	Вариации свадебных идей	идеи welcome зоны для стильной свадьбы	wedding	adjacent	Расширение свадебной семантики
2539	Свадьба	Вариации свадебных идей	идеи экрана для стильной свадьбы	wedding	adjacent	Расширение свадебной семантики
2540	Свадьба	Вариации свадебных идей	идеи для камерной свадьбы	wedding	adjacent	Расширение свадебной семантики
2541	Свадьба	Вариации свадебных идей	интерактивы для камерной свадьбы	wedding	adjacent	Расширение свадебной семантики
2542	Свадьба	Вариации свадебных идей	развлечения для камерной свадьбы	wedding	adjacent	Расширение свадебной семантики
2543	Свадьба	Вариации свадебных идей	активности для камерной свадьбы	wedding	adjacent	Расширение свадебной семантики
2544	Свадьба	Вариации свадебных идей	фишки для камерной свадьбы	wedding	adjacent	Расширение свадебной семантики
2545	Свадьба	Вариации свадебных идей	digital фишки для камерной свадьбы	wedding	adjacent	Расширение свадебной семантики
2546	Свадьба	Вариации свадебных идей	фото идеи для камерной свадьбы	wedding	adjacent	Расширение свадебной семантики
2547	Свадьба	Вариации свадебных идей	идеи для гостей на камерной свадьбе	wedding	adjacent	Расширение свадебной семантики
2548	Свадьба	Вариации свадебных идей	идеи welcome зоны для камерной свадьбы	wedding	adjacent	Расширение свадебной семантики
2549	Свадьба	Вариации свадебных идей	идеи экрана для камерной свадьбы	wedding	adjacent	Расширение свадебной семантики
2550	Свадьба	Вариации свадебных идей	идеи для молодежной свадьбы	wedding	adjacent	Расширение свадебной семантики
2551	Свадьба	Вариации свадебных идей	интерактивы для молодежной свадьбы	wedding	adjacent	Расширение свадебной семантики
2552	Свадьба	Вариации свадебных идей	развлечения для молодежной свадьбы	wedding	adjacent	Расширение свадебной семантики
2553	Свадьба	Вариации свадебных идей	активности для молодежной свадьбы	wedding	adjacent	Расширение свадебной семантики
2554	Свадьба	Вариации свадебных идей	фишки для молодежной свадьбы	wedding	adjacent	Расширение свадебной семантики
2555	Свадьба	Вариации свадебных идей	digital фишки для молодежной свадьбы	wedding	adjacent	Расширение свадебной семантики
2556	Свадьба	Вариации свадебных идей	фото идеи для молодежной свадьбы	wedding	adjacent	Расширение свадебной семантики
2557	Свадьба	Вариации свадебных идей	идеи для гостей на молодежной свадьбе	wedding	adjacent	Расширение свадебной семантики
2558	Свадьба	Вариации свадебных идей	идеи welcome зоны для молодежной свадьбы	wedding	adjacent	Расширение свадебной семантики
2559	Свадьба	Вариации свадебных идей	идеи экрана для молодежной свадьбы	wedding	adjacent	Расширение свадебной семантики
2560	Свадьба	Вариации свадебных идей	идеи для уютной свадьбы	wedding	adjacent	Расширение свадебной семантики
2561	Свадьба	Вариации свадебных идей	интерактивы для уютной свадьбы	wedding	adjacent	Расширение свадебной семантики
2562	Свадьба	Вариации свадебных идей	развлечения для уютной свадьбы	wedding	adjacent	Расширение свадебной семантики
2563	Свадьба	Вариации свадебных идей	активности для уютной свадьбы	wedding	adjacent	Расширение свадебной семантики
2564	Свадьба	Вариации свадебных идей	фишки для уютной свадьбы	wedding	adjacent	Расширение свадебной семантики
2565	Свадьба	Вариации свадебных идей	digital фишки для уютной свадьбы	wedding	adjacent	Расширение свадебной семантики
2566	Свадьба	Вариации свадебных идей	фото идеи для уютной свадьбы	wedding	adjacent	Расширение свадебной семантики
2567	Свадьба	Вариации свадебных идей	идеи для гостей на уютной свадьбе	wedding	adjacent	Расширение свадебной семантики
2568	Свадьба	Вариации свадебных идей	идеи welcome зоны для уютной свадьбы	wedding	adjacent	Расширение свадебной семантики
2569	Свадьба	Вариации свадебных идей	идеи экрана для уютной свадьбы	wedding	adjacent	Расширение свадебной семантики
2570	Свадьба	Вариации свадебных идей	идеи для необычной свадьбы	wedding	adjacent	Расширение свадебной семантики
2571	Свадьба	Вариации свадебных идей	интерактивы для необычной свадьбы	wedding	adjacent	Расширение свадебной семантики
2572	Свадьба	Вариации свадебных идей	развлечения для необычной свадьбы	wedding	adjacent	Расширение свадебной семантики
2573	Свадьба	Вариации свадебных идей	активности для необычной свадьбы	wedding	adjacent	Расширение свадебной семантики
2574	Свадьба	Вариации свадебных идей	фишки для необычной свадьбы	wedding	adjacent	Расширение свадебной семантики
2575	Свадьба	Вариации свадебных идей	digital фишки для необычной свадьбы	wedding	adjacent	Расширение свадебной семантики
2576	Свадьба	Вариации свадебных идей	фото идеи для необычной свадьбы	wedding	adjacent	Расширение свадебной семантики
2577	Свадьба	Вариации свадебных идей	идеи для гостей на необычной свадьбе	wedding	adjacent	Расширение свадебной семантики
2578	Свадьба	Вариации свадебных идей	идеи welcome зоны для необычной свадьбы	wedding	adjacent	Расширение свадебной семантики
2579	Свадьба	Вариации свадебных идей	идеи экрана для необычной свадьбы	wedding	adjacent	Расширение свадебной семантики
2580	Свадьба	Вариации свадебных идей	идеи для свадьбы без конкурсов	wedding	adjacent	Расширение свадебной семантики
2581	Свадьба	Вариации свадебных идей	интерактивы для свадьбы без конкурсов	wedding	adjacent	Расширение свадебной семантики
2582	Свадьба	Вариации свадебных идей	развлечения для свадьбы без конкурсов	wedding	adjacent	Расширение свадебной семантики
2583	Свадьба	Вариации свадебных идей	активности для свадьбы без конкурсов	wedding	adjacent	Расширение свадебной семантики
2584	Свадьба	Вариации свадебных идей	фишки для свадьбы без конкурсов	wedding	adjacent	Расширение свадебной семантики
2585	Свадьба	Вариации свадебных идей	digital фишки для свадьбы без конкурсов	wedding	adjacent	Расширение свадебной семантики
2586	Свадьба	Вариации свадебных идей	фото идеи для свадьбы без конкурсов	wedding	adjacent	Расширение свадебной семантики
2587	Свадьба	Вариации свадебных идей	идеи для гостей на свадьбе без конкурсов	wedding	adjacent	Расширение свадебной семантики
2588	Свадьба	Вариации свадебных идей	идеи welcome зоны для свадьбы без конкурсов	wedding	adjacent	Расширение свадебной семантики
2589	Свадьба	Вариации свадебных идей	идеи экрана для свадьбы без конкурсов	wedding	adjacent	Расширение свадебной семантики
2590	Свадьба	Вариации свадебных идей	идеи для свадьбы без кринжа	wedding	adjacent	Расширение свадебной семантики
2591	Свадьба	Вариации свадебных идей	интерактивы для свадьбы без кринжа	wedding	adjacent	Расширение свадебной семантики
2592	Свадьба	Вариации свадебных идей	развлечения для свадьбы без кринжа	wedding	adjacent	Расширение свадебной семантики
2593	Свадьба	Вариации свадебных идей	активности для свадьбы без кринжа	wedding	adjacent	Расширение свадебной семантики
2594	Свадьба	Вариации свадебных идей	фишки для свадьбы без кринжа	wedding	adjacent	Расширение свадебной семантики
2595	Свадьба	Вариации свадебных идей	digital фишки для свадьбы без кринжа	wedding	adjacent	Расширение свадебной семантики
2596	Свадьба	Вариации свадебных идей	фото идеи для свадьбы без кринжа	wedding	adjacent	Расширение свадебной семантики
2597	Свадьба	Вариации свадебных идей	идеи для гостей на свадьбе без кринжа	wedding	adjacent	Расширение свадебной семантики
2598	Свадьба	Вариации свадебных идей	идеи welcome зоны для свадьбы без кринжа	wedding	adjacent	Расширение свадебной семантики
2599	Свадьба	Вариации свадебных идей	идеи экрана для свадьбы без кринжа	wedding	adjacent	Расширение свадебной семантики
2600	Свадьба	Вариации свадебных идей	интерактивы для свадьбы с экраном	wedding	near	Расширение свадебной семантики
2601	Свадьба	Вариации свадебных идей	развлечения для свадьбы с экраном	wedding	near	Расширение свадебной семантики
2602	Свадьба	Вариации свадебных идей	активности для свадьбы с экраном	wedding	near	Расширение свадебной семантики
2603	Свадьба	Вариации свадебных идей	фишки для свадьбы с экраном	wedding	near	Расширение свадебной семантики
2604	Свадьба	Вариации свадебных идей	digital фишки для свадьбы с экраном	wedding	near	Расширение свадебной семантики
2605	Свадьба	Вариации свадебных идей	фото идеи для свадьбы с экраном	wedding	near	Расширение свадебной семантики
2606	Свадьба	Вариации свадебных идей	идеи для гостей на свадьбе с экраном	wedding	near	Расширение свадебной семантики
2607	Свадьба	Вариации свадебных идей	идеи welcome зоны для свадьбы с экраном	wedding	near	Расширение свадебной семантики
2608	Свадьба	Вариации свадебных идей	идеи экрана для свадьбы с экраном	wedding	near	Расширение свадебной семантики
2609	Свадьба	Вариации свадебных идей	интерактивы для свадьбы с проектором	wedding	near	Расширение свадебной семантики
2610	Свадьба	Вариации свадебных идей	развлечения для свадьбы с проектором	wedding	near	Расширение свадебной семантики
2611	Свадьба	Вариации свадебных идей	активности для свадьбы с проектором	wedding	near	Расширение свадебной семантики
2612	Свадьба	Вариации свадебных идей	фишки для свадьбы с проектором	wedding	near	Расширение свадебной семантики
2613	Свадьба	Вариации свадебных идей	digital фишки для свадьбы с проектором	wedding	near	Расширение свадебной семантики
2614	Свадьба	Вариации свадебных идей	фото идеи для свадьбы с проектором	wedding	near	Расширение свадебной семантики
2615	Свадьба	Вариации свадебных идей	идеи для гостей на свадьбе с проектором	wedding	near	Расширение свадебной семантики
2616	Свадьба	Вариации свадебных идей	идеи welcome зоны для свадьбы с проектором	wedding	near	Расширение свадебной семантики
2617	Свадьба	Вариации свадебных идей	идеи экрана для свадьбы с проектором	wedding	near	Расширение свадебной семантики
2618	Свадьба	Вариации свадебных идей	идеи для свадьбы на природе	wedding	adjacent	Расширение свадебной семантики
2619	Свадьба	Вариации свадебных идей	интерактивы для свадьбы на природе	wedding	adjacent	Расширение свадебной семантики
2620	Свадьба	Вариации свадебных идей	развлечения для свадьбы на природе	wedding	adjacent	Расширение свадебной семантики
2621	Свадьба	Вариации свадебных идей	активности для свадьбы на природе	wedding	adjacent	Расширение свадебной семантики
2622	Свадьба	Вариации свадебных идей	фишки для свадьбы на природе	wedding	adjacent	Расширение свадебной семантики
2623	Свадьба	Вариации свадебных идей	digital фишки для свадьбы на природе	wedding	adjacent	Расширение свадебной семантики
2624	Свадьба	Вариации свадебных идей	фото идеи для свадьбы на природе	wedding	adjacent	Расширение свадебной семантики
2625	Свадьба	Вариации свадебных идей	идеи для гостей на свадьбе на природе	wedding	adjacent	Расширение свадебной семантики
2626	Свадьба	Вариации свадебных идей	идеи welcome зоны для свадьбы на природе	wedding	adjacent	Расширение свадебной семантики
2627	Свадьба	Вариации свадебных идей	идеи экрана для свадьбы на природе	wedding	adjacent	Расширение свадебной семантики
2628	Свадьба	Вариации свадебных идей	идеи для свадьбы в ресторане	wedding	adjacent	Расширение свадебной семантики
2629	Свадьба	Вариации свадебных идей	интерактивы для свадьбы в ресторане	wedding	adjacent	Расширение свадебной семантики
2630	Свадьба	Вариации свадебных идей	развлечения для свадьбы в ресторане	wedding	adjacent	Расширение свадебной семантики
2631	Свадьба	Вариации свадебных идей	активности для свадьбы в ресторане	wedding	adjacent	Расширение свадебной семантики
2632	Свадьба	Вариации свадебных идей	фишки для свадьбы в ресторане	wedding	adjacent	Расширение свадебной семантики
2633	Свадьба	Вариации свадебных идей	digital фишки для свадьбы в ресторане	wedding	adjacent	Расширение свадебной семантики
2634	Свадьба	Вариации свадебных идей	фото идеи для свадьбы в ресторане	wedding	adjacent	Расширение свадебной семантики
2635	Свадьба	Вариации свадебных идей	идеи для гостей на свадьбе в ресторане	wedding	adjacent	Расширение свадебной семантики
2636	Свадьба	Вариации свадебных идей	идеи welcome зоны для свадьбы в ресторане	wedding	adjacent	Расширение свадебной семантики
2637	Свадьба	Вариации свадебных идей	идеи экрана для свадьбы в ресторане	wedding	adjacent	Расширение свадебной семантики
2638	Свадьба	Вариации свадебных идей	идеи для небольшой свадьбы	wedding	adjacent	Расширение свадебной семантики
2639	Свадьба	Вариации свадебных идей	интерактивы для небольшой свадьбы	wedding	adjacent	Расширение свадебной семантики
2640	Свадьба	Вариации свадебных идей	развлечения для небольшой свадьбы	wedding	adjacent	Расширение свадебной семантики
2641	Свадьба	Вариации свадебных идей	активности для небольшой свадьбы	wedding	adjacent	Расширение свадебной семантики
2642	Свадьба	Вариации свадебных идей	фишки для небольшой свадьбы	wedding	adjacent	Расширение свадебной семантики
2643	Свадьба	Вариации свадебных идей	digital фишки для небольшой свадьбы	wedding	adjacent	Расширение свадебной семантики
2644	Свадьба	Вариации свадебных идей	фото идеи для небольшой свадьбы	wedding	adjacent	Расширение свадебной семантики
2645	Свадьба	Вариации свадебных идей	идеи для гостей на небольшой свадьбе	wedding	adjacent	Расширение свадебной семантики
2646	Свадьба	Вариации свадебных идей	идеи welcome зоны для небольшой свадьбы	wedding	adjacent	Расширение свадебной семантики
2647	Свадьба	Вариации свадебных идей	идеи экрана для небольшой свадьбы	wedding	adjacent	Расширение свадебной семантики
2648	Свадьба	Вариации свадебных идей	идеи для большой свадьбы	wedding	adjacent	Расширение свадебной семантики
2649	Свадьба	Вариации свадебных идей	интерактивы для большой свадьбы	wedding	adjacent	Расширение свадебной семантики
2650	Свадьба	Вариации свадебных идей	развлечения для большой свадьбы	wedding	adjacent	Расширение свадебной семантики
2651	Свадьба	Вариации свадебных идей	активности для большой свадьбы	wedding	adjacent	Расширение свадебной семантики
2652	Свадьба	Вариации свадебных идей	фишки для большой свадьбы	wedding	adjacent	Расширение свадебной семантики
2653	Свадьба	Вариации свадебных идей	digital фишки для большой свадьбы	wedding	adjacent	Расширение свадебной семантики
2654	Свадьба	Вариации свадебных идей	фото идеи для большой свадьбы	wedding	adjacent	Расширение свадебной семантики
2655	Свадьба	Вариации свадебных идей	идеи для гостей на большой свадьбе	wedding	adjacent	Расширение свадебной семантики
2656	Свадьба	Вариации свадебных идей	идеи welcome зоны для большой свадьбы	wedding	adjacent	Расширение свадебной семантики
2657	Свадьба	Вариации свадебных идей	идеи экрана для большой свадьбы	wedding	adjacent	Расширение свадебной семантики
